subject_id,group,split,feature_0,feature_1,feature_2,feature_3,feature_4,feature_5,feature_6,feature_7,feature_8,feature_9,feature_10,feature_11,feature_12,feature_13,feature_14,feature_15,feature_16,feature_17,feature_18,feature_19,feature_20,feature_21,feature_22,feature_23,feature_24,feature_25,feature_26,feature_27,feature_28,feature_29,feature_30,feature_31,feature_32,feature_33,feature_34,feature_35,feature_36,feature_37,feature_38,feature_39,feature_40,feature_41,feature_42,feature_43,feature_44,feature_45,feature_46,feature_47,feature_48,feature_49,feature_50,feature_51,feature_52,feature_53,feature_54,feature_55,feature_56,feature_57,feature_58,feature_59,feature_60,feature_61,feature_62,feature_63,feature_64,feature_65,feature_66,feature_67,feature_68,feature_69,feature_70,feature_71,feature_72,feature_73,feature_74,feature_75,feature_76,feature_77,feature_78,feature_79,feature_80,feature_81,feature_82,feature_83,feature_84,feature_85,feature_86,feature_87,feature_88,feature_89,feature_90,feature_91,feature_92,feature_93,feature_94,feature_95,feature_96,feature_97,feature_98,feature_99,feature_100,feature_101,feature_102,feature_103,feature_104,feature_105,feature_106,feature_107,feature_108,feature_109,feature_110,feature_111,feature_112,feature_113,feature_114,feature_115,feature_116,feature_117,feature_118,feature_119,feature_120,feature_121,feature_122,feature_123,feature_124,feature_125,feature_126,feature_127,feature_128,feature_129,feature_130,feature_131,feature_132,feature_133,feature_134,feature_135,feature_136,feature_137,feature_138,feature_139,feature_140,feature_141,feature_142,feature_143,feature_144,feature_145,feature_146,feature_147,feature_148,feature_149,feature_150,feature_151,feature_152,feature_153,feature_154,feature_155,feature_156,feature_157,feature_158,feature_159,feature_160,feature_161,feature_162,feature_163,feature_164,feature_165,feature_166,feature_167,feature_168,feature_169,feature_170,feature_171,feature_172,feature_173,feature_174,feature_175,feature_176,feature_177,feature_178,feature_179,feature_180,feature_181,feature_182,feature_183,feature_184,feature_185,feature_186,feature_187,feature_188,feature_189,feature_190,feature_191,feature_192,feature_193,feature_194,feature_195,feature_196,feature_197,feature_198,feature_199,feature_200,feature_201,feature_202,feature_203,feature_204,feature_205,feature_206,feature_207,feature_208,feature_209,feature_210,feature_211,feature_212,feature_213,feature_214,feature_215,feature_216,feature_217,feature_218,feature_219,feature_220,feature_221,feature_222,feature_223,feature_224,feature_225,feature_226,feature_227,feature_228,feature_229,feature_230,feature_231,feature_232,feature_233,feature_234,feature_235,feature_236,feature_237,feature_238,feature_239,feature_240,feature_241,feature_242,feature_243,feature_244,feature_245,feature_246,feature_247,feature_248,feature_249,feature_250,feature_251,feature_252,feature_253,feature_254,feature_255
100_S_0015,CN,train,0.11538375169038773,1.111316204071045,0.0,0.0,0.0,0.0,0.0,0.9165897965431213,0.5106252431869507,0.34271445870399475,0.0,0.0,0.0,0.0,1.1179264783859253,0.0,0.0,0.0,0.0,0.0,0.0,0.0,1.0031262636184692,0.0,0.0,0.0,0.0,0.49622663855552673,0.0,0.0,0.7395625114440918,0.12184321880340576,0.0,0.0,0.0,0.0,0.0,0.23288869857788086,0.7754738926887512,0.0,0.0,0.0,0.0,0.0,0.0,0.0,1.2523263692855835,0.0,0.0,0.0,0.0,0.4068702757358551,0.0,0.0,0.42012321949005127,0.33129096031188965,0.0,0.0,0.7906410694122314,0.8151159286499023,0.03700690716505051,0.0,0.0,0.0,0.0,0.0,0.0,0.17440302670001984,1.5077394247055054,0.0,0.0,0.0,0.0,0.0,0.0,0.038792598992586136,0.0,0.634937584400177,0.0,0.47213470935821533,0.0,0.49858537316322327,0.0,0.00018698933126870543,0.0,0.0,0.0,0.0,0.31155192852020264,0.0,0.4089202880859375,0.0734335258603096,0.0,0.5623719096183777,0.0,0.0,0.0,0.0,0.0,0.0,0.0,0.0,0.013648093678057194,0.0,0.0,0.0,0.0,0.0,0.12182869762182236,0.0,0.0,0.0,0.0,0.0,0.2587893605232239,0.0,0.09388727694749832,0.0,0.5199244618415833,0.7257655262947083,0.148320734500885,0.0,0.5221611857414246,0.0,0.0,0.0,0.0,0.0,0.0,0.0,0.0,0.0,0.0,0.0,0.0,0.0,0.0,0.0,0.0,0.0,0.0,0.0,0.0,0.4852198660373688,0.0,0.5464633107185364,0.011096813715994358,0.0,0.0,0.0,0.11324948817491531,0.0,0.0,0.0,0.0,0.20252454280853271,0.0,0.0,0.0,0.0,0.0,0.0,0.0,0.0,0.0,0.0,0.003403697395697236,0.0,0.0,0.16794800758361816,0.0030509254429489374,0.00561667000874877,0.20905791223049164,0.0,0.45989522337913513,0.6601150035858154,0.0,0.0,0.0,0.0978308916091919,0.0,0.0,0.0,0.0,0.0,0.0,0.34600913524627686,0.0,0.0,0.0,0.0,0.0021453388035297394,0.0,0.7320178151130676,0.0,0.0,0.0,0.0,0.0,0.8022365570068359,0.0,0.0,0.0,0.0,0.0,0.0,0.0,0.0,0.0,0.0,0.7761035561561584,0.0,0.0,0.0,0.0,0.9278013706207275,0.0,0.0,0.989406406879425,0.0,0.0,0.0,0.06484497338533401,0.0,0.0,0.07301226258277893,0.0011819095816463232,0.0,0.0,0.20716774463653564,0.0,0.0,0.2739884555339813,1.318376064300537,0.0,0.0,0.0,0.0,0.0,0.0,0.0,0.6245129108428955,0.0,0.0,0.17370115220546722,0.0,0.0,0.0,0.0,0.0,0.0,0.0,0.0,0.0,0.0,0.23448699712753296
018_S_0425,CN,train,0.3080512285232544,2.34232497215271,0.0,0.04333481192588806,0.0,0.0,0.0,1.2269911766052246,0.8421815037727356,0.6544720530509949,0.0,0.0,0.0,0.0,1.9839242696762085,0.009408707730472088,0.0,0.0,0.0,0.0,0.0,0.0,2.080002546310425,0.0,0.0,0.0,0.0,0.7895076870918274,0.0,0.0,1.3119884729385376,0.029220035299658775,0.0,0.0,0.0,0.0,0.0,0.5136920809745789,1.426580786705017,0.0,0.0,0.0,0.030705386772751808,0.0,0.0,0.0,2.4569783210754395,0.0,0.0,0.02340005338191986,0.0,0.7466478943824768,0.0,0.0,0.7854581475257874,0.9311461448669434,0.0,0.0,0.9968826770782471,1.5186514854431152,0.14472733438014984,0.0,0.0,0.0,0.0,0.0,0.0,0.37068721652030945,2.8265552520751953,0.0,0.0,0.0,0.0,0.0,0.0,0.05745014548301697,0.0,1.0193747282028198,0.0,0.8895719647407532,0.0,1.131894588470459,0.0,0.0026828162372112274,0.0,0.0,0.0,0.0,0.4190354645252228,0.0,0.7043365836143494,0.06492332369089127,0.0,0.9314441084861755,0.0,0.0,0.0,0.045530881732702255,0.0,0.0,0.0,0.0071169654838740826,0.0,0.0,0.0,0.0,0.0,0.0,0.2446761578321457,0.0,0.0,0.0,0.0,0.0,0.46684813499450684,0.0,0.03220256790518761,0.0,1.0573028326034546,1.2773228883743286,0.39770111441612244,0.0,0.7321015000343323,0.0,0.0,0.0,0.0,0.0,0.0,0.0,0.0,0.0,0.0,0.008199977688491344,0.0,0.0,0.0,0.0,0.0,0.0,0.0,0.0,0.0,0.613670825958252,0.0,0.815873920917511,0.04214087128639221,0.0,0.0,0.0,0.03773800656199455,0.0,0.0,0.0,0.0,0.261281818151474,0.0,0.0,0.0,0.0,0.0,0.0,0.0,0.0,0.0,0.0,0.07919397950172424,0.0260937437415123,0.0,0.25681957602500916,0.0015488500939682126,0.0,0.8051765561103821,0.0,0.9254466891288757,1.3346449136734009,0.0,0.0,0.0,0.22645755112171173,0.0,0.0,0.0,0.005626889411360025,0.0,0.014834675937891006,0.5493312478065491,0.0,0.0,0.0,0.0,0.0,0.0,1.1098541021347046,0.0,0.0,0.0,0.0,0.0,1.332950234413147,0.0,0.00514833303168416,0.0,0.0,0.0,0.0,0.0,0.0,0.0,0.0,1.418623447418213,0.0,0.0,0.0,0.0,1.3899017572402954,0.0,0.0,1.9005427360534668,0.0,0.0,0.0,0.05700495466589928,0.0,0.0,0.4087165892124176,0.08683910220861435,0.0,0.005881816614419222,0.2341599464416504,0.0,0.0,0.8415870666503906,2.2856945991516113,0.0,0.0,0.0,0.0,0.0,0.0,0.0,1.147929310798645,0.0,0.0,0.5319159030914307,0.0,0.0,0.0,0.0,0.0,0.0,0.0,0.0,0.0,0.0,0.6946597099304199
012_S_1009,CN,train,0.035167645663022995,1.639085292816162,0.005256651435047388,0.06572210788726807,0.0,0.0,0.0,0.16564281284809113,0.25803467631340027,0.0788336843252182,0.0,0.0,0.0,0.0,1.2741193771362305,0.14838866889476776,0.0,0.0,0.0,0.0,0.019397586584091187,0.0,1.4029197692871094,0.0,0.0,0.0,0.0,0.696395218372345,0.0,0.0,0.8608596920967102,0.0014121755957603455,0.0,0.0,0.0,0.0,0.0,0.501311719417572,0.7555289268493652,0.0,0.0,0.0,0.0,0.0,0.0,0.0,1.5793037414550781,0.0,0.0,0.061135709285736084,0.0,0.09420537203550339,0.0,0.0,0.08128530532121658,0.08564326167106628,0.0,0.0,0.19515900313854218,1.087388038635254,0.01202473510056734,0.0,0.0,0.0,0.006327938288450241,0.0,0.0,0.027010956779122353,1.6529923677444458,0.0,0.0,0.0,0.0,0.0,0.0,0.15487518906593323,0.0,0.62367182970047,0.0,0.12883706390857697,0.0,0.9225735664367676,0.0,0.0,0.0,0.0,0.0,0.0,0.6562025547027588,0.0,0.07129385322332382,0.09854689985513687,0.0,0.15678830444812775,0.0,0.0,0.0,0.00662936270236969,0.0,0.0,0.008863088674843311,0.0,0.0,0.0,0.0,0.0,0.0,0.01953318901360035,0.3209638297557831,0.025706706568598747,0.0,0.0,0.0,0.0,0.03394225239753723,0.0,0.00015141608309932053,0.0,0.07238240540027618,0.19371022284030914,0.08010762184858322,0.0,0.8193840980529785,0.0,0.0,0.0,0.0,0.0,0.0,0.0029228946659713984,0.0,0.0,0.0,0.1065361276268959,0.0,0.0,0.0,0.0,0.0,0.0,0.0,0.0,0.0,0.135889932513237,0.0,0.12998664379119873,0.0,0.0,0.0,0.0,0.025122322142124176,0.0,0.0,0.0,0.0,0.04660380259156227,0.0,0.0,0.0,0.018952656537294388,0.0,0.0,0.0,0.023034676909446716,0.0,0.0,0.10953503847122192,0.008653772063553333,0.0,0.0,0.0,0.0,0.0,0.0,0.6048621535301208,0.15301015973091125,0.22106541693210602,0.0,0.0,0.012843542732298374,0.0,0.0,0.03740737959742546,0.0,0.0,0.0101790064945817,0.026510199531912804,0.0,0.0,0.0,0.0,0.0,0.0,0.46412429213523865,0.0,0.0,0.0,0.0,0.0,0.9183338284492493,0.0,0.017758311703801155,0.0,0.0,0.0,0.0,0.0,0.0,0.0,0.0,1.1461142301559448,0.0,0.0,0.0,0.0,1.0376802682876587,0.0,0.0,1.3991204500198364,0.0,0.0,0.0,0.12670733034610748,0.0,0.0,0.19951499998569489,0.0,0.0,0.08358010649681091,0.029154764488339424,0.0,0.0,0.5967403054237366,1.5787149667739868,0.0,0.0,0.0,0.0,0.0,0.0,0.0,0.8254817128181458,0.0,0.0,0.17575691640377045,0.0,0.0,0.0,0.0,0.0,0.0,0.0,0.0,0.0,0.0,0.05947190895676613
023_S_0604,MCI,train,0.563334584236145,2.575709342956543,0.2834559679031372,0.25992822647094727,0.0,0.0,0.0,1.5154409408569336,0.7407491207122803,1.0569576025009155,0.0,0.0,0.0,0.0,2.3561599254608154,0.23457063734531403,0.0,0.0,0.11403597146272659,0.0,0.19536280632019043,0.0025401718448847532,2.311126708984375,0.0,0.0,0.0,0.0,1.3343316316604614,0.28161659836769104,0.25821471214294434,1.3527752161026,0.07048434764146805,0.0,0.0,0.0,0.0,0.0,1.2135322093963623,1.7437916994094849,0.0,0.0,0.0,0.17200320959091187,0.0,0.0,0.0,2.92757511138916,0.0,0.0,0.0,0.0,1.169321894645691,0.0,0.0,1.2335714101791382,1.2347795963287354,0.0,0.0,0.8883152604103088,1.7866239547729492,0.2888370752334595,0.0,0.0,0.0,0.3809605538845062,0.0,0.0,0.520997166633606,3.0351991653442383,0.0,0.0,0.0,0.0,0.0,0.0,0.1547481268644333,0.008510013110935688,1.0821515321731567,0.006452102679759264,1.0455609560012817,0.0,1.1364868879318237,0.0,0.024975432083010674,0.0,0.3379155695438385,0.0,0.0,0.6124985218048096,0.0,1.110599160194397,0.2115921974182129,0.0,1.0493950843811035,0.0,0.0,0.0,0.8064057230949402,0.0,0.0,0.3281594216823578,0.01639043726027012,0.0010959546780213714,0.0019212673651054502,0.0,0.0,0.0,0.14242957532405853,0.47945261001586914,0.4238389730453491,0.0,0.0,0.0,0.0,0.7651813626289368,0.0,0.017086531966924667,0.0,1.6050891876220703,1.3424638509750366,0.5249245762825012,0.0,0.6224594116210938,0.0,0.0,0.26166853308677673,0.0,0.0,0.0,0.0858905017375946,0.0,0.0,0.0,0.35257163643836975,0.0,0.0,0.0,0.0,0.0005451308679766953,0.0,0.0,0.0,0.0,0.3382018804550171,0.0,1.0685456991195679,0.022021420300006866,0.04019065573811531,0.23592524230480194,0.0,0.041163768619298935,0.0,0.061143312603235245,0.0,0.0,0.16147249937057495,0.0,0.0,0.0,0.07805382460355759,0.0,0.0,0.0,0.3387347459793091,0.0,0.0,0.6215691566467285,0.2910066545009613,0.0,0.42195209860801697,0.0,0.0,1.7317746877670288,0.0,1.0194909572601318,1.5875592231750488,0.09171265363693237,0.0,0.0,0.3681541979312897,0.0,0.0,0.24304765462875366,0.36504101753234863,0.0,0.39084306359291077,0.8122329115867615,0.20063942670822144,0.0,0.0,0.0,0.024697111919522285,0.0,0.8209460377693176,0.0,0.0,0.0,0.0,0.0,1.4313135147094727,0.0,0.23022718727588654,0.0,0.0,0.0,0.0,0.0,0.0,0.3267211616039276,0.0,1.7734400033950806,0.0,0.0,0.0,0.0,1.5083903074264526,0.0,0.0,2.525390625,0.23743021488189697,0.0,0.0,0.08480403572320938,0.0,0.0,0.4631431996822357,0.38188233971595764,0.0,0.33202555775642395,0.23189078271389008,0.0,0.0,1.0966625213623047,2.7540969848632812,0.0,0.0,0.0,0.0,0.0,0.0,0.0,1.5515464544296265,0.0,0.0,0.6474480032920837,0.0,0.0,0.0,0.0,0.0,0.0,0.0,0.0,0.0,0.0,1.1123429536819458
133_S_0771,MCI,train,0.27686432003974915,2.202626943588257,0.460338830947876,0.5541624426841736,0.0,0.0,0.0,0.7896280884742737,0.6038508415222168,0.4136655032634735,0.0,0.0,0.0,0.0,1.8383644819259644,0.5346553921699524,0.0,0.0,0.14003591239452362,0.0,0.5600447058677673,0.0005283993086777627,1.87090265750885,0.0,0.0,0.0,0.0,0.9882763028144836,0.6107859015464783,0.2868790328502655,0.9958415627479553,0.07604879885911942,0.0,0.0,0.0,0.0,0.0,0.7171905040740967,1.1235928535461426,0.0,0.0,0.0,0.0,0.0,0.0,0.01293171290308237,2.0298898220062256,0.0,0.0,0.03549632430076599,0.0,0.32751092314720154,0.0,0.0,0.3851236402988434,0.39271602034568787,0.0,0.0,0.8043121695518494,1.4268239736557007,0.07154961675405502,0.0,0.0,0.0,0.821150004863739,0.0,0.0,0.08044043928384781,2.1583669185638428,0.0,0.0,0.0,0.0,0.0,0.0,0.13716226816177368,0.0,0.7033511996269226,0.012766058556735516,0.4468516409397125,0.0,1.2137867212295532,0.0,0.0,0.0,0.3132742643356323,0.0,0.0,1.0854846239089966,0.0,0.4602787494659424,0.3162684738636017,0.0,0.5231451392173767,0.0,0.0,0.0,0.7796133160591125,0.0,0.0,0.6786113381385803,0.0,0.03169886767864227,0.0,0.0,0.0,0.0,0.36958977580070496,0.5291098356246948,0.8615557551383972,0.0,0.0,0.0,0.0,0.3095361888408661,0.0,0.15444238483905792,0.0,0.42172113060951233,0.6346378326416016,0.09137771278619766,0.0,1.2138007879257202,0.0,0.0,0.5582767128944397,0.0,0.0,0.0,0.33726927638053894,0.0,0.0,0.0,0.4242255687713623,0.0,0.0,0.0,0.0,0.0,0.0,0.0,0.0,0.0,0.5616387128829956,0.0,0.5164397358894348,0.05429009720683098,0.0,0.7873952388763428,0.0,0.10732859373092651,0.0,0.23842853307724,0.0,0.0,0.2931780219078064,0.0,0.0,0.0,0.16528399288654327,0.0,0.0,0.0,0.7093221545219421,0.0,0.0,0.2895917594432831,0.48238834738731384,0.0,0.1779991239309311,0.03148019686341286,0.0,0.2859184145927429,0.0,0.9893383979797363,0.5334916114807129,0.09837103635072708,0.0,0.0,0.11226347833871841,0.0,0.0,0.22314101457595825,0.4374324083328247,0.0,0.7342286109924316,0.3752230107784271,0.352096825838089,0.0,0.0,0.0,0.0008867569267749786,0.0,0.7494454979896545,0.0,0.0,0.0,0.0,0.0,1.1231650114059448,0.0,0.584991991519928,0.0,0.0,0.0,0.0,0.0,0.0,0.4684261381626129,0.0,1.5811996459960938,0.0,0.0,0.0,0.0,1.3067618608474731,0.0,0.0,2.1239612102508545,0.2928631603717804,0.0,0.03220285102725029,0.11712345480918884,0.0,0.0,0.3500031530857086,0.016474639996886253,0.0,0.6362995505332947,0.24494105577468872,0.0,0.0,0.8150776028633118,1.945325493812561,0.0,0.0,0.0,0.0,0.0,0.0,0.0,1.0757826566696167,0.0,0.0,0.16538265347480774,0.0,0.0,0.0,0.0,0.0,0.0,0.0,0.0,0.0,0.0,0.3070850074291229
023_S_0855,MCI,train,1.266371250152588,2.144883394241333,0.0,0.0,0.0,0.0,0.0,3.2006657123565674,1.4254850149154663,2.434682607650757,0.0,0.0,0.0,0.0,2.494887590408325,0.0,0.0,0.0,0.0,0.0,0.0,0.0,2.0223400592803955,0.00042396350181661546,0.0,0.0,0.0,1.0878705978393555,0.0,0.0,1.6185954809188843,0.17031878232955933,0.0,0.0,0.0,0.0,0.0,0.5894528031349182,2.263084650039673,0.0,0.0,0.0,0.2088872194290161,0.0,0.0,0.0,3.192167282104492,0.0,0.0,0.011172606609761715,0.0,2.2678558826446533,0.0,0.0,2.5298526287078857,2.5711257457733154,0.0,0.0,1.9906301498413086,1.4510678052902222,0.6040122509002686,0.0,0.0,0.0,0.0,0.0,0.0,0.9569279551506042,3.6782054901123047,0.0,0.0,0.0,0.0,0.0,0.0,0.07031227648258209,0.0,1.751900553703308,0.0,2.362658739089966,0.0,0.7346482276916504,0.0,0.0,0.0,0.0,0.0,0.0,0.0696374773979187,0.0,2.366262674331665,0.013225816190242767,0.0,2.1367027759552,0.0,0.0,0.0,0.0,0.0,0.0,0.0,0.06819000095129013,0.04048234596848488,0.0,0.0,0.0,0.0,0.0,0.08363795280456543,0.0,0.0,0.0,0.0,0.0,1.7848345041275024,0.0,0.022323496639728546,0.0,3.4666290283203125,3.0105197429656982,1.0022242069244385,0.0,0.47892382740974426,0.0,0.0,0.0,0.0,0.0,0.0,0.0,0.0,0.0,0.0,0.0,0.0,0.0,0.0,0.0,0.0,0.0,0.0,0.0,0.0,0.8189234733581543,0.0,2.5172038078308105,0.04252368584275246,0.0,0.0,0.0,0.02998342178761959,0.0,0.0,0.0,0.0,0.3147754371166229,0.0,0.0,0.0,0.0,0.0,0.0,0.0,0.0,0.0,0.0,0.06061558052897453,0.0,0.0,0.9057385921478271,0.0,0.0,3.2237846851348877,0.0,0.8346179127693176,3.463111162185669,0.10884896665811539,0.0,0.0,0.7198319435119629,0.0,0.0,0.0,0.0,0.0,0.0,1.7462047338485718,0.0,0.0,0.0,0.0,0.0,0.0,1.516869068145752,0.0,0.0,0.0,0.0,0.0,2.1025047302246094,0.0,0.0,0.0,0.0,0.0,0.0,0.0,0.0,0.0,0.0,1.4421896934509277,0.0,0.0,0.0,0.0,2.1082763671875,0.0,0.0,1.9103693962097168,0.0,0.0,0.0,0.0,0.0,0.0,0.28982028365135193,0.693748950958252,0.0,0.0,0.5873867869377136,0.0,0.0,0.6488651633262634,3.0009279251098633,0.0,0.0,0.0,0.0,0.0,0.0,0.0,1.634771704673767,0.0,0.0,0.6554712653160095,0.0,0.0,0.0,0.0,0.0,0.0,0.0,0.0,0.0,0.0,2.552194356918335
023_S_1289,AD,train,0.057606037706136703,2.397739887237549,0.15489445626735687,0.27181151509284973,0.0,0.0,0.0,0.327286034822464,0.44984671473503113,0.1319517195224762,0.0,0.0,0.0,0.0,2.039808511734009,0.39857053756713867,0.0,0.0,0.015683596953749657,0.0,0.15141479671001434,0.0,2.0850536823272705,0.0,0.0,0.0,0.0,0.9124829769134521,0.16390760242938995,0.021163806319236755,1.1946768760681152,0.016115780919790268,0.0,0.0,0.0,0.0,0.0,0.7205579876899719,1.2278718948364258,0.0,0.0,0.0,0.0,0.0,0.0,0.0,2.203070640563965,0.0,0.0,0.04210502281785011,0.0,0.13790716230869293,0.0,0.0,0.11054808646440506,0.11695366352796555,0.0,0.0,0.357675701379776,1.619236946105957,0.00800680834800005,0.0,0.0,0.0,0.2077447921037674,0.0,0.0,0.08029935508966446,2.351651191711426,0.0,0.0,0.0,0.0,0.0,0.0,0.16386015713214874,0.0,0.731666624546051,0.0022994333412498236,0.13781636953353882,0.0,1.3387542963027954,0.0,0.0,0.0,0.04079151153564453,0.0,0.0,1.0456409454345703,0.0,0.1088864803314209,0.22631247341632843,0.0,0.30066201090812683,0.0,0.0,0.0,0.1647760272026062,0.0,0.0,0.23649077117443085,0.0,0.0,0.0,0.0,0.0,0.0,0.12299872189760208,0.5422102808952332,0.24007733166217804,0.0,0.0,0.0,0.0,0.06837963312864304,0.0,0.03827319294214249,0.0,0.13940675556659698,0.3321537971496582,0.08466502279043198,0.0,1.2305502891540527,0.0,0.0,0.06479551643133163,0.0,0.0,0.0,0.06324056535959244,0.0,0.0,0.0,0.14443844556808472,0.0,0.0,0.0,0.0,0.0,0.0,0.0,0.0,0.0,0.32250455021858215,0.0,0.1659594029188156,0.0,0.0,0.25585824251174927,0.0,0.10117098689079285,0.0,0.08549291640520096,0.0,0.0,0.15931513905525208,0.0,0.0,0.0,0.05015860125422478,0.0,0.0,0.0,0.2769807279109955,0.0,0.0,0.15361349284648895,0.07466147094964981,0.0,0.05060896277427673,0.01765824854373932,0.0,0.062049832195043564,0.0,1.0592329502105713,0.24981112778186798,0.19083935022354126,0.0,0.0,0.009334876202046871,0.0,0.0,0.07341495156288147,0.07448696345090866,0.0,0.22152763605117798,0.09087837487459183,0.07023180276155472,0.0,0.0,0.0,0.0,0.0,0.7551400065422058,0.0,0.0,0.0,0.0,0.0,1.2539995908737183,0.0,0.22922281920909882,0.0,0.0,0.0,0.0,0.0,0.0,0.07740361988544464,0.0,1.6439056396484375,0.0,0.0,0.0,0.0,1.1559401750564575,0.0,0.0,2.1573610305786133,0.01058114692568779,0.0,0.0,0.10305529832839966,0.0,0.0,0.47461584210395813,0.024516211822628975,0.0,0.22378255426883698,0.06136225536465645,0.0,0.0,1.000367283821106,1.9625530242919922,0.014964633621275425,0.0,0.0,0.0,0.0,0.0,0.0,1.1430106163024902,0.0,0.0,0.2881363332271576,0.0,0.0,0.0,0.0,0.0,0.0,0.0,0.0,0.0,0.0,0.10331320762634277
068_S_0478,MCI,train,0.6746132969856262,1.7179232835769653,0.0,0.0,0.0,0.0,0.0,1.8347872495651245,0.9702256321907043,1.3062835931777954,0.0,0.0,0.0,0.0,1.8007229566574097,0.0,0.0,0.0,0.0,0.0,0.0,0.0006586321978829801,1.740343451499939,0.0,0.0,0.0,0.0,0.8475129008293152,0.0,0.0,1.3507261276245117,0.21343593299388885,0.0,0.0,0.0,0.0,0.0,0.3928777277469635,1.5155329704284668,0.0,0.0,0.0,0.07633864879608154,0.0,0.0,0.0,2.4847488403320312,0.0,0.0,0.0,0.0,1.3036237955093384,0.0,0.0,1.4018465280532837,1.4020757675170898,0.0,0.0,1.381996512413025,1.3117868900299072,0.24056744575500488,0.0,0.0,0.0,0.0,0.0,0.0,0.5067548751831055,2.758995294570923,0.0,0.0,0.0,0.0,0.0,0.0,0.2144734263420105,0.0,1.244956374168396,0.0,1.5919491052627563,0.0,0.784323513507843,0.0,0.0,0.0,0.0,0.0,0.0,0.13437804579734802,0.0,1.4200273752212524,0.008065007627010345,0.0,1.254278540611267,0.0,0.0,0.0,0.0,0.0,0.0,0.0,0.013835824094712734,0.011370639316737652,0.0,0.004619812127202749,0.0,0.0,0.0,0.20265167951583862,0.0,0.0,0.0,0.0,0.0,0.9640842080116272,0.0,0.07708923518657684,0.0,1.8912558555603027,1.741285800933838,0.48606202006340027,0.0,0.6423446536064148,0.0,0.0,0.0,0.0,0.0,0.0,0.0,0.0,0.0,0.0,0.0,0.0,0.0,0.0,0.0,0.0,0.0,0.0,0.0,0.0,0.7108402252197266,0.0,1.5260497331619263,0.053505148738622665,0.0,0.0,0.0,0.10620170831680298,0.0,0.0,0.0,0.0,0.27154216170310974,0.0,0.0,0.0,0.0,0.0,0.0,0.0,0.0,0.0,0.0,0.1344335824251175,0.0,0.0,0.480231374502182,0.013088655658066273,0.0,1.6975446939468384,0.0,0.5997176170349121,2.056131601333618,0.0869578942656517,0.0,0.0,0.4267153739929199,0.0,0.0,0.0,0.0,0.0,0.0,1.0932153463363647,0.0,0.0,0.0,0.0,0.0420718789100647,0.0,1.1308032274246216,0.0,0.0,0.0,0.0,0.0,1.4118099212646484,0.0,0.0,0.0,0.0,0.0,0.0,0.0,0.0,0.0,0.0,1.2800971269607544,0.0,0.0,0.0,0.0,1.6200531721115112,0.0,0.0,1.4154467582702637,0.0,0.0,0.0,0.007813304662704468,0.0,0.0,0.11249016970396042,0.3116787374019623,0.0,0.0,0.4086320102214813,0.0,0.0,0.482059121131897,2.4446117877960205,0.0,0.0,0.0,0.0,0.0,0.0,0.0,1.3010754585266113,0.0,0.0,0.4666081666946411,0.0,0.0,0.0,0.0,0.0,0.0,0.0,0.0,0.0,0.0,1.3145831823349
027_S_1082,AD,train,0.5849316716194153,1.2634458541870117,0.0,0.0,0.0,0.0,0.0,1.5163406133651733,0.7957536578178406,1.1087499856948853,0.0,0.0,0.0,0.0,1.3315550088882446,0.0,0.0,0.0,0.0,0.0,0.0,0.0006640693754889071,1.215574860572815,0.0,0.0,0.0,0.0,0.5471461415290833,0.0,0.0,1.0019826889038086,0.14463865756988525,0.0,0.0,0.0,0.0,0.0,0.3182307481765747,1.1322776079177856,0.0,0.0,0.0,0.11855130642652512,0.0,0.0,0.0,1.777413010597229,0.0,0.0,0.0,0.0,1.0571191310882568,0.0,0.0,1.1342884302139282,1.2427735328674316,0.0,0.0,1.0712770223617554,0.898598849773407,0.19326527416706085,0.0,0.0,0.0,0.0,0.0,0.0,0.44118237495422363,2.0634899139404297,0.0,0.0,0.0,0.0,0.0,0.0,0.14502011239528656,0.0,0.9062206149101257,0.0,1.2530497312545776,0.0,0.4979259967803955,0.0,0.004410055931657553,0.0,0.0,0.0,0.0,0.06236298382282257,0.0,1.1044968366622925,0.00842975452542305,0.0,1.0877702236175537,0.0,0.0,0.0,0.0,0.0,0.0,0.0,0.010799353010952473,0.00950053334236145,0.0,0.00042020881664939225,0.0,0.0,0.0,0.0567270927131176,0.0,0.0,0.0,0.0,0.0,0.8148831725120544,0.0,0.07585557550191879,0.0,1.608432412147522,1.4664487838745117,0.43379926681518555,0.0,0.46877822279930115,0.0,0.0,0.0,0.0,0.0,0.0,0.0,0.0,0.0,0.0,0.0,0.0,0.0,0.0,0.0,0.0,0.0,0.0,0.0,0.0,0.5375328063964844,0.0,1.2129768133163452,0.05721975490450859,0.0,0.0,0.0,0.10309675335884094,0.0,0.0,0.0,0.0,0.21608154475688934,0.0,0.0,0.0,0.0,0.0,0.0,0.0,0.0,0.0,0.0,0.03256010264158249,0.0,0.0,0.42788323760032654,0.0,0.0016942719230428338,1.4542112350463867,0.0,0.46082282066345215,1.6103781461715698,0.059195298701524734,0.0,0.0,0.3483748733997345,0.0,0.0,0.0,0.0,0.0,0.0,0.8825228810310364,0.0,0.0,0.0,0.0,0.010371780954301357,0.0,0.8307679295539856,0.0,0.0,0.0,0.0,0.0,0.9877919554710388,0.0,0.0,0.0,0.0,0.0,0.0,0.0,0.0,0.0,0.0,0.825486958026886,0.0,0.0,0.0,0.0,1.1371413469314575,0.0,0.0,1.0425993204116821,0.0,0.0,0.0,0.0,0.0,0.0,0.10671719163656235,0.2195233553647995,0.0,0.0,0.3078618347644806,0.0,0.0,0.39612290263175964,1.8044300079345703,0.0,0.0,0.0,0.0,0.0,0.0,0.0,0.9008099436759949,0.0,0.0,0.3599860966205597,0.0,0.0,0.0,0.0,0.0,0.0,0.0,0.0,0.0,0.0,1.0942224264144897
051_S_1123,CN,train,0.2729519307613373,0.5075193047523499,0.0,0.0,0.0,0.0,0.0,0.8640651106834412,0.42074427008628845,0.5684752464294434,0.0,0.0,0.0,0.0,0.6381607055664062,0.0,0.0,0.0,0.0,0.0,0.0,0.0,0.514107882976532,0.0,0.0,0.0,0.0,0.27472662925720215,0.0,0.0,0.41373154520988464,0.06196536123752594,0.0,0.0,0.0,0.0,0.0,0.14021529257297516,0.5700147747993469,0.0,0.0,0.0,0.01464653480798006,0.0,0.0,0.0,0.7435457110404968,0.0,0.0,0.0,0.0,0.5948255658149719,0.0,0.0,0.6050071120262146,0.5905733704566956,0.0,0.0,0.642275869846344,0.39642783999443054,0.117122121155262,0.0,0.0,0.0,0.0,0.0,0.0,0.2366669774055481,0.8762274384498596,0.0,0.0,0.0,0.0,0.0,0.0,0.007934737019240856,0.0,0.43581029772758484,0.0,0.6086316704750061,0.0,0.14909149706363678,0.0,0.0,0.0,0.0,0.0,0.0,0.0,0.0,0.5916178822517395,0.001427101087756455,0.0,0.5877047181129456,0.0,0.0,0.0,0.0,0.0,0.0,0.0,0.009015439078211784,0.020316069945693016,0.0,0.0,0.0,0.0,0.0,0.014977306127548218,0.0,0.0,0.0,0.0,0.0,0.41809871792793274,0.0,0.013529341667890549,0.0,0.766918957233429,0.7139279246330261,0.2616378366947174,0.0,0.18451857566833496,0.0,0.0,0.0,0.0,0.0,0.0,0.0,0.0,0.0,0.0,0.0,0.0,0.0,0.0,0.0,0.0,0.0,0.0,0.0,0.0,0.26930108666419983,0.0,0.5274227857589722,0.004205738194286823,0.0,0.0,0.0,0.016198616474866867,0.0,0.0,0.0,0.0,0.10028097033500671,0.0,0.0,0.0,0.0,0.0,0.0,0.0,0.0,0.0,0.0,0.0035048946738243103,0.0,0.0,0.2311313897371292,0.0,0.0,0.6975385546684265,0.0,0.23087213933467865,0.8301927447319031,0.0,0.0,0.0,0.19227926433086395,0.0,0.0,0.0,0.0,0.0,0.0,0.46328142285346985,0.0,0.0,0.0,0.0,0.0,0.0,0.4903683662414551,0.0,0.0,0.0,0.0,0.0,0.43099701404571533,0.0,0.0,0.0,0.0,0.0,0.0,0.0,0.0,0.0,0.0,0.38401487469673157,0.0,0.0,0.0,0.0,0.4838687479496002,0.0,0.0,0.5278045535087585,0.0,0.0,0.0,0.0,0.0,0.0,0.077642060816288,0.1139325201511383,0.0,0.0,0.1918681412935257,0.0,0.0,0.11805376410484314,0.7230910658836365,0.0,0.0,0.0,0.0,0.0,0.0,0.0,0.4043542146682739,0.0,0.0,0.15439613163471222,0.0,0.0,0.0,0.0,0.0,0.0,0.0,0.0,0.0,0.0,0.5400315523147583
020_S_1288,CN,train,1.0124729871749878,1.608474612236023,0.0,0.0,0.0,0.0,0.0,3.164247512817383,1.3971610069274902,1.7617031335830688,0.0,0.0,0.0,0.008643346838653088,2.166851043701172,0.0,0.0,0.0,0.0,0.0,0.0,0.0,1.5586603879928589,0.10148599743843079,0.0,0.0,0.0,1.0512089729309082,0.0,0.0,1.1184735298156738,0.3729292154312134,0.0,0.0,0.0,0.0,0.0,0.4553017318248749,1.8488950729370117,0.0,0.0,0.0,0.33437132835388184,0.0,0.0,0.0,2.4902503490448,0.0,0.0,0.0,0.0,1.856857180595398,0.0,0.0,2.0455851554870605,1.5820773839950562,0.0,0.0,1.76874840259552,1.2947171926498413,0.3840475082397461,0.0,0.0,0.0,0.0,0.0,0.0,0.8106882572174072,2.8582637310028076,0.0,0.0,0.0,0.0,0.0,0.0,0.0,0.0,1.8040987253189087,0.01135443989187479,1.7868272066116333,0.0,0.32723772525787354,0.0,0.015474926680326462,0.0,0.0,0.0,0.0,0.039788197726011276,0.0,1.928188681602478,0.07079217582941055,0.0,1.8785039186477661,0.0,0.0,0.0,0.0,0.0,0.0,0.0,0.010721947066485882,0.33874496817588806,0.17959773540496826,0.019156135618686676,0.0,0.0,0.0,0.04378015175461769,0.0,0.0,0.0,0.0,0.0,1.5297874212265015,0.0,0.0,0.0,2.479844808578491,2.2582790851593018,1.2455558776855469,0.0,0.5848276019096375,0.0,0.0,0.0,0.0,0.008657397702336311,0.0,0.0,0.0,0.0057332622818648815,0.0,0.0,0.0,0.0,0.0,0.0,0.0,0.0,0.0,0.0,0.0,0.5643764138221741,0.0,1.7404104471206665,0.03477460518479347,0.0,0.0,0.0,0.12606054544448853,0.0,0.0,0.0,0.0,0.46523067355155945,0.0,0.0,0.0,0.0,0.0,0.0,0.0,0.0,0.0,0.0,0.0,0.0,0.0,0.6262592673301697,0.0,0.0,2.0845651626586914,0.0,0.5923594236373901,2.582587480545044,0.001034707180224359,0.0,0.0,0.5420634746551514,0.0,0.0,0.0,0.0,0.0,0.0,1.3384143114089966,0.0,0.0,0.0,0.0,0.039762984961271286,0.0,1.5552164316177368,0.0,0.0,0.0,0.0,0.0,1.4641681909561157,0.0,0.0,0.0,0.0,0.0033681539352983236,0.0,0.0,0.0,0.0,0.0,1.2324098348617554,0.0,0.0,0.0,0.0,1.6664704084396362,0.0,0.0,1.6915937662124634,0.0,0.0,0.0,0.01768806390464306,0.0,0.0,0.3848663866519928,0.5591980814933777,0.0,0.0,0.4048040807247162,0.0,0.0,0.16923993825912476,2.181842565536499,0.0,0.0,0.0,0.023368770256638527,0.0,0.0,0.0,1.0764440298080444,0.0,0.0,0.25847694277763367,0.0,0.0,0.0,0.0,0.0,0.0,0.0,0.0,0.0,0.0,1.7983237504959106
027_S_1277,MCI,train,1.2771295309066772,2.09185791015625,0.0,0.0,0.0,0.0,0.0,3.210576295852661,1.4129053354263306,2.380502462387085,0.0,0.0,0.0,0.0,2.4600305557250977,0.0,0.0,0.0,0.0,0.0,0.0,0.0,1.6617103815078735,0.0,0.0,0.0,0.0,0.771674633026123,0.0,0.0,1.4431484937667847,0.14345814287662506,0.0,0.0,0.0,0.0,0.0,0.6703935265541077,1.8693734407424927,0.0,0.0,0.0,0.6645259857177734,0.0,0.0,0.0,3.175954580307007,0.0,0.0,0.0,0.0,2.198896646499634,0.0,0.0,2.660820245742798,2.6405351161956787,0.0,0.06610117107629776,1.3989471197128296,1.3191977739334106,0.6861979961395264,0.0,0.0,0.0,0.0,0.0,0.0,1.1849602460861206,3.4196174144744873,0.0,0.0,0.0,0.0,0.0,0.0,0.0,0.0,1.8947662115097046,0.0,2.011552333831787,0.0,0.5957419276237488,0.0,0.0,0.0,0.0,0.0,0.0,0.0,0.0,2.3764426708221436,0.0,0.0,2.1381969451904297,0.0,0.0,0.0,0.0,0.0,0.0,0.0,0.1090678796172142,0.0,0.06228291988372803,0.0,0.0,0.0,0.0,0.0,0.0,0.0,0.0,0.0,0.0,1.7494663000106812,0.0,0.0,0.0,3.5949299335479736,2.762641668319702,1.3790136575698853,0.0,0.21974699199199677,0.0,0.0,0.0,0.0,0.0,0.0,0.0,0.0,0.0,0.0,0.0,0.0,0.0,0.0,0.0,0.0,0.0,0.0,0.0,0.0,0.25253915786743164,0.0,2.210418462753296,0.05860481038689613,0.0,0.0,0.0,0.0,0.0,0.0,0.0,0.0,0.17716695368289948,0.0,0.0,0.0,0.0,0.0,0.0,0.0,0.0,0.0,0.0,0.0,0.0,0.0,0.8425402641296387,0.0,0.0,3.4093587398529053,0.0,0.7313346862792969,3.436452865600586,0.0,0.0,0.0,0.7077487111091614,0.0,0.0,0.0,0.0,0.0,0.0,1.585280418395996,0.0,0.0,0.0,0.0,0.0,0.0,1.2801464796066284,0.0,0.0,0.0,0.0,0.0,1.7403249740600586,0.0,0.0,0.0,0.0,0.0,0.0,0.0,0.0,0.0,0.0,1.3719615936279297,0.0,0.0,0.0,0.0,1.8882485628128052,0.0,0.0,1.6914712190628052,0.0,0.0,0.0,0.0,0.0,0.0,0.38482797145843506,1.0030356645584106,0.0,0.0,0.34663018584251404,0.0,0.0,0.6385841965675354,2.4385826587677,0.0,0.0,0.0,0.06009133160114288,0.0,0.0,0.0,1.4915410280227661,0.0,0.0,0.6935031414031982,0.0,0.0,0.0,0.0,0.0,0.0,0.0,0.0,0.0,0.0,2.579136610031128
067_S_0290,MCI,train,0.8829812407493591,2.3539934158325195,0.06350438296794891,0.12796802818775177,0.0,0.0026405975222587585,0.0,2.092162847518921,0.8990049958229065,1.6772831678390503,0.0,0.0,0.0,0.0,2.392317771911621,0.06045788154006004,0.0,0.0,0.0016988076968118548,0.0,0.08443185687065125,0.00834317784756422,2.1652908325195312,0.0,0.0,0.0,0.0,1.18537175655365,0.10859305411577225,0.03194665163755417,1.5549334287643433,0.16997164487838745,0.0,0.0,0.0,0.0,0.0,0.9062425494194031,1.7843852043151855,0.0,0.0,0.0,0.2386668473482132,0.0,0.0,0.0,2.9859933853149414,0.0,0.0,0.007562972605228424,0.0,1.6542404890060425,0.0,0.0,1.8243565559387207,1.9050136804580688,0.0,0.0,1.0957742929458618,1.5846710205078125,0.3868391215801239,0.0,0.0,0.0,0.13540787994861603,0.0,0.0,0.6557137966156006,3.41758131980896,0.0,0.0,0.0,0.0,0.0,0.0,0.1527814269065857,0.0,1.4911775588989258,0.0,1.696130394935608,0.0,1.0319980382919312,0.0,0.0,0.0,0.08033258467912674,0.0,0.0,0.31091782450675964,0.0,1.6234279870986938,0.057611387223005295,0.0,1.4585949182510376,0.0,0.0,0.0,0.16035935282707214,0.0,0.0,0.13971488177776337,0.05405275151133537,0.051745977252721786,0.0,0.004140553530305624,0.0,0.0,0.04671348258852959,0.22222214937210083,0.1646425724029541,0.0,0.0,0.0,0.0,1.246867060661316,0.0,0.05086296424269676,0.0,2.546529769897461,2.1294472217559814,0.6900773644447327,0.0,0.5147149562835693,0.0,0.0,0.0603005550801754,0.0,0.0,0.0,0.0032895198091864586,0.0,0.0,0.0,0.0858381912112236,0.0,0.0,0.0,0.0,0.0,0.0,0.0,0.0,0.0,0.4122946262359619,0.0,1.8380999565124512,0.02427685260772705,0.006407624110579491,0.09882969409227371,0.0,0.05645497143268585,0.0,0.051568206399679184,0.0,0.0,0.20085389912128448,0.0,0.0,0.0,0.021494509652256966,0.0,0.0,0.0,0.08649670332670212,0.0,0.0,0.321907639503479,0.09105760604143143,0.0,0.5089877843856812,0.009679600596427917,0.0019059479236602783,2.51632022857666,0.0,0.8092679381370544,2.426807403564453,0.06543716043233871,0.0,0.0,0.504780113697052,0.0,0.0,0.019179020076990128,0.1128837987780571,0.0,0.13804484903812408,1.1365724802017212,0.06589243561029434,0.0,0.0,0.0,0.0023155033122748137,0.0,1.0399158000946045,0.0,0.0,0.0,0.0,0.0,1.8194698095321655,0.0,0.10023362189531326,0.0,0.0,0.0,0.0,0.0,0.0,0.0973430946469307,0.0,1.6596426963806152,0.0,0.0,0.0,0.0,1.852620005607605,0.0,0.0,2.0061421394348145,0.0716128796339035,0.0,0.0,0.04832081496715546,0.0,0.0,0.43810224533081055,0.47739967703819275,0.0,0.1139913871884346,0.34688153862953186,0.0,0.0,0.8933212161064148,2.8997840881347656,0.0,0.0,0.0,0.0,0.0,0.0,0.0,1.5788969993591309,0.0,0.0,0.623058021068573,0.0,0.0,0.0,0.0,0.0,0.0,0.0,0.0,0.0,0.0,1.8162058591842651
033_S_0733,AD,train,0.06333401054143906,2.2377302646636963,0.5156382918357849,0.5080946087837219,0.0,0.0,0.0,0.3248697519302368,0.4345768392086029,0.132729172706604,0.006818950176239014,0.0,0.0,0.0,1.958875060081482,0.6709842085838318,0.0,0.0,0.18167614936828613,0.0,0.5217764973640442,0.0,1.9489082098007202,0.0,0.0,0.0,0.0,0.9217215180397034,0.5282152891159058,0.20422197878360748,0.9744536280632019,0.0,0.0,0.0,0.0,0.0,0.0,0.8147847652435303,1.043983817100525,0.0,0.0,0.0,0.0,0.0,0.0,0.00991316419094801,1.9178452491760254,0.0,0.0,0.01841801591217518,0.0,0.14708420634269714,0.0,0.0,0.09296543151140213,0.10751328617334366,0.0,0.0,0.48701462149620056,1.6099599599838257,0.0044258893467485905,0.0,0.0,0.0,0.806896984577179,0.0,0.0,0.013449209742248058,1.9967360496520996,0.0,0.0,0.0,0.0,0.0,0.0,0.01887022890150547,0.0,0.649981677532196,0.007475436199456453,0.18999363481998444,0.0,1.2274751663208008,0.0,0.0,0.0,0.3665437698364258,0.0,0.0,1.1574584245681763,0.0,0.11992322653532028,0.4345416724681854,0.0,0.27491632103919983,0.0,0.0,0.0,0.5068581700325012,0.0,0.0,0.64882892370224,0.0,0.004272314254194498,0.0,0.0,0.0,0.0,0.4007609784603119,0.6139450669288635,0.8321390151977539,0.0,0.0,0.0,0.0,0.06175969913601875,0.0,0.08892511576414108,0.0,0.07016550749540329,0.2948265075683594,0.08867736905813217,0.0,1.2420443296432495,0.0,0.0,0.5233045220375061,0.0,0.0,0.0,0.19935530424118042,0.0,0.0,0.0,0.4865303933620453,0.0,0.0,0.0,0.0,0.012194753624498844,0.0,0.0,0.0,0.0,0.3884207308292389,0.0,0.1464911848306656,0.0008645021007396281,0.0,0.767512321472168,0.0,0.14877699315547943,0.0,0.22718529403209686,0.0,0.0,0.17286060750484467,0.0,0.0,0.0,0.19151027500629425,0.0,0.0,0.0,0.720994234085083,0.0,0.0,0.31658926606178284,0.2581004202365875,0.0,0.023494787514209747,0.021502850577235222,0.0,0.01189639512449503,0.0,1.08452570438385,0.18075580894947052,0.016929103061556816,0.0,0.0,0.015764588490128517,0.0,0.0,0.10747232288122177,0.5220828056335449,0.0,0.7713804244995117,0.0768047496676445,0.32340100407600403,0.0,0.0,0.0,0.0,0.0,0.8556370735168457,0.0,0.0,0.0,0.0,0.0,0.9349984526634216,0.0,0.502307116985321,0.0,0.0,0.0,0.0,0.0,0.0,0.4184729754924774,0.0,1.5671957731246948,0.0,0.0,0.0,0.0,0.8277400135993958,0.0,0.0,2.2237701416015625,0.2936178147792816,0.0,0.015089432708919048,0.12262148410081863,0.0,0.0,0.4929110109806061,0.0,0.0,0.6475488543510437,0.0976395234465599,0.0,0.0,0.9441829323768616,1.5967493057250977,0.008068806491792202,0.0,0.0,0.0,0.0,0.0,0.0,0.9936871528625488,0.0,0.0,0.21363027393817902,0.0,0.0,0.0,0.0,0.0,0.0,0.0,0.0,0.0,0.0,0.0460808165371418
136_S_0300,AD,train,0.21856887638568878,2.3875653743743896,0.3501603901386261,0.3395141363143921,0.0,0.0,0.0,0.7120039463043213,0.5376485586166382,0.465783029794693,0.0,0.0,0.0,0.0,2.0108559131622314,0.3309250771999359,0.0,0.0,0.07726151496171951,0.0,0.35219117999076843,0.00266653043217957,2.0157604217529297,0.0,0.0,0.0,0.0,0.9827916622161865,0.3245643675327301,0.21772374212741852,1.255249261856079,0.053830403834581375,0.0,0.0,0.0,0.0,0.0,0.7880578637123108,1.248693823814392,0.0,0.0,0.0,0.0032451292499899864,0.0,0.0,0.0,2.3595874309539795,0.0,0.0,0.034384556114673615,0.0,0.5063026547431946,0.0,0.0,0.4707045257091522,0.48652443289756775,0.0,0.0,0.6841473579406738,1.6037570238113403,0.07859098166227341,0.0,0.0,0.0,0.4915888011455536,0.0,0.0,0.18212604522705078,2.4786269664764404,0.0,0.0,0.0,0.0,0.0,0.0,0.19630824029445648,0.0,0.7469406723976135,0.0,0.5288600921630859,0.0,1.224485993385315,0.0,0.0,0.0,0.17679201066493988,0.0,0.0,0.9791746139526367,0.0,0.4895566403865814,0.09946165233850479,0.0,0.5572306513786316,0.0,0.0,0.0,0.46457621455192566,0.0,0.0,0.39660629630088806,0.0,0.006481990683823824,0.0,0.0,0.0,0.0,0.24986618757247925,0.528337299823761,0.48478683829307556,0.0,0.0,0.0,0.0,0.29558417201042175,0.0,0.07250458747148514,0.0,0.608523428440094,0.6733124852180481,0.2429514080286026,0.0,1.0980585813522339,0.0,0.0,0.3150523602962494,0.0,0.0,0.0,0.20594143867492676,0.0,0.0,0.0,0.2872721254825592,0.0,0.0,0.0,0.0,0.0,0.0,0.0,0.0,0.0,0.40035268664360046,0.0,0.47871288657188416,0.02167043834924698,0.0,0.4446174204349518,0.0,0.1364274024963379,0.0,0.08203615248203278,0.0,0.0,0.19908829033374786,0.0,0.0,0.0,0.08877536654472351,0.0,0.0,0.0,0.4539082944393158,0.0,0.0,0.3084278702735901,0.31666693091392517,0.0,0.12345442920923233,0.012294561602175236,0.00630283122882247,0.38454970717430115,0.0,0.9523124098777771,0.7075747847557068,0.2642975449562073,0.0,0.0,0.13351649045944214,0.0,0.0,0.17248417437076569,0.2159752994775772,0.0,0.4437545835971832,0.3543192148208618,0.2383597046136856,0.0,0.0,0.0,0.0,0.0,0.8365728259086609,0.0,0.0,0.0,0.0,0.0,1.3021131753921509,0.0,0.3694671392440796,0.0,0.0,0.0,0.0,0.0,0.0,0.2438930720090866,0.0,1.6893457174301147,0.0,0.0,0.0,0.0,1.4245609045028687,0.0,0.0,2.19722056388855,0.12685811519622803,0.0,0.025228790938854218,0.13513414561748505,0.0,0.0,0.42010775208473206,0.050775930285453796,0.0,0.36488762497901917,0.16441376507282257,0.0,0.0,0.9250467419624329,2.2223756313323975,0.0015755927888676524,0.0,0.0,0.0,0.0,0.0,0.0,1.2347921133041382,0.0,0.0,0.33942273259162903,0.0,0.0,0.0,0.0,0.0,0.0,0.0,0.0,0.0,0.0,0.3309902548789978
018_S_0450,MCI,train,0.12793608009815216,2.1585190296173096,0.3638681471347809,0.3921271860599518,0.0,0.0,0.0,0.4605207145214081,0.5133377909660339,0.2142065316438675,0.015855705365538597,0.0,0.0,0.0,1.8020248413085938,0.45764121413230896,0.0,0.0,0.1038486585021019,0.0,0.40752360224723816,0.0,1.9740184545516968,0.0,0.0,0.0,0.0,0.8342413306236267,0.4366961419582367,0.2380237728357315,1.042271375656128,0.021458877250552177,0.0,0.0,0.0,0.0,0.0,0.6519007086753845,1.126960277557373,0.0,0.0,0.0,0.01065526157617569,0.0,0.0,0.010108078829944134,1.9714738130569458,0.0,0.0,0.031610019505023956,0.0,0.19186000525951385,0.0,0.0,0.14741604030132294,0.16397644579410553,0.0,0.0,0.5485449433326721,1.5128494501113892,0.0138355428352952,0.0,0.0,0.0,0.6477397084236145,0.0,0.0,0.03175454959273338,2.0722732543945312,0.0,0.0,0.0,0.0,0.0,0.0,0.07998371124267578,0.0,0.7729899287223816,4.303331297705881e-05,0.2952481210231781,0.0,1.2623647451400757,0.0,0.0,0.0,0.2251233011484146,0.0,0.0,0.9525937438011169,0.0,0.19007237255573273,0.2762347161769867,0.0,0.3975743353366852,0.0,0.0,0.0,0.5029880404472351,0.0,0.0,0.4796063005924225,0.0,0.020084144547581673,0.0,0.0,0.0,0.0,0.28309062123298645,0.5104889869689941,0.629891574382782,0.0,0.0,0.0,0.0,0.12427554279565811,0.0,0.06512320786714554,0.0,0.1825147122144699,0.46807852387428284,0.13000281155109406,0.0,1.2294816970825195,0.0,0.0,0.39786025881767273,0.0,0.0,0.0,0.233957901597023,0.0,0.0,0.0,0.32730230689048767,0.0,0.0,0.0,0.0,0.0,0.0,0.0,0.0,0.0,0.4558779299259186,0.0,0.3153010606765747,0.0016551031731069088,0.0,0.5646554827690125,0.0,0.132025346159935,0.0,0.22141949832439423,0.0,0.0,0.2386784553527832,0.0,0.0,0.0,0.11694679409265518,0.0,0.0,0.0,0.5703569054603577,0.01010271068662405,0.0,0.19321250915527344,0.32544782757759094,0.0,0.040719885379076004,0.04380928352475166,0.0,0.00903197843581438,0.0,0.9830576777458191,0.3481483459472656,0.07170674949884415,0.0,0.0,0.0159128587692976,0.0,0.0,0.11173180490732193,0.32929861545562744,0.0,0.5813416242599487,0.1014658510684967,0.28245049715042114,0.0,0.0,0.0,0.0,0.0,0.8495033383369446,0.0,0.0,0.0,0.0,0.0,1.0828765630722046,0.0,0.43795955181121826,0.0,0.0,0.0,0.0,0.0,0.0,0.34975671768188477,0.0,1.446370005607605,0.0,0.0,0.0,0.0,0.9472871422767639,0.0,0.0,2.012932300567627,0.22096408903598785,0.0,0.006111596245318651,0.09937133640050888,0.0,0.0,0.45492276549339294,0.01645280234515667,0.0,0.47435441613197327,0.13147969543933868,0.0,0.0,0.9371626377105713,1.6926517486572266,0.00886233989149332,0.0,0.0,0.0,0.0,0.0,0.0,0.9770176410675049,0.0,0.0,0.27558472752571106,0.0,0.0,0.0,0.0,0.0,0.0,0.0,0.0,0.0,0.0,0.10168593376874924
136_S_0195,MCI,train,0.010136188939213753,1.2883206605911255,0.568816602230072,0.5659071207046509,0.0,0.0,0.0,0.06299526244401932,0.15156571567058563,0.015154461376369,0.003848009742796421,0.0,0.0,0.0,0.990215539932251,0.5149194598197937,0.0,0.0,0.17701731622219086,0.0,0.6265544891357422,0.0,1.1191643476486206,0.0,0.0,0.0,0.0,0.6173233389854431,0.6841382384300232,0.4210951626300812,0.5094669461250305,0.0,0.0,0.0,0.0,0.0,0.0,0.6105395555496216,0.41200289130210876,0.0,0.0,0.0,0.0,0.0,0.0,0.0,1.0343648195266724,0.0,0.0,0.0,0.0,0.03849783167243004,0.0,0.0,0.012565518729388714,0.008215365931391716,0.0,0.0,0.07111168652772903,0.9494442343711853,0.0,0.0,0.0,0.0,0.9463117122650146,0.0,0.0,0.01815747283399105,0.9810041785240173,0.0,0.0,0.0,0.0,0.0,0.0,0.0,0.0,0.28748735785484314,0.0,0.0285048708319664,0.0,0.8114749789237976,0.0,0.0,0.0,0.3645099103450775,0.0,0.0,0.7799262404441833,0.0,0.0,0.18801449239253998,0.0,0.10226701945066452,0.0,0.0,0.0,0.891849935054779,0.0,0.0,0.6977387070655823,0.0,0.0,0.0,0.0,0.0,0.0,0.4065896272659302,0.5090858340263367,0.913982629776001,0.0,0.0,0.0,0.0,0.0,0.0,0.0,0.0,0.0015496561536565423,0.10299757122993469,0.06201787665486336,0.0,0.7927042841911316,0.0,0.0,0.695729672908783,0.0,0.0,0.0,0.4209185838699341,0.0,0.0,0.0,0.41833212971687317,0.0,0.0,0.0,0.0,0.0,0.0,0.0,0.0,0.0,0.09007998555898666,0.0,0.026983968913555145,0.0,0.0,0.8045000433921814,0.0,0.0,0.0,0.26760557293891907,0.0,0.0,0.04448608681559563,0.0,0.0,0.0,0.18404321372509003,0.0,0.0,0.0,0.7493272423744202,0.0,0.0,0.30199360847473145,0.593683660030365,0.0,0.0,0.0,0.0,0.0,0.0,0.47357845306396484,0.05437606945633888,0.0,0.0,0.0,0.0,0.0,0.0,0.2862272262573242,0.49975916743278503,0.0,0.8584941029548645,0.0,0.4577822685241699,0.0,0.0,0.0,0.0,0.0,0.24705760180950165,0.0,0.0,0.0,0.0,0.0,0.5082343220710754,0.0,0.638396680355072,0.0,0.0,0.0,0.0,0.0,0.0,0.5350569486618042,0.0,0.9540837407112122,0.0,0.0,0.0,0.0,0.382584810256958,0.0,0.0,1.341416835784912,0.37181687355041504,0.0,0.070369191467762,0.05096597969532013,0.0,0.0,0.33294740319252014,0.0,0.0,0.6415492296218872,0.006618034094572067,0.0,0.00764053501188755,0.6472681164741516,0.8014471530914307,0.0,0.0,0.0,0.0,0.0,0.0,0.0,0.6538355946540833,0.0,0.0,0.1969277709722519,0.0,0.0,0.0,0.0,0.0,0.0,0.0,0.0,0.0,0.0,0.0
023_S_0916,AD,train,1.4908037185668945,2.2797088623046875,0.0,0.0,0.0,0.0,0.0,3.664665937423706,1.6780118942260742,2.6240832805633545,0.0,0.0,0.0,0.0,2.709934949874878,0.0,0.0,0.0,0.0,0.0,0.0,0.0,1.975347876548767,0.007787721697241068,0.0,0.0,0.0,1.0805617570877075,0.0,0.0,1.5619415044784546,0.16038240492343903,0.0,0.0,0.0,0.0,0.0,0.6387633085250854,2.521322011947632,0.0,0.0,0.0,0.3685341775417328,0.0,0.0,0.0,3.4098470211029053,0.0,0.0,0.0,0.0,2.552445650100708,0.0,0.0,2.802539110183716,2.696687698364258,0.0,0.0,2.090925455093384,1.5654419660568237,0.5512478947639465,0.0,0.0,0.0,0.0,0.0,0.0,1.1339102983474731,3.801820755004883,0.0,0.0,0.0,0.0,0.0,0.0,0.04421466961503029,0.0,1.9537767171859741,0.0,2.2279257774353027,0.0,0.6330833435058594,0.0,0.023727307096123695,0.0,0.0,0.0,0.0,0.0,0.0,2.5651936531066895,0.02280501462519169,0.0,2.3143117427825928,0.0,0.0,0.0,0.0,0.0,0.0,0.0,0.03944274038076401,0.12268703430891037,0.1255546659231186,0.0,0.0,0.0,0.0,0.0,0.0,0.0,0.0,0.0,0.0,1.9850162267684937,0.0,0.003229999216273427,0.0,3.641042947769165,3.004683256149292,1.3815044164657593,0.0,0.38242220878601074,0.0,0.0,0.0,0.0,0.0,0.0,0.0,0.0,0.0,0.0,0.0,0.0,0.0,0.0,0.0,0.0,0.0,0.0,0.0,0.0,0.5767132639884949,0.0,2.317195177078247,0.03393518179655075,0.0,0.0,0.0,0.021107062697410583,0.0,0.0,0.0,0.0,0.32362884283065796,0.0,0.0,0.0,0.0,0.0,0.0,0.0,0.0,0.0,0.0,0.12363842874765396,0.0,0.0,0.9954549670219421,0.0,0.0,3.417114496231079,0.0,0.9569025039672852,3.465423345565796,0.0844668447971344,0.0,0.0,0.7323915958404541,0.0,0.0,0.0,0.0,0.0,0.0,1.7993313074111938,0.0,0.0,0.0,0.0,0.0027893108781427145,0.0,1.6380971670150757,0.0,0.0,0.0,0.0,0.0,1.9476300477981567,0.0,0.0,0.0,0.0,0.0,0.0,0.0,0.0,0.0,0.0,1.4441808462142944,0.0,0.0,0.0,0.0,2.032809019088745,0.0,0.0,2.2889649868011475,0.0,0.0,0.0,0.0,0.0,0.0,0.4791840612888336,0.7975494265556335,0.0,0.0,0.4105978310108185,0.0,0.0,0.6195262670516968,2.9005203247070312,0.0,0.0,0.0,0.014747495763003826,0.0,0.0,0.0,1.5745996236801147,0.0,0.0,0.4446850121021271,0.0,0.0,0.0,0.0,0.0,0.0,0.0,0.0,0.0,0.0,2.6960277557373047
013_S_0996,AD,train,0.20677708089351654,1.6103070974349976,0.1613887995481491,0.18958057463169098,0.0,0.0,0.0,0.514682412147522,0.3171215355396271,0.33252376317977905,0.0,0.0,0.0,0.0,1.4184837341308594,0.1625288873910904,0.0,0.0,0.03932445868849754,0.0,0.15401077270507812,0.006383436266332865,1.3677082061767578,0.0,0.0,0.0,0.0,0.7057300209999084,0.19571900367736816,0.05390796437859535,0.7293567657470703,0.019248289987444878,0.0,0.0,0.0,0.0,0.0,0.586510181427002,0.8339533805847168,0.0,0.0,0.0,0.0009451070800423622,0.0,0.0,0.0,1.559617519378662,0.0,0.0,0.0,0.0,0.29664215445518494,0.0,0.0,0.35513415932655334,0.38391146063804626,0.0,0.0,0.41236427426338196,1.0569401979446411,0.07724883407354355,0.0,0.0,0.0,0.265281617641449,0.0,0.0,0.11693329364061356,1.6890783309936523,0.008913977071642876,0.0,0.0,0.0,0.0,0.0,0.04217323660850525,0.0,0.6178339123725891,0.0,0.39186862111091614,0.0,0.8260572552680969,0.0,0.0,0.0,0.1434575468301773,0.0,0.0,0.542751133441925,0.0,0.3682391345500946,0.14136530458927155,0.0,0.39086851477622986,0.0,0.0,0.0,0.2556116282939911,0.0,0.0,0.20503701269626617,0.0,0.00843760184943676,0.0011065314756706357,0.0,0.0,0.0,0.09656062722206116,0.3302389681339264,0.29550081491470337,0.0,0.0,0.0,0.0,0.2324659824371338,0.0,0.03909161314368248,0.0,0.43010208010673523,0.510140597820282,0.1585259586572647,0.0,0.5109763741493225,0.0,0.0,0.14189167320728302,0.0,0.0,0.0,0.008463898673653603,0.0,0.0,0.0,0.22757244110107422,0.0,0.0,0.0,0.0,0.01857195608317852,0.0,0.0,0.0,0.0,0.25812003016471863,0.0,0.3684263229370117,0.024317525327205658,0.0,0.2008279711008072,0.0,0.040063392370939255,0.0,0.05054762586951256,0.0,0.0,0.12271394580602646,0.0,0.0,0.0,0.06669997423887253,0.0,0.0,0.0,0.20359842479228973,0.0,0.0,0.25210610032081604,0.1267222911119461,0.0,0.09755954146385193,0.0,0.0,0.29213371872901917,0.0,0.6549636125564575,0.4788781404495239,0.0097090108320117,0.0,0.0,0.10906326770782471,0.0,0.0,0.011853612028062344,0.22028839588165283,0.0,0.24550653994083405,0.25067272782325745,0.08410516381263733,0.0,0.0,0.0,0.00046107216621749103,0.0,0.4437907934188843,0.0,0.0,0.0,0.0,0.0,0.8878576159477234,0.0,0.16982127726078033,0.0,0.0,0.0,0.0,0.0,0.0,0.16827918589115143,0.0,1.0570122003555298,0.0,0.0,0.0,0.0,0.8403236269950867,0.0,0.0,1.509602427482605,0.11548156291246414,0.0,0.0,0.12054295092821121,0.0,0.0,0.3554019033908844,0.02139848656952381,0.0,0.24485008418560028,0.11698201298713684,0.0,0.0,0.6541751027107239,1.407528042793274,0.0,0.0,0.0,0.0,0.0,0.0,0.0,0.7631325721740723,0.0,0.0,0.29992470145225525,0.0,0.0,0.0,0.0,0.0,0.0,0.0,0.0,0.0,0.0,0.2969034016132355
033_S_0725,MCI,train,0.6986594200134277,2.1703836917877197,0.11276296526193619,0.11585578322410583,0.0,0.0,0.0,1.8853896856307983,1.0276352167129517,1.3113759756088257,0.0,0.0,0.0,0.0,2.00254225730896,0.10974834114313126,0.0,0.0,0.018632322549819946,0.0,0.12420611828565598,0.0,1.935551643371582,0.0021627682726830244,0.0,0.0,0.0,0.8703622221946716,0.12297896295785904,0.04455294832587242,1.3183393478393555,0.10113557428121567,0.0,0.0,0.0,0.0,0.0,0.6332288384437561,1.6038447618484497,0.0,0.0,0.0,0.026446478441357613,0.0,0.0,0.0,2.6102609634399414,0.0,0.0,0.0,0.0,1.3598570823669434,0.0,0.0,1.3982566595077515,1.5900660753250122,0.0,0.0,1.3330186605453491,1.43938148021698,0.2527592182159424,0.0,0.0,0.0,0.19996152818202972,0.0,0.0,0.5441616177558899,2.907953977584839,0.0,0.0,0.0,0.0,0.0,0.0,0.10007398575544357,0.0,1.0442603826522827,0.0,1.3986802101135254,0.0,0.9270832538604736,0.0,0.008523289114236832,0.0,0.11007814854383469,0.0,0.0,0.3440721929073334,0.0,1.3027057647705078,0.10566303879022598,0.0,1.327755331993103,0.0,0.0,0.0,0.12117070704698563,0.0,0.0,0.16951626539230347,0.047552693635225296,0.025471508502960205,0.0,0.0,0.0,0.0,0.09096473455429077,0.1784326434135437,0.21395017206668854,0.0,0.0,0.0,0.0,0.985271155834198,0.0,0.04159367457032204,0.0,1.8696180582046509,1.7699893712997437,0.5231079459190369,0.0,0.5471014976501465,0.0,0.0,0.110453300178051,0.0,0.0,0.0,0.009550604037940502,0.0,0.0,0.0,0.16965936124324799,0.0,0.0,0.0,0.0,0.0,0.0,0.0,0.0,0.0,0.6789481043815613,0.0,1.3258039951324463,0.048114627599716187,0.0,0.17295247316360474,0.0,0.046244312077760696,0.0,0.055808648467063904,0.0,0.0,0.21607856452465057,0.0,0.0,0.0,0.052159618586301804,0.0,0.0,0.0,0.15985623002052307,0.0,0.0,0.1720590442419052,0.028430767357349396,0.0,0.5414357781410217,0.01203400269150734,0.0,1.7892723083496094,0.0,0.9164404273033142,2.0386693477630615,0.033963002264499664,0.0,0.0,0.39987966418266296,0.0,0.0,0.0,0.1564662903547287,0.0,0.18061678111553192,1.1097060441970825,0.07394392043352127,0.0,0.0,0.0,0.005371559876948595,0.0,1.182714581489563,0.0,0.0,0.0,0.0,0.0,1.3835625648498535,0.0,0.15117032825946808,0.0,0.0,0.0,0.0,0.0,0.0,0.11043820530176163,0.0,1.3740324974060059,0.0,0.0,0.0,0.0,1.5424466133117676,0.0,0.0,1.921127438545227,0.06561528146266937,0.0,0.0,0.066583551466465,0.0,0.0,0.2942028343677521,0.25293123722076416,0.0,0.164740189909935,0.3678218424320221,0.0,0.0,0.7211858630180359,2.463244676589966,0.0,0.0,0.0,0.0,0.0,0.0,0.0,1.320307731628418,0.0,0.0,0.5272719264030457,0.0,0.0,0.0,0.0,0.0,0.0,0.0,0.0,0.0,0.0,1.324853539466858
082_S_1256,CN,train,0.380110502243042,0.666647732257843,0.0,0.0,0.0,0.0,0.0,1.1789288520812988,0.6205766797065735,0.7573272585868835,0.0,0.0,0.0,0.0,0.9018424153327942,0.0,0.0,0.0,0.0,0.0,0.0,0.00017646700143814087,0.8266027569770813,0.0,0.0,0.0,0.0,0.4306207001209259,0.0,0.0,0.6386026740074158,0.10162496566772461,0.0,0.0,0.0,0.0,0.0,0.29112938046455383,0.8543538451194763,0.0,0.0,0.0,0.0,0.0,0.0,0.0,1.0666779279708862,0.0,0.0,0.0,0.0,0.8277186751365662,0.0,0.0,0.805176317691803,0.7696971893310547,0.0,0.0,0.9736315608024597,0.6011118292808533,0.11355850845575333,0.0,0.0,0.0,0.0,0.0,0.0,0.30417343974113464,1.2360986471176147,0.0,0.0,0.0,0.0,0.0,0.0,0.01987500488758087,0.0,0.6658915877342224,0.0,0.8489055633544922,0.0,0.2501696050167084,0.0,0.0014845472760498524,0.0,0.0,0.0,0.0,0.019585078582167625,0.0,0.8292209506034851,0.010170754976570606,0.0,0.797269344329834,0.0,0.0,0.0,0.0,0.0,0.0,0.0,0.009269803762435913,0.017161866649985313,0.0,0.0,0.0,0.0,0.0,0.04091425612568855,0.0,0.0,0.0,0.0,0.0,0.6135346293449402,0.0,0.05090734735131264,0.0,0.9534716606140137,0.9537873268127441,0.3006798028945923,0.0,0.27097225189208984,0.0,0.0,0.0,0.0,0.0,0.0,0.0,0.0,0.0,0.0,0.0,0.0,0.0,0.0,0.0,0.0,0.0,0.0,0.0,0.0,0.39434441924095154,0.0,0.7076371312141418,0.0,0.0,0.0,0.0,0.16290415823459625,0.0,0.0,0.0,0.0,0.1876423954963684,0.0,0.0,0.0,0.0,0.0,0.0,0.0,0.0,0.0,0.0,0.02806919626891613,0.0,0.0,0.29344797134399414,0.0003710243327077478,0.005572497844696045,0.8479117751121521,0.0,0.364177942276001,1.064512848854065,0.0,0.0,0.0,0.24489782750606537,0.0,0.0,0.0,0.0,0.0,0.0,0.6071648001670837,0.0,0.0,0.0,0.0,0.0006258210050873458,0.0,0.8144205212593079,0.0,0.0,0.0,0.0,0.0,0.6043891906738281,0.0,0.0,0.0,0.0,0.0,0.0,0.0,0.0,0.0,0.0,0.57037752866745,0.0,0.0,0.0,0.0,0.7300923466682434,0.0,0.0,0.7762148976325989,0.0,0.0,0.0,0.0,0.0,0.0,0.08359328657388687,0.1276526302099228,0.0,0.0,0.3208351731300354,0.0,0.0,0.16694872081279755,1.0927845239639282,0.0,0.0,0.0,0.0,0.0,0.0,0.0,0.6048452258110046,0.0,0.0,0.20211710035800934,0.0,0.0,0.0,0.0,0.0,0.0,0.0,0.0,0.0,0.0,0.687046229839325
128_S_1148,MCI,train,0.7724325656890869,1.6018987894058228,0.0,0.0,0.0,0.0025250755716115236,0.0,2.0877482891082764,1.0749460458755493,1.4165350198745728,0.0,0.0,0.0,0.0,1.7495137453079224,0.0,0.0,0.0,0.0,0.0,0.0,0.01741511933505535,1.6627326011657715,0.0,0.0,0.0,0.0,0.7598323822021484,0.0,0.0,1.3120185136795044,0.16933508217334747,0.0,0.0,0.0,0.0,0.0,0.5308073163032532,1.532533049583435,0.0,0.0,0.0,0.10409063845872879,0.0,0.0,0.0,2.391448736190796,0.0,0.0,0.0,0.0,1.4866999387741089,0.0,0.0,1.590482234954834,1.6574677228927612,0.0,0.0,1.502501368522644,1.1666980981826782,0.23446227610111237,0.0,0.0,0.0007327727507799864,0.0,0.0,0.0,0.5617658495903015,2.657240152359009,0.0,0.0,0.0,0.0,0.0,0.0,0.1216593086719513,0.0,1.2032121419906616,0.0,1.6111116409301758,0.0,0.6215730309486389,0.0,0.015618829987943172,0.0,0.0,0.0,0.0,0.0657225251197815,0.0,1.483129858970642,0.02925783582031727,0.0,1.4508204460144043,0.0,0.0,0.0,0.0,0.0,0.0,0.0,0.029265165328979492,0.033022087067365646,0.0,0.0011693680426105857,0.0,0.0,0.0,0.072150319814682,0.0,0.0,0.0,0.0,0.0,1.0977814197540283,0.0,0.08232680708169937,0.0,2.037874698638916,1.8923405408859253,0.565980851650238,0.0,0.4762796461582184,0.0,0.0,0.0,0.0,0.0,0.0,0.0,0.0,0.0,0.0,0.0,0.0,0.0,0.0,0.0,0.0,0.0,0.0,0.0,0.0,0.6879728436470032,0.0,1.4700721502304077,0.0478808730840683,0.007250373717397451,0.0,0.0,0.10275224596261978,0.0,0.0,0.0,0.0,0.3206949532032013,0.0,0.0,0.0,0.0,0.0,0.0,0.0,0.0,0.0,0.0,0.12044788151979446,0.0,0.0,0.5645334124565125,0.006300048436969519,0.004244507756084204,1.8476723432540894,0.0,0.6756994128227234,2.174180269241333,0.026974238455295563,0.0,0.0,0.49286702275276184,0.0,0.0,0.0,0.0,0.0,0.0,1.1907315254211426,0.0,0.0,0.0,0.0,0.012251642532646656,0.0,1.2554640769958496,0.0,0.0,0.0,0.0,0.0,1.2069631814956665,0.0,0.0,0.0,0.0,0.0,0.0,0.0,0.0,0.0,0.0,1.1205166578292847,0.0,0.0,0.0,0.0,1.4901422262191772,0.0,0.0,1.4395509958267212,0.0,0.0,0.0,0.0,0.0,0.0,0.15008483827114105,0.3121371269226074,0.0,0.0,0.4739024341106415,0.0,0.0,0.46834036707878113,2.2952218055725098,0.0,0.0,0.0,0.0,0.0,0.0,0.0,1.2257133722305298,0.0,0.0,0.43460115790367126,0.0,0.0,0.0,0.0,0.0,0.0,0.0,0.0,0.0,0.0,1.389817237854004
136_S_0194,AD,train,0.0,0.9364896416664124,0.09571942687034607,0.17659662663936615,0.0,0.0,0.0,0.0,0.08952958136796951,0.0,0.0,0.0,0.0,0.0,0.7778077125549316,0.222679004073143,0.0,0.0,0.003990765195339918,0.0,0.09605062007904053,0.0,0.8842918276786804,0.0,0.0,0.0,0.0,0.3104376196861267,0.047924622893333435,0.0,0.4600195586681366,0.0,0.0,0.0,0.0,0.0,0.0,0.29994502663612366,0.470990926027298,0.0,0.0,0.0,0.0,0.0,0.0,0.0,0.7986435294151306,0.0,0.0,0.0,0.0,0.0,0.0,0.0,0.0,0.0,0.0,0.0,0.0,0.7090336680412292,0.0,0.0,0.0,0.0,0.07914290577173233,0.0,0.0,0.0,0.8312810063362122,0.0,0.0,0.0,0.0,0.0,0.0,0.0,0.0,0.31746211647987366,0.0,0.0,0.0,0.5555881261825562,0.0,0.0,0.0,0.03910764679312706,0.0,0.0,0.3758758008480072,0.0,0.0,0.15429683029651642,0.0,0.0037115870509296656,0.0,0.0,0.0,0.00046278524678200483,0.0,0.0,0.13381849229335785,0.0,0.0,0.0,0.0,0.0,0.0,0.10627611726522446,0.28700366616249084,0.19869208335876465,0.0,0.0,0.0,0.0,0.0,0.0,0.0,0.0,0.0,0.0037509615067392588,0.007106609642505646,0.0,0.5842450857162476,0.0,0.0,0.01139187440276146,0.0,0.0,0.0,0.008049407973885536,0.0,0.0,0.0,0.13579289615154266,0.0,0.0,0.0,0.0,0.0,0.0,0.0,0.0,0.0,0.0296011995524168,0.0,0.0,0.0,0.0,0.17913968861103058,0.0,0.005575541872531176,0.0,0.08608395606279373,0.0,0.0,0.0,0.0,0.0,0.0,0.018760787323117256,0.0,0.0,0.0,0.22790755331516266,0.0,0.0,0.053601693361997604,0.0,0.0,0.0,0.0,0.0,0.0,0.0,0.460953027009964,0.0,0.0,0.0,0.0,0.0,0.0,0.0,0.0,0.08832678943872452,0.0,0.17549175024032593,0.0,0.05292120948433876,0.0,0.0,0.0,0.0,0.0,0.381717711687088,0.0,0.0,0.0,0.0,0.0,0.4209206998348236,0.0,0.09341183304786682,0.0,0.0,0.0,0.0,0.0,0.0,0.030559631064534187,0.0,0.6522685885429382,0.0,0.0,0.0,0.0,0.2535328269004822,0.0,0.0,0.8962395191192627,0.0,0.0,0.0,0.0,0.0,0.0,0.2964690625667572,0.0,0.0,0.18415208160877228,0.0,0.0,0.0,0.45809313654899597,0.6158427000045776,0.0,0.0,0.0,0.0,0.0,0.0,0.0,0.46250268816947937,0.0,0.0,0.1587875336408615,0.0,0.0,0.0,0.0,0.0,0.0,0.0,0.0,0.0,0.0,0.0
016_S_0769,MCI,train,1.287795066833496,2.454369306564331,0.12238922715187073,0.12218312174081802,0.0,0.0,0.0,3.191669464111328,1.3866019248962402,2.4384231567382812,0.0,0.0,0.0,0.0,2.7820329666137695,0.10949352383613586,0.0,0.0,0.05434204638004303,0.0,0.12669076025485992,0.0,2.1630117893218994,0.0003332948836032301,0.0,0.0,0.0,1.0956273078918457,0.1539931744337082,0.034207168966531754,1.63544762134552,0.16731826961040497,0.0,0.0,0.0,0.0,0.0,0.8030993342399597,2.282747268676758,0.0,0.0,0.0,0.39583608508110046,0.0,0.0,0.0,3.4978129863739014,0.0,0.0,0.005953375715762377,0.0,2.253546714782715,0.0,0.0,2.5230982303619385,2.5838804244995117,0.0,0.0,1.6842087507247925,1.6642667055130005,0.5807777047157288,0.0,0.0,0.0,0.20214378833770752,0.0,0.0,1.047545075416565,3.8167364597320557,0.0031067831441760063,0.0,0.0,0.0,0.0,0.0,0.10555621236562729,0.0,1.8447664976119995,0.0,2.126422166824341,0.0,0.8319385647773743,0.0,0.0,0.0,0.1046803668141365,0.0,0.0,0.24225078523159027,0.0,2.264376640319824,0.14303641021251678,0.0,2.1143057346343994,0.0,0.0,0.0,0.1249651089310646,0.0,0.0,0.15972130000591278,0.09804949164390564,0.03583579137921333,0.026606397703289986,0.0,0.0,0.0,0.09681869298219681,0.14419762790203094,0.2289671152830124,0.0,0.0,0.0,0.0,1.812692642211914,0.0,0.00769631564617157,0.0,3.5326881408691406,2.786952018737793,1.152329921722412,0.0,0.5463252067565918,0.0,0.0,0.11843227595090866,0.0,0.0,0.0,0.027596307918429375,0.0,0.0,0.0,0.153695747256279,0.0,0.0,0.0,0.0,0.012569877319037914,0.0,0.0,0.0,0.0,0.5346176028251648,0.0,2.2631988525390625,0.04842231795191765,0.0,0.19853709638118744,0.0,0.007368551567196846,0.0,0.07007554918527603,0.0,0.0,0.20026375353336334,0.0,0.0,0.0,0.04910275712609291,0.0,0.0,0.0,0.17712467908859253,0.0,0.0,0.1810954213142395,0.0,0.0,0.8807799220085144,0.0,0.0,3.3565313816070557,0.0,1.0198103189468384,3.3155288696289062,0.12008274346590042,0.0,0.0,0.6816770434379578,0.0,0.0,0.0,0.1661228984594345,0.0,0.17983834445476532,1.7231963872909546,0.09225935488939285,0.0,0.0,0.0,0.0,0.0,1.4248623847961426,0.0,0.0,0.0,0.0,0.0,2.022637367248535,0.0,0.12661002576351166,0.0,0.0,0.0,0.0,0.0,0.0,0.12126180529594421,0.0,1.6081576347351074,0.0,0.0,0.0,0.0,2.0336849689483643,0.0,0.0,2.3528079986572266,0.0851251482963562,0.0,0.0,0.04807219281792641,0.0,0.0,0.44680890440940857,0.7636680603027344,0.0,0.16025283932685852,0.439434677362442,0.0,0.0,0.7799907326698303,2.9427130222320557,0.0,0.0,0.0,0.0,0.0,0.0,0.0,1.7549086809158325,0.0,0.0,0.6623613238334656,0.0,0.0,0.0,0.0,0.0,0.0,0.0,0.0,0.0,0.0,2.5329408645629883
023_S_0388,MCI,train,1.2242075204849243,2.040423631668091,0.0,0.0,0.0,0.0,0.0,3.2220327854156494,1.4520115852355957,2.2705419063568115,0.0,0.0,0.0,0.0,2.526890754699707,0.0,0.0,0.0,0.0,0.0,0.0,0.0,1.8904037475585938,0.03854244947433472,0.0,0.0,0.0,1.2065876722335815,0.0,0.0,1.452654480934143,0.24348987638950348,0.0,0.0,0.0,0.0,0.0,0.6285109519958496,2.291571855545044,0.0,0.0,0.0,0.29713964462280273,0.0,0.0,0.0,3.052901268005371,0.0,0.0,0.013439533300697803,0.0,2.248260498046875,0.0,0.0,2.449827194213867,2.100834608078003,0.0,0.0,1.889243483543396,1.5408567190170288,0.506277859210968,0.0,0.0,0.0,0.0,0.0,0.0,0.9405387043952942,3.4469411373138428,0.0,0.0,0.0,0.0,0.0,0.0,0.11791519075632095,0.0,1.9464683532714844,0.0,2.0456717014312744,0.0,0.653334379196167,0.0,0.008896923623979092,0.0,0.0,0.0,0.0,0.04094798490405083,0.0,2.2281956672668457,0.007889228872954845,0.0,1.9988399744033813,0.0,0.0,0.0,0.0,0.0,0.0,0.0,0.0,0.10145998001098633,0.11624898761510849,0.0,0.0,0.0,0.0,0.06365469843149185,0.0,0.0,0.0,0.0,0.0,1.7962956428527832,0.0,0.00552593357861042,0.0,3.0595481395721436,2.6151647567749023,1.1930928230285645,0.0,0.5231382250785828,0.0,0.0,0.0,0.0,0.0,0.0,0.0,0.0,0.0,0.0,0.0,0.0,0.0,0.0,0.0,0.0,0.0,0.0,0.0,0.0,0.5712930560112,0.0,2.2003917694091797,0.008450713939964771,0.0,0.0,0.0,0.020610438659787178,0.0,0.0,0.0,0.0,0.3734706938266754,0.0,0.0,0.0,0.0,0.0,0.0,0.0,0.0,0.0,0.0,0.062421660870313644,0.0,0.0,0.7759954333305359,0.0,0.0,2.86114239692688,0.0,0.7982223629951477,3.053598642349243,0.09245502203702927,0.0,0.007101893424987793,0.6242754459381104,0.0,0.0,0.02566141076385975,0.0,0.0,0.0,1.548632264137268,0.0,0.0,0.0,0.0,0.020161552354693413,0.0,1.4914556741714478,0.0,0.0,0.0,0.0,0.0,1.912615180015564,0.0,0.0,0.0,0.0,0.0,0.0,0.0,0.0,0.0,0.0,1.417273998260498,0.0,0.0,0.0,0.0,1.9654273986816406,0.0,0.0,2.0515782833099365,0.0,0.0,0.0,0.0014891313621774316,0.0,0.0,0.47915565967559814,0.6773528456687927,0.0,0.0,0.4205649197101593,0.0,0.0,0.5326505303382874,2.785172700881958,0.0,0.0,0.0,0.0042124176397919655,0.0,0.0,0.0,1.4721146821975708,0.0,0.0,0.41596662998199463,0.0,0.0,0.0,0.0,0.0,0.0,0.0,0.0,0.0,0.0,2.318753480911255
037_S_0303,CN,train,0.7412993907928467,1.5945696830749512,0.12313088029623032,0.09822729974985123,0.0,0.0,0.0,1.9943233728408813,1.0308995246887207,1.2726267576217651,0.0,0.0,0.0022908917162567377,0.0,1.6792048215866089,0.10322117060422897,0.0,0.0,0.04221201315522194,0.0,0.1022966206073761,0.004214933607727289,1.4704599380493164,0.0,0.0,0.0,0.0,0.6740033030509949,0.131749227643013,0.010712824761867523,1.0356556177139282,0.25613129138946533,0.0,0.0,0.0,0.0,0.0,0.36697277426719666,1.344600796699524,0.0,0.0,0.0,0.026570670306682587,0.0,0.0,0.0,2.054509401321411,0.0,0.0,0.0,0.0,1.248322606086731,0.0,0.0,1.2572559118270874,1.3293951749801636,0.0,0.0,1.674473762512207,1.1201618909835815,0.21932239830493927,0.0,0.0,0.0,0.17063605785369873,0.0,0.0,0.35571232438087463,2.3884856700897217,0.0009185376111418009,0.0,0.0,0.0,0.0,0.0,0.17522282898426056,0.0,0.9887125492095947,0.0,1.430585503578186,0.0,0.5828857421875,0.0,0.005707439035177231,0.0,0.09937688708305359,0.0,0.0,0.2865861654281616,0.0,1.3285959959030151,0.16686169803142548,0.0,1.3403772115707397,0.0,0.0,0.0,0.068974070250988,0.0,0.0,0.136005237698555,0.0052343327552080154,0.08399743586778641,0.0,0.0016906404634937644,0.0,0.0,0.08156006783246994,0.11714322119951248,0.17944997549057007,0.0,0.0,0.0,0.0,0.9931516647338867,0.0,0.21264785528182983,0.0,1.5811972618103027,1.6812868118286133,0.47058355808258057,0.0,0.6904459595680237,0.0,0.0,0.11026343703269958,0.0,0.0,0.0,0.008841102942824364,0.0,0.0,0.0,0.137377068400383,0.0,0.0,0.0,0.0,0.02045462466776371,0.0,0.0,0.0,0.0,0.9572935104370117,0.0,1.3068060874938965,0.1307450830936432,0.0,0.17329205572605133,0.0,0.22151945531368256,0.0,0.04700417444109917,0.0,0.0,0.4182848036289215,0.0,0.0,0.0,0.04042758792638779,0.0,0.0,0.0,0.14376592636108398,0.0,0.0,0.08513057976961136,0.0,0.0,0.5499415993690491,0.04849737510085106,0.0,1.2781773805618286,0.0,0.725140392780304,1.7981840372085571,0.0,0.0,0.0,0.37740597128868103,0.0,0.0,0.0,0.14921681582927704,0.0,0.14094196259975433,1.195997714996338,0.0670718178153038,0.0,0.0,0.0,0.00786037091165781,0.0,1.3141649961471558,0.0,0.0,0.0,0.0,0.0,1.117972493171692,0.0,0.11555556207895279,0.0,0.0,0.0,0.0,0.0,0.0,0.09567571431398392,0.0,1.0156327486038208,0.0,0.0,0.0,0.0,1.398927092552185,0.0,0.0,1.5216798782348633,0.0732986181974411,0.0,0.0,0.04867292940616608,0.0,0.0,0.13831670582294464,0.14447414875030518,0.0,0.14857326447963715,0.5746238827705383,0.0,0.0,0.27540770173072815,2.0682764053344727,0.0,0.0,0.0,0.0,0.0,0.0,0.0,1.0574564933776855,0.0,0.0,0.21619929373264313,0.0,0.0,0.0,0.0,0.0,0.0,0.0,0.0,0.0,0.0,1.082222580909729
021_S_0332,MCI,train,1.1467698812484741,2.0328304767608643,0.0,0.0,0.0,0.0,0.0,3.3964920043945312,1.5133787393569946,2.0905702114105225,0.0,0.0,0.0,0.0,2.5235912799835205,0.0,0.0,0.0,0.0,0.0,0.0,0.0,1.8446615934371948,0.020002981647849083,0.0,0.0,0.0,1.1346160173416138,0.0,0.0,1.3731073141098022,0.3052015006542206,0.0,0.0,0.0,0.0,0.0,0.5994929671287537,2.20646595954895,0.0,0.0,0.0,0.4639550447463989,0.0,0.0,0.0,3.049583673477173,0.0,0.0,0.0,0.0,2.1809659004211426,0.0,0.0,2.4235944747924805,2.007401466369629,0.0,0.005455609876662493,1.844375729560852,1.5684317350387573,0.4936147630214691,0.0,0.0,0.0,0.0,0.0,0.0,1.043237566947937,3.402196168899536,0.0,0.0,0.0,0.0,0.0,0.0,0.0,0.0,1.942348837852478,0.0013128109276294708,1.9850183725357056,0.0,0.5508330464363098,0.0,0.015306428074836731,0.0,0.007813690230250359,0.0,0.0,0.0010293045779690146,0.0,2.133812189102173,0.005961343180388212,0.0,2.0439960956573486,0.0,0.0,0.0,0.0,0.0,0.0,0.0,0.004514103289693594,0.21218657493591309,0.20509035885334015,0.0014413142343983054,0.0,0.0,0.0,0.05990608409047127,0.0,0.0,0.0,0.0,0.0,1.693686842918396,0.0,0.0,0.0,3.001685857772827,2.535705804824829,1.4183464050292969,0.0,0.5339108109474182,0.0,0.0,0.0,0.0,0.0007148806471377611,0.0,0.0,0.0,0.0,0.0,0.0008830509032122791,0.0,0.0,0.0,0.0,0.0,0.0,0.0,0.0,0.0,0.5183476805686951,0.0,1.9220048189163208,0.06497234851121902,0.0,0.0,0.0,0.01782592013478279,0.0,0.0,0.0,0.0,0.4058610200881958,0.0,0.0,0.0,0.0,0.0,0.0,0.0,0.0,0.0,0.0,0.13525107502937317,0.0,0.0,0.8217679858207703,0.0,0.0,2.743128538131714,0.0,0.7523529529571533,3.0803356170654297,0.0030260884668678045,0.0,0.0,0.6474241614341736,0.0,0.0,0.0,0.0018721845699474216,0.0,0.0,1.5912156105041504,0.0,0.0,0.0,0.0,0.023055611178278923,0.0,1.5768638849258423,0.0,0.0,0.0,0.0,0.0,1.6594489812850952,0.0,0.0,0.0,0.0,0.006853111088275909,0.0,0.0,0.0,0.0,0.0,1.492352843284607,0.0,0.0,0.0,0.0,1.8591090440750122,0.0,0.0,2.0405218601226807,0.0,0.0,0.0,0.0065369028598070145,0.0,0.0,0.40801432728767395,0.7254472374916077,0.0,0.0,0.39718225598335266,0.0,0.0,0.4977273941040039,2.5857973098754883,0.0,0.0,0.0,0.019530585035681725,0.0,0.0,0.0,1.4337149858474731,0.0,0.0,0.4465982913970947,0.0,0.0,0.0,0.0,0.0,0.0,0.0,0.0,0.0,0.0,2.091017007827759
130_S_0886,CN,train,0.25347933173179626,0.9812717437744141,0.0,0.0,0.0,0.0,0.0,0.6885700821876526,0.4913999140262604,0.39394187927246094,0.0,0.0,0.0,0.0,1.0034533739089966,0.0296685378998518,0.0,0.0,0.0,0.0,0.0,0.002764797070994973,0.9582414627075195,0.0,0.0,0.0,0.0,0.42793360352516174,0.0,0.0,0.6063189506530762,0.029986493289470673,0.0,0.0,0.0,0.0,0.0,0.1684923768043518,0.7954187393188477,0.0,0.0,0.0,0.005117195192724466,0.0,0.0,0.022202828899025917,1.1213539838790894,0.0,0.0,0.06615758687257767,0.0,0.29066577553749084,0.0,0.0,0.35288748145103455,0.3609451353549957,0.0,0.0,0.7080110907554626,0.6601260304450989,0.050567876547575,0.0,0.0,0.0,0.0,0.0,0.0,0.10223137587308884,1.3467025756835938,0.0,0.0,0.0,0.0,0.0,0.0,0.09101998805999756,0.0,0.5111440420150757,0.0,0.4349580705165863,0.0,0.5064722895622253,0.0,0.0,0.0,0.0,0.0,0.0,0.31681346893310547,0.0,0.426634818315506,0.05866976082324982,0.0,0.49324288964271545,0.0,0.0,0.0,0.0,0.0,0.0,0.0,0.011924742721021175,0.01012131292372942,0.0,0.0,0.0,0.0,0.0,0.127822607755661,0.0,0.0,0.0,0.0,0.0,0.28196442127227783,0.0,0.13547532260417938,0.0,0.39462313055992126,0.6081123352050781,0.12288597226142883,0.0,0.535227358341217,0.0,0.0,0.0,0.0,0.0,0.0,0.0,0.0,0.0,0.0,0.0,0.0,0.0,0.0,0.0,0.0,0.0,0.0,0.0,0.0,0.44742289185523987,0.0,0.5450270175933838,0.022900601848959923,0.0,0.0,0.0,0.09790391474962234,0.0,0.0,0.0,0.0,0.2674780786037445,0.0,0.0,0.0,0.0,0.0,0.0,0.0,0.0,0.0,0.0,0.0,0.0,0.0,0.14396677911281586,0.013150181621313095,0.0,0.21616534888744354,0.0,0.5091455578804016,0.5177261829376221,0.11715593189001083,0.0,0.0,0.09272905439138412,0.0,0.0,0.0043934606947004795,0.0,0.0,0.0,0.3012118637561798,0.0,0.0,0.0,0.0,0.007492848206311464,0.0,0.5500802397727966,0.0,0.0,0.0,0.0,0.0,0.7355968356132507,0.0,0.0,0.0,0.0,0.0,0.0,0.0,0.0,0.0,0.0,0.6992049813270569,0.0,0.0,0.0,0.0,0.8443983197212219,0.0,0.0,0.9168469309806824,0.0,0.0,0.0,0.007616688963025808,0.0,0.0,0.0731632336974144,0.0390947051346302,0.0,0.0,0.2179839164018631,0.0,0.0,0.3654673099517822,1.1983083486557007,0.0,0.0,0.0,0.0,0.0,0.0,0.0,0.5600793957710266,0.0,0.0,0.06544483453035355,0.0,0.0,0.0,0.0,0.0,0.0,0.0,0.0,0.0,0.0,0.29912370443344116
067_S_0607,MCI,train,0.3053644597530365,0.4970662295818329,0.0,0.0,0.0,0.0,0.0,0.8808255791664124,0.4333663880825043,0.6019307971000671,0.0,0.0,0.0,0.0,0.6373346447944641,0.0,0.0,0.0,0.0,0.0,0.0,0.0,0.5069681406021118,0.0015835867961868644,0.0,0.0,0.0,0.2812964618206024,0.0,0.0,0.3718949556350708,0.03332344815135002,0.0,0.0,0.0,0.0,0.0,0.148843452334404,0.6060964465141296,0.0,0.0,0.0,0.02811524271965027,0.0,0.0,0.0,0.7877956032752991,0.0,0.0,0.0,0.0,0.5968069434165955,0.0,0.0,0.6446846723556519,0.5483943819999695,0.0,0.0,0.5913609266281128,0.3766289949417114,0.12840689718723297,0.0,0.0,0.0,0.0,0.0,0.0,0.2631448209285736,0.9085927605628967,0.0,0.0,0.0,0.0,0.0,0.0,0.01310764905065298,0.0,0.48229071497917175,0.0,0.579353928565979,0.0,0.15174350142478943,0.0,0.0,0.0,0.0,0.0,0.0,0.0,0.0,0.582698404788971,0.01571405492722988,0.0,0.5772438049316406,0.0,0.0,0.0,0.0,0.0,0.0,0.0,0.0,0.03148883581161499,0.0,0.0,0.0,0.0,0.0,0.017430951818823814,0.0,0.0,0.0,0.0,0.0,0.4745080769062042,0.0,0.014788792468607426,0.0,0.7863026261329651,0.6942319273948669,0.27000823616981506,0.0,0.13745084404945374,0.0,0.0,0.0,0.0,0.0,0.0,0.0,0.0,0.0,0.0,0.0,0.0,0.0,0.0,0.0,0.0,0.0,0.0,0.0,0.0,0.22522608935832977,0.0,0.570019543170929,0.009260794147849083,0.0,0.0,0.0,0.008934817276895046,0.0,0.0,0.0,0.0,0.10168421268463135,0.0,0.0,0.0,0.0,0.0,0.0,0.0,0.0,0.0,0.0,0.02365153282880783,0.0,0.0,0.21746164560317993,0.0,0.0,0.7163766026496887,0.0,0.2565777599811554,0.8173300623893738,0.0,0.0,0.0,0.18856875598430634,0.0,0.0,0.0,0.0,0.0,0.0,0.4560244381427765,0.0,0.0,0.0,0.0,0.0,0.0,0.4797529876232147,0.0,0.0,0.0,0.0,0.0,0.48186981678009033,0.0,0.0,0.0,0.0,0.0,0.0,0.0,0.0,0.0,0.0,0.34600162506103516,0.0,0.0,0.0,0.0,0.5037645101547241,0.0,0.0,0.5643080472946167,0.0,0.0,0.0,0.0,0.0,0.0,0.04446037486195564,0.13134925067424774,0.0,0.0,0.17855803668498993,0.0,0.0,0.09910304099321365,0.7543339133262634,0.0,0.0,0.0,0.0,0.0,0.0,0.0,0.42710408568382263,0.0,0.0,0.12451378256082535,0.0,0.0,0.0,0.0,0.0,0.0,0.0,0.0,0.0,0.0,0.5917311906814575
116_S_1083,AD,train,0.1499369889497757,1.6994653940200806,0.1360999196767807,0.08306457847356796,0.0,0.0,0.0,0.5745287537574768,0.5397077202796936,0.2003716230392456,0.0,0.0,0.0,0.0,1.4953360557556152,0.303951233625412,0.0,0.0,0.06677266210317612,0.0,0.111757792532444,0.0,1.4240518808364868,0.0,0.0,0.0,0.0,0.6985738277435303,0.06668376177549362,0.0,0.8350297808647156,0.03582005947828293,0.0,0.0,0.0,0.0,0.0,0.4257434606552124,0.9641738533973694,0.0,0.0,0.0,0.0,0.0,0.0,0.014763575047254562,1.6919565200805664,0.0,0.0,0.08860588818788528,0.0,0.15735264122486115,0.0,0.0,0.18140943348407745,0.12843017280101776,0.0,0.0,0.7226120829582214,1.0682754516601562,0.015351381152868271,0.0,0.0,0.0,0.1660657376050949,0.0,0.0,0.017923155799508095,1.795544147491455,0.0,0.0,0.0,0.0,0.0,0.0,0.12067288160324097,0.0,0.5811604857444763,0.0,0.26793545484542847,0.0,0.8436041474342346,0.0,0.0,0.0,0.06046219542622566,0.0,0.0,0.8491212725639343,0.0,0.22678343951702118,0.25990965962409973,0.0,0.3954039514064789,0.0,0.0,0.0,0.0,0.0,0.0,0.10430441051721573,0.0,0.03322843089699745,0.0,0.0,0.0,0.0,0.1380428820848465,0.21815244853496552,0.11788686364889145,0.0,0.0,0.0,0.0,0.14778809249401093,0.0,0.18068385124206543,0.0,0.12275203317403793,0.412036657333374,0.04185652360320091,0.0,0.9958170056343079,0.0,0.0,0.04531172290444374,0.0,0.0,0.0,0.010404147207736969,0.0,0.0,0.0,0.16393472254276276,0.0,0.0,0.0,0.0,0.0,0.0,0.0,0.0,0.0,0.5201302170753479,0.0,0.3303496241569519,0.039679236710071564,0.0,0.11639281362295151,0.0,0.16400958597660065,0.0,0.0,0.0,0.0,0.26581117510795593,0.0,0.0,0.0,0.07620611041784286,0.0,0.0,0.0,0.21182425320148468,0.01824902929365635,0.0,0.07567659765481949,5.774655437562615e-05,0.0,0.12542550265789032,0.03681553155183792,0.0,0.024544360116124153,0.0,0.877676248550415,0.29827919602394104,0.17710335552692413,0.0,0.0,0.05923401936888695,0.0,0.0,0.009337867610156536,0.07113076001405716,0.0,0.12785935401916504,0.20648890733718872,0.058682914823293686,0.0,0.0,0.0,0.008490355685353279,0.0,0.7051458358764648,0.0,0.0,0.0,0.0,0.0,0.8918843269348145,0.0,0.0685236006975174,0.0,0.0,0.0,0.0,0.0,0.0,0.02951928973197937,0.0,1.1592860221862793,0.0,0.0,0.0,0.0,1.20891535282135,0.0,0.0,1.5529075860977173,0.002305982867255807,0.0,0.0,0.0662306696176529,0.0,0.0,0.1305733621120453,0.0,0.0,0.16061465442180634,0.19844770431518555,0.0,0.0,0.5431681275367737,1.7321189641952515,0.0,0.0,0.0,0.0,0.0,0.0,0.0,0.8101240992546082,0.0,0.0,0.021456971764564514,0.0,0.0,0.0,0.0,0.0,0.0,0.0,0.0,0.0,0.0,0.09593236446380615
023_S_0058,CN,train,1.0792477130889893,1.712971806526184,0.0,0.0,0.0,0.0,0.0,3.0576446056365967,1.4194611310958862,2.143832206726074,0.0,0.0,0.0,0.0,2.239082098007202,0.0,0.0,0.0,0.0,0.0,0.0,0.0,1.5932421684265137,0.009645471349358559,0.0,0.0,0.0,0.9608180522918701,0.0,0.0,1.3480658531188965,0.1971987932920456,0.0,0.0,0.0,0.0,0.0,0.5439362525939941,1.9986244440078735,0.0,0.0,0.0,0.18631303310394287,0.0,0.0,0.0,2.6316258907318115,0.0,0.0,0.008794626221060753,0.0,2.112194299697876,0.0,0.0,2.2766847610473633,2.1165237426757812,0.0,0.0,1.984248161315918,1.2433303594589233,0.5245368480682373,0.0,0.0,0.0,0.0,0.0,0.0,0.9036470055580139,3.051798105239868,0.0,0.0,0.0,0.0,0.0,0.0,0.010640143416821957,0.0,1.6458821296691895,0.0,1.9868272542953491,0.0,0.47907471656799316,0.0,0.0,0.0,0.0,0.0,0.0,0.026556074619293213,0.0,2.1136481761932373,0.017605872824788094,0.0,2.0078141689300537,0.0,0.0,0.0,0.0,0.0,0.0,0.0,0.0018749088048934937,0.05139956250786781,0.015147801488637924,0.0,0.0,0.0,0.0,0.038671087473630905,0.0,0.0,0.0,0.0,0.0,1.5899616479873657,0.0,0.005072733853012323,0.0,2.9007136821746826,2.5582058429718018,0.9890498518943787,0.0,0.4240781366825104,0.0,0.0,0.0,0.0,0.0,0.0,0.0,0.0,0.0,0.0,0.0,0.0,0.0,0.0,0.0,0.0,0.0,0.0,0.0,0.0,0.707676887512207,0.0,2.0355169773101807,0.014299959875643253,0.0,0.0,0.0,0.06610125303268433,0.0,0.0,0.0,0.0,0.3480098247528076,0.0,0.0,0.0,0.0,0.0,0.0,0.0,0.0,0.0,0.0,0.024062717333436012,0.0,0.0,0.8313465118408203,0.0,0.0,2.6198413372039795,0.0,0.7827727794647217,2.9249753952026367,0.0,0.0,0.0,0.6220556497573853,0.0,0.0,0.0,0.0,0.0,0.0,1.5268551111221313,0.0,0.0,0.0,0.0,0.0003120307228527963,0.0,1.562038779258728,0.0,0.0,0.0,0.0,0.0,1.6724432706832886,0.0,0.0,0.0,0.0,0.0038658420089632273,0.0,0.0,0.0,0.0,0.0,1.1722643375396729,0.0,0.0,0.0,0.0,1.735970377922058,0.0,0.0,1.799094319343567,0.0,0.0,0.0,0.0,0.0,0.0,0.29824018478393555,0.6022647023200989,0.0,0.0,0.5807461738586426,0.0,0.0,0.4140046536922455,2.400836229324341,0.0,0.0,0.0,0.0034758972469717264,0.0,0.0,0.0,1.3464927673339844,0.0,0.0,0.4847714900970459,0.0,0.0,0.0,0.0,0.0,0.0,0.0,0.0,0.0,0.0,2.137799024581909
002_S_1018,AD,train,0.0,0.7994134426116943,0.15553328394889832,0.20943695306777954,0.0,0.0,0.0,0.017343584448099136,0.10809846967458725,0.0,0.0,0.0,0.0,0.0,0.6314147114753723,0.26463502645492554,0.0,0.0,0.011952602304518223,0.0,0.15554313361644745,0.0,0.7350130081176758,0.0,0.0,0.0,0.0,0.2912525236606598,0.15544633567333221,0.04320913925766945,0.37375733256340027,0.0,0.0,0.0,0.0,0.0,0.0,0.23618878424167633,0.3598548173904419,0.0,0.0,0.0,0.0,0.0,0.0,0.0,0.6804289817810059,0.0,0.0,0.0,0.0,0.0,0.0,0.0,0.0,0.0,0.0,0.0,0.05213850736618042,0.5774721503257751,0.0,0.0,0.0,0.0,0.23261278867721558,0.0,0.0,0.0,0.6848602890968323,0.0,0.0,0.0,0.0,0.0,0.0,0.0,0.0,0.23547948896884918,0.0,0.0,0.0,0.5292555689811707,0.0,0.0,0.0,0.07335545867681503,0.0,0.0,0.39416611194610596,0.0,0.0,0.15309688448905945,0.0,0.03224707394838333,0.0,0.0,0.0,0.12796226143836975,0.0,0.0,0.2091463953256607,0.0,0.0,0.0,0.0,0.0,0.0,0.13570523262023926,0.23545455932617188,0.2797310948371887,0.0,0.0,0.0,0.0,0.0,0.0,0.003158179111778736,0.0,0.0,0.02939758449792862,0.015889057889580727,0.0,0.5376941561698914,0.0,0.0,0.12175890803337097,0.0,0.0,0.0,0.09180945158004761,0.0,0.0,0.0,0.14236517250537872,0.0,0.0,0.0,0.0,0.0,0.0,0.0,0.0,0.0,0.06196009740233421,0.0,0.0,0.0,0.0,0.2750084698200226,0.0,0.01648501120507717,0.0,0.09362981468439102,0.0,0.0,0.038510117679834366,0.0,0.0,0.0,0.0422077439725399,0.0,0.0,0.0,0.26232442259788513,0.0,0.0,0.045531000941991806,0.056078534573316574,0.0,0.0,0.0,0.0,0.0,0.0,0.38572704792022705,0.0,0.0,0.0,0.0,0.0,0.0,0.0,0.03203638643026352,0.12021121382713318,0.0,0.23041798174381256,0.0,0.07750211656093597,0.0,0.0,0.0,0.0,0.0,0.2511727809906006,0.0,0.0,0.0,0.0,0.0,0.3667779266834259,0.0,0.18059350550174713,0.0,0.0,0.0,0.0,0.0,0.0,0.09932581335306168,0.0,0.5740732550621033,0.0,0.0,0.0,0.0,0.23137415945529938,0.0,0.0,0.7406426072120667,0.03668981045484543,0.0,0.0,0.02403007447719574,0.0,0.0,0.22611945867538452,0.0,0.0,0.2175571322441101,0.0,0.0,0.0,0.3962116539478302,0.5270237326622009,0.0,0.0,0.0,0.0,0.0,0.0,0.0,0.3830588757991791,0.0,0.0,0.0935245156288147,0.0,0.0,0.0,0.0,0.0,0.0,0.0,0.0,0.0,0.0,0.0
082_S_0304,CN,train,0.9982547163963318,1.569900393486023,0.0,0.0,0.0,0.0,0.0,3.1480796337127686,1.3083422183990479,1.8957866430282593,0.0,0.0,0.0,0.0,2.2408695220947266,0.0,0.0,0.0,0.0,0.0,0.0,0.0,1.5556319952011108,0.07798335701227188,0.0,0.0,0.0,1.038184642791748,0.0,0.0,1.2183805704116821,0.2841826379299164,0.0,0.0,0.0,0.0,0.0,0.4881989061832428,1.8501204252243042,0.0,0.0,0.0,0.25597086548805237,0.0,0.0,0.0,2.535677909851074,0.0,0.0,0.0,0.0,1.949160099029541,0.0,0.0,2.157973051071167,1.7921077013015747,0.0,0.0,1.871250033378601,1.2886505126953125,0.4429675042629242,0.0,0.0,0.0,0.0,0.0,0.0,0.8557201027870178,2.8903815746307373,0.0,0.0,0.0,0.0,0.0,0.0,0.0,0.0,1.7596889734268188,0.005463637411594391,1.7987602949142456,0.0,0.3225744664669037,0.0,0.0,0.0,0.0,0.0,0.0,0.006280421745032072,0.0,2.067274570465088,0.07173612713813782,0.0,1.97146737575531,0.0,0.0,0.0,0.0,0.0,0.0,0.0,0.013717344962060452,0.24093353748321533,0.051567066460847855,0.007302411366254091,0.0,0.0,0.0,0.012692391872406006,0.0,0.0,0.0,0.0,0.0,1.568215250968933,0.0,0.017015531659126282,0.0,2.6646535396575928,2.4210357666015625,1.124833106994629,0.0,0.4801863729953766,0.0,0.0,0.0,0.0,0.001073286752216518,0.0,0.0,0.0,0.0,0.0,0.0,0.0,0.0,0.0,0.0,0.0,0.0,0.0,0.0,0.0,0.6392027735710144,0.0,1.9052537679672241,0.0024185064248740673,0.0,0.0,0.0,0.090480737388134,0.0,0.0,0.0,0.0,0.4010954797267914,0.0,0.0,0.0,0.0,0.0,0.0,0.0,0.0,0.0,0.0,0.0,0.0,0.0,0.6914895176887512,0.0,0.0,2.253627061843872,0.0,0.6717047691345215,2.7251975536346436,0.0,0.0,0.0,0.5847780704498291,0.0,0.0,0.0,0.0,0.0,0.0,1.3639744520187378,0.0,0.0,0.0,0.0,0.02517569251358509,0.0,1.579619288444519,0.0,0.0,0.0,0.0,0.0,1.6156123876571655,0.0,0.0,0.0,0.0,0.00833299569785595,0.0,0.0,0.0,0.0,0.0,1.1890846490859985,0.0,0.0,0.0,0.0,1.7381564378738403,0.0,0.0,1.7916679382324219,0.0,0.0,0.0,0.00013001305342186242,0.0,0.0,0.3362247049808502,0.5864645838737488,0.0,0.0,0.5502598881721497,0.0,0.0,0.21855886280536652,2.2089712619781494,0.0,0.0,0.0,0.0,0.0,0.0,0.0,1.168196678161621,0.0,0.0,0.35742494463920593,0.0,0.0,0.0,0.0,0.0,0.0,0.0,0.0,0.0,0.0,1.9581106901168823
128_S_1242,CN,train,0.06384343653917313,0.4381895065307617,0.0,0.0,0.0,0.0,0.0,0.2855614721775055,0.20325206220149994,0.19220466911792755,0.0,0.0,0.0,0.0,0.4867820739746094,0.0,0.0,0.0,0.0,0.0,0.0,0.003138738451525569,0.5189200043678284,0.0,0.0,0.0,0.0,0.22281287610530853,0.0,0.0,0.2966461479663849,0.0,0.0,0.0,0.0,0.0,0.0,0.11017906665802002,0.45142701268196106,0.0,0.0,0.0,0.0,0.0,0.0,0.0,0.5670598149299622,0.0,0.0,0.0,0.0,0.2391776442527771,0.0,0.0,0.18332558870315552,0.15712065994739532,0.0,0.0,0.3611988127231598,0.36497828364372253,2.0269304513931274e-05,0.0,0.0,0.0,0.0,0.0,0.0,0.05269793048501015,0.5965927243232727,0.0,0.0,0.0,0.0,0.0,0.0,0.0,0.0,0.23697017133235931,0.0,0.25092872977256775,0.0,0.2463356852531433,0.0,0.0,0.0,0.0,0.0,0.0,0.04088925942778587,0.0,0.18820373713970184,0.0,0.0,0.2266768366098404,0.0,0.0,0.0,0.0,0.0,0.0,0.0,0.01453466061502695,0.0,0.0,0.0,0.0,0.0,0.0,0.06724519282579422,0.0,0.0,0.0,0.0,0.0,0.10108739137649536,0.0,0.0008453888003714383,0.0,0.1787654608488083,0.2285822182893753,0.0891987755894661,0.0,0.20763184130191803,0.0,0.0,0.0,0.0,0.0,0.0,0.0,0.0,0.0,0.0,0.0,0.0,0.0,0.0,0.0,0.0,0.0,0.0,0.0,0.0,0.14087478816509247,0.0,0.1268831491470337,0.0027846035081893206,0.0,0.0,0.0,0.07535648345947266,0.0,0.0,0.0,0.0,0.03573630005121231,0.0,0.0,0.0,0.0,0.0,0.0,0.0,0.0,0.0,0.0,0.026809262111783028,0.0,0.0,0.06547769159078598,0.0,0.0,0.10512712597846985,0.0,0.20999574661254883,0.25954437255859375,0.0,0.0,0.0,0.05331133306026459,0.0,0.0,0.0,0.0,0.0,0.0,0.13283686339855194,0.0,0.0,0.0,0.0,0.00395513279363513,0.0,0.34186995029449463,0.0,0.0,0.0,0.0,0.0,0.22913430631160736,0.0,0.0,0.0,0.0,0.0,0.0,0.0,0.0,0.0,0.0,0.3759404718875885,0.0,0.0,0.0,0.0,0.2721866965293884,0.0,0.0,0.45763447880744934,0.0,0.0,0.0,0.0,0.0,0.0,0.06422724574804306,0.0,0.0,0.0,0.07479061931371689,0.0,0.0,0.16044585406780243,0.5101620554924011,0.0,0.0,0.0,0.0,0.0,0.0,0.0,0.2712561786174774,0.0,0.0,0.10796242207288742,0.0,0.0,0.0,0.0,0.0,0.0,0.0,0.0,0.0,0.0,0.07822570949792862
116_S_0487,AD,train,0.8196292519569397,1.9484992027282715,0.0,0.0,0.0,0.0,0.0,2.259162664413452,1.1560386419296265,1.571009635925293,0.0,0.0,0.0,0.0,2.0343449115753174,0.0,0.0,0.0,0.0,0.0,0.0,0.0,1.865350604057312,0.0,0.0,0.0,0.0,0.8114078640937805,0.0,0.0,1.3695062398910522,0.1677037626504898,0.0,0.0,0.0,0.0,0.0,0.5127763152122498,1.6821473836898804,0.0,0.0,0.0,0.07599890977144241,0.0,0.0,0.0,2.622422218322754,0.0,0.0,0.005889021325856447,0.0,1.4900542497634888,0.0,0.0,1.6131633520126343,1.7914730310440063,0.0,0.0,1.6274093389511108,1.3201905488967896,0.3222149610519409,0.0,0.0,0.0,0.0,0.0,0.0,0.5893707275390625,2.9780967235565186,0.0,0.0,0.0,0.0,0.0,0.0,0.13176991045475006,0.0,1.2805136442184448,0.0,1.6379609107971191,0.0,0.7125995755195618,0.0,0.0,0.0,0.0,0.0,0.0,0.11995706707239151,0.0,1.5368094444274902,0.03385777026414871,0.0,1.5609620809555054,0.0,0.0,0.0,0.0,0.0,0.0,0.0,0.05371566116809845,0.0403408445417881,0.0033646756783127785,0.004441787023097277,0.0,0.0,0.0,0.10952764004468918,0.0,0.0,0.0,0.0,0.0,1.1309765577316284,0.0,0.09211719036102295,0.0,2.1552531719207764,2.094423770904541,0.6209104061126709,0.0,0.571983277797699,0.0,0.0,0.0,0.0,0.0,0.0,0.0,0.0,0.0,0.0,0.0,0.0,0.0,0.0,0.0,0.0,0.0,0.0,0.0,0.0,0.8399083018302917,0.0,1.616411566734314,0.07420667260885239,0.0,0.0,0.0,0.10221090912818909,0.0,0.0,0.0,0.0,0.3084217607975006,0.0,0.0,0.0,0.0,0.0,0.0,0.0,0.0,0.0,0.0,0.08647073060274124,0.0,0.0,0.6591211557388306,0.028110703453421593,0.0,1.900765299797058,0.0,0.7601423263549805,2.341949462890625,0.022945135831832886,0.0,0.0,0.5017117261886597,0.0,0.0,0.0,0.0,0.0,0.0,1.2637468576431274,0.0,0.0,0.0,0.0,0.007959562353789806,0.0,1.3270262479782104,0.0,0.0,0.0,0.0,0.0,1.4462417364120483,0.0,0.0,0.0,0.0,0.0,0.0,0.0,0.0,0.0,0.0,1.2597270011901855,0.0,0.0,0.0,0.0,1.6904253959655762,0.0,0.0,1.6408249139785767,0.0,0.0,0.0,0.0,0.0,0.0,0.20383639633655548,0.34939050674438477,0.0,0.0,0.48772287368774414,0.0,0.0,0.5560652613639832,2.4921131134033203,0.0,0.0,0.0,0.0,0.0,0.0,0.0,1.298515796661377,0.0,0.0,0.4634277820587158,0.0,0.0,0.0,0.0,0.0,0.0,0.0,0.0,0.0,0.0,1.525949478149414
068_S_1075,MCI,train,0.9078874588012695,2.376997232437134,0.0,0.0,0.0,0.0,0.0,2.077191114425659,1.0395632982254028,1.5948513746261597,0.0,0.0,0.0,0.0,2.3057849407196045,0.0,0.0,0.0,0.0,0.0,0.0,0.0008959281840361655,2.2193100452423096,0.0,0.0,0.0,0.0,0.9918230175971985,0.0,0.0,1.6769109964370728,0.21604816615581512,0.0,0.0,0.0,0.0,0.0,0.7025865912437439,1.8289846181869507,0.0,0.0,0.0,0.25782716274261475,0.0,0.0,0.0,3.254779577255249,0.0,0.0,0.0,0.0,1.699161171913147,0.0,0.0,1.8951798677444458,2.0194246768951416,0.0,0.0,1.2409147024154663,1.645088791847229,0.3315950632095337,0.0,0.0,0.0,0.0,0.0,0.0,0.7125528454780579,3.593024253845215,0.0,0.0,0.0,0.0,0.0,0.0,0.28502073884010315,0.0,1.3879317045211792,0.0,1.930803894996643,0.0,1.039600133895874,0.0,0.000640031008515507,0.0,0.0,0.0,0.0,0.09705526381731033,0.0,1.6470990180969238,0.0032614448573440313,0.0,1.518704891204834,0.0,0.0,0.0,0.0,0.0,0.0,0.0,0.0408146046102047,0.011044620536267757,0.0,0.0,0.0,0.0,0.0,0.22104428708553314,0.0,0.0,0.0,0.0,0.0,1.2275062799453735,0.0,0.027710648253560066,0.0,2.647418975830078,2.100839853286743,0.6752926707267761,0.0,0.5378701686859131,0.0,0.0,0.0,0.0,0.0,0.0,0.0,0.0,0.0,0.0,0.0,0.0,0.0,0.0,0.0,0.0,0.0,0.0,0.0,0.0,0.5616033673286438,0.0,1.868080496788025,0.048824552446603775,0.0,0.0,0.0,0.04673108458518982,0.0,0.0,0.0,0.0,0.14122964441776276,0.0,0.0,0.0,0.0,0.0,0.0,0.0,0.0,0.0,0.0,0.290174275636673,0.0,0.0,0.5610833764076233,0.006979631260037422,0.007177617866545916,2.6878912448883057,0.0,0.700133740901947,2.736809492111206,0.18332956731319427,0.0,0.0,0.548973798751831,0.0,0.0,0.0,0.0,0.0,0.0,1.362714171409607,0.0,0.0,0.0,0.0,0.012234904803335667,0.0,1.1642569303512573,0.0,0.0,0.0,0.0,0.0,1.7276992797851562,0.0,0.0,0.0,0.0,0.0,0.0,0.0,0.0,0.0,0.0,1.7124584913253784,0.0,0.0,0.0,0.0,1.9966140985488892,0.0,0.0,1.7526606321334839,0.0,0.0,0.0,0.004905322100967169,0.0,0.0,0.1938941925764084,0.554752767086029,0.0,0.0,0.36456799507141113,0.0,0.0,0.7702527046203613,3.1379196643829346,0.0,0.0,0.0,0.0,0.0,0.0,0.0,1.7256317138671875,0.0,0.0,0.7774931788444519,0.0,0.0,0.0,0.0,0.0,0.0,0.0,0.0,0.0,0.0,1.7877687215805054
027_S_0835,MCI,train,0.8527204394340515,1.8863242864608765,0.21540743112564087,0.1370127946138382,0.0,0.0,0.0,2.453765630722046,1.1771116256713867,1.519003987312317,0.0,0.0,0.0,0.0,2.1403636932373047,0.18140579760074615,0.0,0.0,0.08014901727437973,0.0,0.1449994295835495,0.0,1.7080779075622559,0.024210870265960693,0.0,0.0,0.0,0.9806308746337891,0.1949923187494278,0.03149040415883064,1.1723028421401978,0.21920661628246307,0.0,0.0,0.0,0.0,0.0,0.6858129501342773,1.7593560218811035,0.0,0.0,0.0,0.2236236333847046,0.0,0.0,0.0,2.486720085144043,0.0,0.0,0.0,0.0,1.6186676025390625,0.0,0.0,1.7742233276367188,1.4529770612716675,0.0,0.0,1.4781303405761719,1.4074290990829468,0.3174389600753784,0.0,0.0,0.012232314795255661,0.2836817800998688,0.0,0.0,0.7508004307746887,2.826094627380371,0.0,0.0,0.0,0.0,0.0,0.0,0.004692846443504095,0.0,1.4760942459106445,0.008149891160428524,1.4644489288330078,0.0,0.5336039066314697,0.0,0.038021087646484375,0.0,0.17189909517765045,0.0,0.0,0.3454068899154663,0.0,1.5277115106582642,0.1986788958311081,0.0,1.531575322151184,0.0,0.0,0.0,0.09937787055969238,0.0,0.0,0.19814275205135345,0.0,0.11101657152175903,0.09621578454971313,0.0,0.0,0.0,0.1376165896654129,0.14878961443901062,0.27408918738365173,0.0,0.0,0.0,0.0,1.3005434274673462,0.0,0.0,0.0,2.103217363357544,1.8087478876113892,0.8850584030151367,0.0,0.58564692735672,0.0,0.0,0.16205795109272003,0.0,0.00028753853985108435,0.0,0.03549769148230553,0.0,0.0,0.0,0.2230328917503357,0.0,0.0,0.0,0.0,0.030475765466690063,0.0,0.0,0.0,0.0,0.4866969883441925,0.0,1.420087456703186,0.02952076680958271,0.0,0.24819160997867584,0.0,0.022622669115662575,0.0,0.05066026374697685,0.0,0.0,0.315644770860672,0.0,0.0,0.0,0.08854459971189499,0.0,0.0,0.0,0.26134636998176575,0.0,0.0,0.2153528928756714,0.000697094073984772,0.0,0.5590972900390625,0.0,0.0,1.8950896263122559,0.0,0.8637363910675049,2.156545877456665,0.024045487865805626,0.0,0.0,0.4589214026927948,0.0,0.0,0.004047361668199301,0.24614238739013672,0.0,0.22844630479812622,1.1816548109054565,0.10780227929353714,0.0,0.0,0.0,0.027163272723555565,0.0,1.3045296669006348,0.0,0.0,0.0,0.0,0.0,1.29806649684906,0.0,0.14144256711006165,0.0046438551507890224,0.0,0.0,0.0,0.0,0.0,0.15882666409015656,0.0,1.2879666090011597,0.0,0.0,0.0,0.0,1.509490966796875,0.0,0.0,2.0489211082458496,0.12865109741687775,0.0,0.0,0.07865520566701889,0.0,0.0,0.36537620425224304,0.39392566680908203,0.0,0.2542567551136017,0.32498130202293396,0.0,0.0,0.45927032828330994,2.2518186569213867,0.0,0.0,0.0,0.007421163842082024,0.0,0.0,0.0,1.2123786211013794,0.0,0.0,0.3275841474533081,0.0,0.0,0.0,0.0,0.0,0.0,0.0,0.0,0.0,0.0,1.498033046722412
012_S_0689,AD,train,0.02588585764169693,2.791135787963867,0.41567620635032654,0.6045746803283691,0.0,0.0,0.0,0.12026089429855347,0.2774186134338379,0.012479573488235474,0.0,0.0,0.0,0.0,2.0881104469299316,0.7527392506599426,0.0,0.0,0.1275160163640976,0.0,0.5463317036628723,0.0,2.097625494003296,0.0,0.0,0.0,0.0,0.9468758702278137,0.4379321038722992,0.0603209026157856,1.2721277475357056,0.02150583453476429,0.0,0.0,0.0,0.0,0.0,0.963169515132904,0.9178333282470703,0.0,0.0,0.0,0.0,0.0,0.0,0.0,2.220710515975952,0.0,0.0,0.01742955483496189,0.0,0.0058520189486444,0.0,0.0,0.01042631920427084,0.0009784478461369872,0.0,0.0,0.17740745842456818,1.7453519105911255,0.0,0.0,0.0,0.0,0.6666327118873596,0.0,0.0,0.02740854024887085,2.2983083724975586,0.0,0.0,0.0,0.0,0.0,0.0,0.08344393968582153,0.0,0.6011505126953125,0.0038496197666972876,0.037601251155138016,0.0,1.490519642829895,0.0,0.0,0.0,0.371671199798584,0.0,0.0,1.5460602045059204,0.0,0.016934147104620934,0.5270971655845642,0.0,0.06688477098941803,0.0,0.0,0.0,0.26702407002449036,0.0,0.0,0.6540305614471436,0.0,0.00036918619298376143,0.0,0.0,0.0,0.0,0.4860938489437103,0.6509115099906921,0.7650852203369141,0.0,0.0,0.0,0.0,0.021853415295481682,0.0,0.041217539459466934,0.0,0.0005430000019259751,0.07517752796411514,0.007178684696555138,0.0,1.494388461112976,0.0,0.0,0.43855953216552734,0.0,0.0,0.0,0.1583510786294937,0.0,0.0,0.0,0.6131063103675842,0.0,0.0,0.0,0.0,0.0,0.0,0.0,0.0,0.0,0.1344454139471054,0.0,0.06649496406316757,0.016292432323098183,0.0,0.6981043219566345,0.0,0.03449064493179321,0.0,0.1938343048095703,0.0,0.0,0.12268123030662537,0.0,0.0,0.0,0.2564058005809784,0.0,0.0,0.0,0.8610261082649231,0.0,0.0,0.1895015984773636,0.1698143035173416,0.0,0.023314058780670166,0.030116304755210876,0.0,0.0,0.0,1.2664910554885864,0.037342362105846405,0.07475300133228302,0.0,0.0,0.0,0.0,0.0,0.06316740065813065,0.46763816475868225,0.0,0.6136769652366638,0.01892920769751072,0.3228907883167267,0.0,0.0,0.0,0.00024330492306035012,0.0,0.563675582408905,0.0,0.0,0.0,0.0,0.0,1.2653061151504517,0.0,0.5580269694328308,0.0,0.0,0.0,0.0,0.0,0.0,0.32646146416664124,0.0,1.9859399795532227,0.0,0.0,0.0,0.0,1.3951913118362427,0.0,0.0,2.5763909816741943,0.13072599470615387,0.0,0.0,0.1745428889989853,0.0,0.0,0.43433210253715515,0.0,0.0,0.7811787724494934,0.04437573254108429,0.0,0.0,1.0308688879013062,2.1137144565582275,0.0,0.0,0.0,0.0,0.0,0.0,0.0,1.1505738496780396,0.0,0.0,0.2827330529689789,0.0,0.0,0.0,0.0,0.0,0.0,0.0,0.0,0.0,0.0,0.0
031_S_1209,AD,train,0.5636866092681885,0.9866306185722351,0.0,0.0,0.0,0.0,0.0,1.6384143829345703,0.7802733778953552,1.1044763326644897,0.0,0.0,0.0,0.0,1.2306815385818481,0.0,0.0,0.0,0.0,0.0,0.0,0.0,1.068416714668274,0.0,0.0,0.0,0.0,0.5910481810569763,0.0,0.0,0.8695595860481262,0.09724768996238708,0.0,0.0,0.0,0.0,0.0,0.3664969503879547,1.1079134941101074,0.0,0.0,0.0,0.02592340297996998,0.0,0.0,0.0,1.5357307195663452,0.0,0.0,0.0,0.0,1.162906289100647,0.0,0.0,1.2534993886947632,1.2062674760818481,0.0,0.0,1.1391148567199707,0.7817806601524353,0.22112880647182465,0.0,0.0,0.0,0.0,0.0,0.0,0.5168821811676025,1.7846122980117798,0.0,0.0,0.0,0.0,0.0,0.0,0.0169241763651371,0.0,0.9597601890563965,0.0,1.2335981130599976,0.0,0.37598076462745667,0.0,0.0,0.0,0.0,0.0,0.0,0.008993332274258137,0.0,1.1599470376968384,0.0037439586594700813,0.0,1.1088131666183472,0.0,0.0,0.0,0.0,0.0,0.0,0.0,0.01372318621724844,0.011776961386203766,0.0,0.0,0.0,0.0,0.0,0.053821686655282974,0.0,0.0,0.0,0.0,0.0,0.8601507544517517,0.0,0.029725894331932068,0.0,1.6187362670898438,1.4451161623001099,0.4830160140991211,0.0,0.25612422823905945,0.0,0.0,0.0,0.0,0.0,0.0,0.0,0.0,0.0,0.0,0.0,0.0,0.0,0.0,0.0,0.0,0.0,0.0,0.0,0.0,0.44615602493286133,0.0,1.1672526597976685,0.0,0.0,0.0,0.0,0.07376240938901901,0.0,0.0,0.0,0.0,0.1763945072889328,0.0,0.0,0.0,0.0,0.0,0.0,0.0,0.0,0.0,0.0,0.040558960288763046,0.0,0.0,0.41038480401039124,0.0,0.0,1.5143810510635376,0.0,0.4193393290042877,1.6876055002212524,0.0,0.0,0.0,0.39101576805114746,0.0,0.0,0.0,0.0,0.0,0.0,0.8612678647041321,0.0,0.0,0.0,0.0,0.002884035697206855,0.0,0.9295446276664734,0.0,0.0,0.0,0.0,0.0,1.0044656991958618,0.0,0.0,0.0,0.0,0.0,0.0,0.0,0.0,0.0,0.0,0.7592548727989197,0.0,0.0,0.0,0.0,0.988469123840332,0.0,0.0,0.9616513252258301,0.0,0.0,0.0,0.0,0.0,0.0,0.10296574234962463,0.27813005447387695,0.0,0.0,0.35194531083106995,0.0,0.0,0.2800031006336212,1.530924677848816,0.0,0.0,0.0,0.0,0.0,0.0,0.0,0.8579383492469788,0.0,0.0,0.3773707151412964,0.0,0.0,0.0,0.0,0.0,0.0,0.0,0.0,0.0,0.0,1.1871970891952515
031_S_1066,MCI,train,0.764837920665741,1.0791761875152588,0.0,0.0,0.0,0.0,0.0,2.1852588653564453,1.0170871019363403,1.387702465057373,0.0,0.0,0.0,0.0,1.5186086893081665,0.0,0.0,0.0,0.0,0.0,0.0,0.0,1.1139029264450073,0.024014107882976532,0.0,0.0,0.0,0.5667619705200195,0.0,0.0,0.8062841296195984,0.1111050471663475,0.0,0.0,0.0,0.0,0.0,0.32558366656303406,1.4164718389511108,0.0,0.0,0.0,0.19530999660491943,0.0,0.0,0.0,1.8236932754516602,0.0,0.0,0.0,0.0,1.418686866760254,0.0,0.0,1.5461143255233765,1.3629541397094727,0.0,0.0,1.387233853340149,0.8992370963096619,0.28674161434173584,0.0,0.0,0.0,0.0,0.0,0.0,0.6610708832740784,2.043407678604126,0.0,0.0,0.0,0.0,0.0,0.0,0.0,0.0,1.17763090133667,0.0,1.21623694896698,0.0,0.30134811997413635,0.0,0.0,0.0,0.0,0.0,0.0,0.0,0.0,1.4824696779251099,0.013982142321765423,0.0,1.3558635711669922,0.0,0.0,0.0,0.0,0.0,0.0,0.0,0.005691725295037031,0.0962517186999321,0.08508384972810745,0.0,0.0,0.0,0.0,0.0,0.0,0.0,0.0,0.0,0.0,1.1536613702774048,0.0,0.0,0.0,1.8874908685684204,1.6590367555618286,0.805624783039093,0.0,0.2514117658138275,0.0,0.0,0.0,0.0,0.0,0.0,0.0,0.0,0.0,0.0,0.0,0.0,0.0,0.0,0.0,0.0,0.0,0.0,0.0,0.0,0.3970637619495392,0.0,1.215004563331604,0.045205313712358475,0.0,0.0,0.0,0.02758803404867649,0.0,0.0,0.0,0.0,0.281948447227478,0.0,0.0,0.0,0.0,0.0,0.0,0.0,0.0,0.0,0.0,0.005795565899461508,0.0,0.0,0.5448901057243347,0.0,0.0,1.6951640844345093,0.0,0.5215602517127991,1.8791478872299194,0.0,0.0,0.0,0.43131980299949646,0.0,0.0,0.0,0.0,0.0,0.0,1.0216350555419922,0.0,0.0,0.0,0.0,0.029222765937447548,0.0,1.059402585029602,0.0,0.0,0.0,0.0,0.0,1.0893479585647583,0.0,0.0,0.0,0.0,0.0,0.0,0.0,0.0,0.0,0.0,0.8056327700614929,0.0,0.0,0.0,0.0,1.154576063156128,0.0,0.0,1.3593717813491821,0.0,0.0,0.0,0.0,0.0,0.0,0.2379792481660843,0.3820147216320038,0.0,0.0,0.2921435534954071,0.0,0.0,0.19651980698108673,1.5701040029525757,0.0,0.0,0.0,0.0009824548615142703,0.0,0.0,0.0,0.8389637470245361,0.0,0.0,0.2156444787979126,0.0,0.0,0.0,0.0,0.0,0.0,0.0,0.0,0.0,0.0,1.3539214134216309
023_S_0625,MCI,train,1.388692021369934,2.435821771621704,0.05340151861310005,0.013832964934408665,0.0,0.0,0.0,3.561298370361328,1.616628646850586,2.4503304958343506,0.0,0.0,0.0,0.0,2.8024587631225586,0.054804619401693344,0.0,0.0,0.02803485281765461,0.0,0.003837267169728875,0.0,2.1268131732940674,0.007118926849216223,0.0,0.0,0.0,1.144303321838379,0.013614912517368793,0.0,1.5738368034362793,0.18014805018901825,0.0,0.0,0.0,0.0,0.0,0.7008564472198486,2.435946464538574,0.0,0.0,0.0,0.49800094962120056,0.0,0.0,0.0,3.479804039001465,0.0,0.0,0.0,0.0,2.4026706218719482,0.0,0.0,2.767897844314575,2.5321953296661377,0.0,0.0,1.8970388174057007,1.6454944610595703,0.5624587535858154,0.0,0.0,0.0,0.015234732069075108,0.0,0.0,1.1703797578811646,3.8301734924316406,0.0,0.0,0.0,0.0,0.0,0.0,0.0,0.0,2.0245749950408936,0.004722862038761377,2.2021570205688477,0.0,0.6661980748176575,0.0,0.049801770597696304,0.0,0.0516604520380497,0.0,0.0,0.14413312077522278,0.0,2.4644291400909424,0.08198053389787674,0.0,2.2897539138793945,0.0,0.0,0.0,0.0,0.0,0.0,0.011060365475714207,0.02378196083009243,0.09195202589035034,0.1358124166727066,0.0,0.0,0.0,0.027630431577563286,0.04852164164185524,0.03569583222270012,0.0,0.0,0.0,0.0,1.8974074125289917,0.0,0.0,0.0,3.5396649837493896,2.936290979385376,1.4030319452285767,0.0,0.41668832302093506,0.0,0.0,0.001014169305562973,0.0,0.0008896978106349707,0.0,0.0,0.0,0.0,0.0,0.07064267247915268,0.0,0.0,0.0,0.0,0.0,0.0,0.0,0.0,0.0,0.52716463804245,0.0,2.243255615234375,0.06214333698153496,0.0,0.014779292978346348,0.0,0.0,0.0,0.0,0.0,0.0,0.25476333498954773,0.0,0.0,0.0,0.0016484017251059413,0.0,0.0,0.0,0.06451719999313354,0.0,0.0,0.10104554891586304,0.0,0.0,0.9137551188468933,0.0,0.0,3.338170051574707,0.0,0.9768099784851074,3.4752464294433594,0.005608247593045235,0.0,0.0,0.7221984267234802,0.0,0.0,0.0,0.08595367521047592,0.0,0.030358923599123955,1.757476806640625,0.019700651988387108,0.0,0.0,0.0,0.03824599087238312,0.0,1.662039875984192,0.0,0.0,0.0,0.0,0.0,1.9257162809371948,0.0,0.0,0.0,0.0,0.00047009915579110384,0.0,0.0,0.0,0.016190234571695328,0.0,1.604364037513733,0.0,0.0,0.006481939926743507,0.0,2.081951379776001,0.0,0.0,2.2731549739837646,0.028499173000454903,0.0,0.0,0.03612818941473961,0.0,0.0,0.45420369505882263,0.8391768336296082,0.0,0.06266573816537857,0.43210911750793457,0.0,0.0,0.6046493649482727,2.897603750228882,0.0,0.0,0.0,0.03232143446803093,0.0,0.0,0.0,1.6046079397201538,0.0,0.0,0.5798668265342712,0.0,0.0,0.0,0.0,0.0,0.0,0.0,0.0,0.0,0.0,2.545289993286133
002_S_1261,CN,train,0.0,0.763129472732544,0.11904286593198776,0.17732733488082886,0.0,0.0,0.0,0.0017797653563320637,0.12982265651226044,0.0,0.0,0.0,0.0,0.0,0.6438650488853455,0.27135536074638367,0.0,0.0,0.03119012713432312,0.0,0.138710618019104,0.0,0.7111387848854065,0.0,0.0,0.0,0.0,0.2558380663394928,0.11633089184761047,0.011140219867229462,0.34690797328948975,0.0,0.0,0.0,0.0,0.0,0.0,0.24227124452590942,0.3809981644153595,0.0,0.0,0.0,0.0,0.0,0.0,0.0,0.6532179117202759,0.0,0.0,0.0,0.0,0.0,0.0,0.0,0.0,0.0,0.0,0.0,0.03411301597952843,0.5889018177986145,0.0,0.0,0.0,0.0,0.16317912936210632,0.0,0.0,0.0,0.6427730321884155,0.0,0.0,0.0,0.0,0.0,0.0,0.0,0.0,0.23597849905490875,0.008019477128982544,0.0,0.0,0.4775320291519165,0.0,0.0,0.0,0.07420527189970016,0.0,0.0,0.3424663841724396,0.0,0.0,0.16045226156711578,0.0,0.01702892780303955,0.0,0.0,0.0,0.02895236760377884,0.0,0.0,0.18382813036441803,0.0,0.0,0.0,0.0,0.0,0.0,0.10415470600128174,0.2115461826324463,0.2147723287343979,0.0,0.0,0.0,0.0,0.0,0.0,0.0021202617790549994,0.0,0.0,0.015617637895047665,0.004481740295886993,0.0,0.5032939910888672,0.0,0.0,0.09132464975118637,0.0,0.0,0.0,0.02936631627380848,0.0,0.0,0.0,0.10935035347938538,0.0,0.0,0.0,0.0,0.0,0.0,0.0,0.0,0.0,0.059462133795022964,0.0,0.0,0.0,0.0,0.24352751672267914,0.0,0.00554312951862812,0.0,0.12698683142662048,0.0,0.0,0.033986251801252365,0.0,0.0,0.0,0.042930442839860916,0.0,0.0,0.0,0.2608884274959564,0.0,0.0,0.014861262403428555,0.015187184326350689,0.0,0.0,0.0,0.0,0.0,0.0,0.3910715878009796,0.0,0.0,0.0,0.0,0.0,0.0,0.0,0.0,0.10245510935783386,0.0,0.1967848688364029,0.0,0.09361839294433594,0.0,0.0,0.0,0.0,0.0,0.27742454409599304,0.0,0.0,0.0,0.0,0.0,0.3017902076244354,0.0,0.11835109442472458,0.0,0.0,0.0,0.0,0.0,0.0,0.10250706225633621,0.0,0.5363518595695496,0.0,0.0,0.0,0.0,0.16438378393650055,0.0,0.0,0.6992552876472473,0.01363976951688528,0.0,0.0,0.0,0.0,0.0,0.2162131518125534,0.0,0.0,0.1898118108510971,0.0,0.0,0.0,0.36067822575569153,0.4595697820186615,0.0,0.0,0.0,0.0,0.0,0.0,0.0,0.3609960377216339,0.0,0.0,0.0988493263721466,0.0,0.0,0.0,0.0,0.0,0.0,0.0,0.0,0.0,0.0,0.0
033_S_1016,CN,train,0.13833418488502502,1.9137749671936035,0.19761495292186737,0.24580805003643036,0.0,0.0,0.0,0.40292060375213623,0.5606572031974792,0.1554393172264099,0.0,0.0,0.0,0.0,1.6570988893508911,0.37458255887031555,0.0,0.0,0.038181934505701065,0.0,0.21362072229385376,0.0,1.6143693923950195,0.0,0.0,0.0,0.0,0.7362837791442871,0.22832459211349487,0.08272422105073929,0.9432912468910217,0.0007487253751605749,0.0,0.0,0.0,0.0,0.0,0.45267510414123535,1.048458456993103,0.0,0.0,0.0,0.0,0.0,0.0,0.007417121436446905,1.7445454597473145,0.0,0.0,0.07790068536996841,0.0,0.12130550295114517,0.0,0.0,0.12620295584201813,0.10969416052103043,0.0,0.0,0.5832356810569763,1.2437831163406372,0.004795619752258062,0.0,0.0,0.0,0.33759739995002747,0.0,0.0,0.02314465306699276,1.9318658113479614,0.00035037120687775314,0.0,0.0,0.0,0.0,0.0,0.09073331207036972,0.0,0.5702149868011475,0.0,0.2434624433517456,0.0,1.0403763055801392,0.0,0.0,0.0,0.10827846080064774,0.0,0.0,0.9732661247253418,0.0,0.16098596155643463,0.2899993360042572,0.0,0.3542698919773102,0.0,0.0,0.0,0.1897076517343521,0.0,0.0,0.2673671841621399,0.0,0.012816471047699451,0.0,0.0,0.0,0.0,0.19302316009998322,0.4194771349430084,0.30668753385543823,0.0,0.0,0.0,0.0,0.10265784710645676,0.0,0.14006532728672028,0.0,0.07825008779764175,0.3361137807369232,0.021861279383301735,0.0,1.1263145208358765,0.0,0.0,0.16569167375564575,0.0,0.0,0.0,0.09592368453741074,0.0,0.0,0.0,0.17793744802474976,0.0,0.0,0.0,0.0,0.0,0.0,0.0,0.0,0.0,0.4990827143192291,0.0,0.32454824447631836,0.011964320205152035,0.0,0.34220609068870544,0.0,0.11884775012731552,0.0,0.07672886550426483,0.0,0.0,0.25554776191711426,0.0,0.0,0.0,0.09163857251405716,0.0,0.0,0.0,0.3023833930492401,0.009148098528385162,0.0,0.09417643398046494,0.1168375015258789,0.0,0.03996727988123894,0.029773538932204247,0.0,0.014617983251810074,0.0,0.9554116725921631,0.2143145203590393,0.17145603895187378,0.0,0.0,0.04774131253361702,0.0,0.0,0.08216298371553421,0.1462966650724411,0.0,0.2868601977825165,0.1316670924425125,0.12615005671977997,0.0,0.0,0.0,0.0,0.0,0.7437168955802917,0.0,0.0,0.0,0.0,0.0,1.0081875324249268,0.0,0.22994373738765717,0.0,0.0,0.0,0.0,0.0,0.0,0.1415983885526657,0.0,1.3225102424621582,0.0,0.0,0.0,0.0,1.1010955572128296,0.0,0.0,1.6897107362747192,0.06760140508413315,0.0,0.0,0.054718974977731705,0.0,0.0,0.32536134123802185,0.0,0.0,0.25329479575157166,0.13604074716567993,0.0,0.0,0.7305464744567871,1.664645791053772,0.03304047882556915,0.0,0.0,0.0,0.0,0.0,0.0,0.8553104400634766,0.0,0.0,0.04734863340854645,0.0,0.0,0.0,0.0,0.0,0.0,0.0,0.0,0.0,0.0,0.08628233522176743
130_S_0423,MCI,train,0.052561599761247635,1.9327815771102905,0.3289221227169037,0.4605013430118561,0.0,0.0,0.0,0.31669238209724426,0.2674304246902466,0.14479117095470428,0.0,0.0,0.0,0.0,1.5749460458755493,0.37387815117836,0.0,0.0,0.06407225877046585,0.0,0.3987541198730469,0.0,1.6614230871200562,0.0,0.0,0.0,0.0,0.8433647155761719,0.4708878993988037,0.25325918197631836,0.9017560482025146,0.011462687514722347,0.0,0.0,0.0,0.0,0.0,0.7787037491798401,0.7268152236938477,0.0,0.0,0.0,0.006004397291690111,0.0,0.0,0.0,1.6458419561386108,0.0,0.0,0.0,0.0,0.16964752972126007,0.0,0.0,0.16871029138565063,0.23735733330249786,0.0,0.0,0.20235221087932587,1.2974539995193481,0.06679306924343109,0.0,0.0,0.0,0.5924137830734253,0.0,0.0,0.09916127473115921,1.7266095876693726,0.0,0.0,0.0,0.0,0.0,0.0,0.0,0.0,0.4976658821105957,0.028822096064686775,0.18336234986782074,0.0,1.098126769065857,0.0,0.0,0.0,0.34205374121665955,0.0,0.0,0.9392122626304626,0.0,0.20394551753997803,0.2434409111738205,0.0,0.22362323105335236,0.0,0.0,0.0,0.5623214244842529,0.0,0.0,0.5368738174438477,0.0,0.0,0.0,0.0,0.0,0.0,0.3158726394176483,0.5493431091308594,0.6597923636436462,0.0,0.0,0.0,0.0,0.06211727485060692,0.0,0.0,0.0,0.3005968928337097,0.3315565586090088,0.08643775433301926,0.0,0.8387532830238342,0.0,0.0,0.3864074647426605,0.0,0.0,0.0,0.1704016476869583,0.0,0.0,0.0,0.4508199393749237,0.0,0.0,0.0,0.0,0.0,0.0,0.0,0.0,0.0,0.19258785247802734,0.0,0.2145126312971115,0.0,0.0,0.4819374978542328,0.0,0.0,0.0,0.1971437782049179,0.0,0.0,0.0936296209692955,0.0,0.0,0.0,0.12432535737752914,0.0,0.0,0.0,0.6626191139221191,0.0,0.0,0.2994353175163269,0.37434181571006775,0.0,0.06168212369084358,0.0,0.0,0.15683336555957794,0.0,0.7505950331687927,0.35343968868255615,0.0007821160252206028,0.0,0.0,0.06914621591567993,0.0,0.0,0.0921802893280983,0.4209081828594208,0.0,0.6074668765068054,0.10239256173372269,0.27573102712631226,0.0,0.0,0.0,0.0,0.0,0.38835203647613525,0.0,0.0,0.0,0.0,0.0,0.914228618144989,0.0,0.41496241092681885,0.0,0.0,0.0,0.0,0.0,0.0,0.3993408679962158,0.0,1.387982964515686,0.0,0.0,0.0,0.0,0.8770480155944824,0.0,0.0,1.780814528465271,0.2733459770679474,0.0,0.0,0.09875937551259995,0.0,0.0,0.4437255561351776,0.047255199402570724,0.0,0.5352377891540527,0.04336222633719444,0.0,0.0,0.8597487807273865,1.47893488407135,0.0,0.0,0.0,0.0,0.0,0.0,0.0,0.9201910495758057,0.0,0.0,0.4214722216129303,0.0,0.0,0.0,0.0,0.0,0.0,0.0,0.0,0.0,0.0,0.17895059287548065
100_S_1286,CN,train,0.153500035405159,1.2331253290176392,0.0,0.0,0.0,0.0,0.0,0.6080492734909058,0.48115697503089905,0.2521373927593231,0.0,0.0,0.0,0.0,1.0586172342300415,0.07157775014638901,0.0,0.0,0.0020931356120854616,0.0,0.0,0.0,1.093621850013733,0.0,0.0,0.0,0.0,0.4206855595111847,0.0,0.0,0.7019640803337097,0.04540610313415527,0.0,0.0,0.0,0.0,0.0,0.20217426121234894,0.681743860244751,0.0,0.0,0.0,0.041951730847358704,0.0,0.0,0.005494011100381613,1.2865442037582397,0.0,0.0,0.042051058262586594,0.0,0.26188141107559204,0.0,0.0,0.3230632543563843,0.3104802370071411,0.0,0.0,0.6115944981575012,0.759955108165741,0.07531139999628067,0.0,0.0,0.0,0.0,0.0,0.0,0.1653967648744583,1.4931942224502563,0.0,0.0,0.0,0.0,0.0,0.0,0.07515984028577805,0.0,0.5806248188018799,0.0,0.3725821077823639,0.0,0.6047939658164978,0.0,0.0,0.0,0.0,0.0,0.0,0.3836253583431244,0.0,0.32790347933769226,0.11572933197021484,0.0,0.47309112548828125,0.0,0.0,0.0,0.0,0.0,0.0,0.0,0.0,0.017465194687247276,0.0,0.0,0.0,0.0,0.009414458647370338,0.13518717885017395,0.0,0.0,0.0,0.0,0.0,0.20591895282268524,0.0,0.13591943681240082,0.0,0.38604819774627686,0.5742301940917969,0.11246416717767715,0.0,0.5299075245857239,0.0,0.0,0.0,0.0,0.0,0.0,0.0,0.0,0.0,0.0,0.012061377055943012,0.0,0.0,0.0,0.0,0.0,0.0,0.0,0.0,0.0,0.3938687741756439,0.0,0.4739197790622711,0.045948948711156845,0.0,0.0,0.0,0.10892000794410706,0.0,0.0,0.0,0.0,0.24865949153900146,0.0,0.0,0.0,0.0028215220663696527,0.0,0.0,0.0,0.007715696468949318,0.004476741421967745,0.0,0.04831956699490547,0.0,0.0,0.11405584961175919,0.035612184554338455,0.0,0.2557646930217743,0.0,0.5626447200775146,0.5338089466094971,0.03079025261104107,0.0,0.0,0.05731992423534393,0.0,0.0,0.0,0.0,0.0,0.0,0.20779173076152802,0.0,0.0,0.0,0.0,0.0,0.0,0.6393583416938782,0.0,0.0,0.0,0.0,0.0,0.7636590003967285,0.0,0.0,0.0,0.0,0.0,0.0,0.0,0.0,0.0,0.0,0.8008208870887756,0.0,0.0,0.0,0.0,0.8928110003471375,0.0,0.0,1.002539038658142,0.0,0.0,0.0,0.04251767694950104,0.0,0.0,0.11264124512672424,0.07690169662237167,0.0,0.0,0.19900323450565338,0.0,0.0,0.3910818099975586,1.287453293800354,0.0,0.0,0.0,0.0,0.0,0.0,0.0,0.5907665491104126,0.0,0.0,0.2120882272720337,0.0,0.0,0.0,0.0,0.0,0.0,0.0,0.0,0.0,0.0,0.25734391808509827
018_S_0633,AD,train,0.2679750919342041,1.314719557762146,0.0,0.0,0.0,0.0,0.0,1.0094722509384155,0.5932803750038147,0.5665050148963928,0.0,0.0,0.0,0.0,1.2034366130828857,0.0,0.0,0.0,0.0,0.0,0.0,0.0,1.1866326332092285,0.0,0.0,0.0,0.0,0.4942397177219391,0.0,0.0,0.7935006022453308,0.06373176723718643,0.0,0.0,0.0,0.0,0.0,0.23034046590328217,0.9075887203216553,0.0,0.0,0.0,0.009677672758698463,0.0,0.0,0.0,1.4901834726333618,0.0,0.0,0.0,0.0,0.5781450867652893,0.0,0.0,0.611691951751709,0.6533049941062927,0.0,0.0,0.8314042091369629,0.8827523589134216,0.1183575987815857,0.0,0.0,0.0,0.0,0.0,0.0,0.24083304405212402,1.722401738166809,0.0,0.0,0.0,0.0,0.0,0.0,0.07170822471380234,0.0,0.7005360722541809,0.0,0.6423654556274414,0.0,0.5833970904350281,0.0,0.0,0.0,0.0,0.0,0.0,0.1665269285440445,0.0,0.593009889125824,0.024927185848355293,0.0,0.7076425552368164,0.0,0.0,0.0,0.0,0.0,0.0,0.0,0.015481834299862385,0.0,0.0,0.0,0.0,0.0,0.0,0.14258505403995514,0.0,0.0,0.0,0.0,0.0,0.40410828590393066,0.0,0.030751874670386314,0.0,0.7774052023887634,0.9233198761940002,0.28686627745628357,0.0,0.46808934211730957,0.0,0.0,0.0,0.0,0.0,0.0,0.0,0.0,0.0,0.0,0.0,0.0,0.0,0.0,0.0,0.0,0.0,0.0,0.0,0.0,0.48681291937828064,0.0,0.6325444579124451,0.024761110544204712,0.0,0.0,0.0,0.047386765480041504,0.0,0.0,0.0,0.0,0.20542991161346436,0.0,0.0,0.0,0.0,0.0,0.0,0.0,0.0,0.0,0.0,0.008740057237446308,0.0,0.0,0.20069058239459991,0.0,0.0,0.47382107377052307,0.0,0.5336382389068604,0.9493133425712585,0.015527681447565556,0.0,0.0,0.15796734392642975,0.0,0.0,0.0,0.0,0.0,0.0,0.4610610902309418,0.0,0.0,0.0,0.0,0.0011930337641388178,0.0,0.7882707715034485,0.0,0.0,0.0,0.0,0.0,0.8089525699615479,0.0,0.0,0.0,0.0,0.0,0.0,0.0,0.0,0.0,0.0,0.8194248080253601,0.0,0.0,0.0,0.0,0.9500375390052795,0.0,0.0,1.084276795387268,0.0,0.0,0.0,0.019931303337216377,0.0,0.0,0.1256369799375534,0.06745295971632004,0.0,0.0,0.23517411947250366,0.0,0.0,0.4039797782897949,1.4311341047286987,0.0,0.0,0.0,0.0,0.0,0.0,0.0,0.7171985507011414,0.0,0.0,0.2308376580476761,0.0,0.0,0.0,0.0,0.0,0.0,0.0,0.0,0.0,0.0,0.4728832244873047
037_S_1225,MCI,train,1.1709100008010864,2.3491504192352295,0.10621727257966995,0.09384897351264954,0.0,0.0,0.0,2.987562894821167,1.3350909948349,2.2122511863708496,0.0,0.0,0.0,0.0,2.5975284576416016,0.10697522759437561,0.0,0.0,0.0395011305809021,0.0,0.10166686028242111,0.0,2.049260139465332,0.0,0.0,0.0,0.0,1.0341964960098267,0.1301274448633194,0.05585148558020592,1.6128276586532593,0.18572862446308136,0.0,0.0,0.0,0.0,0.0,0.6786282658576965,2.0575451850891113,0.0,0.0,0.0,0.28349247574806213,0.0,0.0,0.0,3.1576993465423584,0.0,0.0,0.0,0.0,2.0890018939971924,0.0,0.0,2.31626296043396,2.428861141204834,0.0,0.0,1.7554060220718384,1.5595380067825317,0.5709615349769592,0.0,0.0,0.0,0.16355928778648376,0.0,0.0,0.906301736831665,3.6370575428009033,0.0,0.0,0.0,0.0,0.0,0.0,0.1095203161239624,0.0,1.6899999380111694,0.0,2.0929720401763916,0.0,0.8261215686798096,0.0,0.0,0.0,0.09717076271772385,0.0,0.0,0.18930590152740479,0.0,2.16872501373291,0.09399158507585526,0.0,2.003437042236328,0.0,0.0,0.0,0.1227395161986351,0.0,0.0,0.12447457760572433,0.03045036643743515,0.006127906497567892,0.006475482601672411,0.0,0.0,0.0,0.07640796899795532,0.10133686661720276,0.18716226518154144,0.0,0.0,0.0,0.0,1.6093922853469849,0.0,0.009601053781807423,0.0,3.201206922531128,2.7349231243133545,1.002041220664978,0.0,0.5724478960037231,0.0,0.0,0.08921802788972855,0.0,0.0,0.0,0.025745602324604988,0.0,0.0,0.0,0.13961933553218842,0.0,0.0,0.0,0.0,0.0,0.0,0.0,0.0,0.0,0.7300777435302734,0.0,2.1975066661834717,0.07920857518911362,0.0,0.14995522797107697,0.0,0.022294582799077034,0.0,0.05836578086018562,0.0,0.0,0.28970929980278015,0.0,0.0,0.0,0.03549880161881447,0.0,0.0,0.0,0.1505175679922104,0.0,0.0,0.15162834525108337,0.005519466008991003,0.0,0.8223266005516052,0.0,0.0,2.986691474914551,0.0,0.8929442763328552,3.1808032989501953,0.11611918359994888,0.0,0.0,0.6698922514915466,0.0,0.0,0.001949284691363573,0.14145369827747345,0.0,0.1740521788597107,1.6248221397399902,0.08205878734588623,0.0,0.0,0.0,0.0,0.0,1.4400181770324707,0.0,0.0,0.0,0.0,0.0,1.8747941255569458,0.0,0.10689527541399002,0.0,0.0,0.0,0.0,0.0,0.0,0.11456020921468735,0.0,1.5319973230361938,0.0,0.0,0.0,0.0,1.9695178270339966,0.0,0.0,2.116952657699585,0.07861574739217758,0.0,0.0,0.03674325346946716,0.0,0.0,0.38996681571006775,0.6492262482643127,0.0,0.131867453455925,0.5197269320487976,0.0,0.0,0.7694385647773743,2.888021469116211,0.0,0.0,0.0,0.0,0.0,0.0,0.0,1.6666589975357056,0.0,0.0,0.6174224019050598,0.0,0.0,0.0,0.0,0.0,0.0,0.0,0.0,0.0,0.0,2.2718098163604736
032_S_1169,CN,train,1.4661478996276855,2.222405195236206,0.0,0.0,0.0,0.0,0.0,3.585663080215454,1.5361813306808472,2.7106192111968994,0.0,0.0,0.0,0.0,2.7308645248413086,0.0,0.0,0.0,0.0,0.0,0.0,0.0,2.0511815547943115,0.0,0.0,0.0,0.0,0.9830954074859619,0.0,0.0,1.7459508180618286,0.09852313995361328,0.0,0.0,0.0,0.0,0.0,0.6914296746253967,2.4249706268310547,0.0,0.0,0.0,0.24846772849559784,0.0,0.0,0.0,3.316708564758301,0.0,0.0,0.0,0.0,2.61381459236145,0.0,0.0,2.839127779006958,3.0013790130615234,0.0,0.0,2.1759088039398193,1.4930397272109985,0.7181410789489746,0.0,0.0,0.0,0.0,0.0,0.0,1.1522608995437622,3.8155829906463623,0.0,0.0,0.0,0.0,0.0,0.0,0.0,0.0,1.8559342622756958,0.0,2.3760664463043213,0.0,0.6141998171806335,0.0,0.0,0.0,0.0,0.0,0.0,0.0,0.0,2.6980087757110596,0.024212682619690895,0.0,2.4265527725219727,0.0,0.0,0.0,0.0,0.0,0.0,0.0,0.09002181142568588,0.0,0.05410406365990639,0.0,0.0,0.0,0.0,0.008463015779852867,0.0,0.0,0.0,0.0,0.0,1.9911473989486694,0.0,0.0,0.0,3.8862524032592773,3.2178971767425537,1.1880885362625122,0.0,0.30408963561058044,0.0,0.0,0.0,0.0,0.0,0.0,0.0,0.0,0.0,0.0,0.0,0.0,0.0,0.0,0.0,0.0,0.0,0.0,0.0,0.0,0.8122052550315857,0.0,2.448237657546997,0.012194275856018066,0.0,0.0,0.0,0.0,0.0,0.0,0.0,0.0,0.3023989498615265,0.0,0.0,0.0,0.0,0.0,0.0,0.0,0.0,0.0,0.0,0.11852430552244186,0.0,0.0,1.088287591934204,0.0,0.0,3.6607701778411865,0.0,0.9626221060752869,3.6862375736236572,0.0049853199161589146,0.0,0.0,0.870721161365509,0.0,0.0,0.0,0.0,0.0,0.0,1.904234528541565,0.0,0.0,0.0,0.0,0.0,0.0,1.5968629121780396,0.0,0.0,0.0,0.0,0.0,2.0041284561157227,0.0,0.0,0.0,0.0,0.0,0.0,0.0,0.0,0.0,0.0,1.457168459892273,0.0,0.0,0.0,0.0,2.088676691055298,0.0,0.0,2.193969488143921,0.0,0.0,0.0,0.0,0.0,0.0,0.36001232266426086,0.7632216811180115,0.0,0.0,0.5592713356018066,0.0,0.0,0.8420777320861816,2.958439588546753,0.0,0.0,0.0,0.0,0.0,0.0,0.0,1.7716559171676636,0.0,0.0,0.6147028803825378,0.0,0.0,0.0,0.0,0.0,0.0,0.0,0.0,0.0,0.0,2.8408937454223633
136_S_0429,MCI,train,0.43160709738731384,0.8487139344215393,0.0,0.0,0.0,0.0,0.0,1.1275490522384644,0.649020254611969,0.7776511311531067,0.0,0.0,0.0012404888402670622,0.0,0.9896189570426941,0.0,0.0,0.0,0.0,0.0,0.0,0.011565166525542736,0.9668713212013245,0.0,0.0,0.0,0.0,0.44540151953697205,0.0,0.0,0.6441327929496765,0.05062204971909523,0.0,0.0,0.0,0.0,0.0,0.18600337207317352,0.9264944195747375,0.0,0.0,0.0,0.020712215453386307,0.0,0.0,0.0,1.251239538192749,0.0,0.0,0.0,0.0,0.8586466908454895,0.0,0.0,0.8324496746063232,0.8320443034172058,0.0,0.0,1.0283249616622925,0.6791467666625977,0.12576799094676971,0.0,0.0,0.0,0.0,0.0,0.0,0.2747982442378998,1.4229844808578491,0.0,0.0,0.0,0.0,0.0,0.0,0.055154431611299515,0.0,0.6092320084571838,0.0,0.9149139523506165,0.0,0.4016817510128021,0.0,0.0,0.0,0.0,0.0,0.0,0.040243856608867645,0.0,0.8749849796295166,0.013806757517158985,0.0,0.8258843421936035,0.0,0.0,0.0,0.0,0.0,0.0,0.0,0.0,0.006038544233888388,0.0,0.0,0.0,0.0,0.0,0.056695032864809036,0.0,0.0,0.0,0.0,0.0,0.5526174902915955,0.0,0.06732816249132156,0.0,0.924859344959259,1.0075987577438354,0.3208582103252411,0.0,0.29252317547798157,0.0,0.0,0.0,0.0,0.0,0.0,0.0,0.0,0.0,0.0,0.0,0.0,0.0,0.0,0.0,0.0,0.0,0.0,0.0,0.0,0.4986151456832886,0.0,0.7084988951683044,0.017137112095952034,0.0,0.0,0.0,0.1421547383069992,0.0,0.0,0.0,0.0,0.2041352540254593,0.0,0.0,0.0,0.0,0.0,0.0,0.0,0.0,0.0,0.0,0.024561099708080292,0.0,0.0,0.29344442486763,0.00012561875337269157,0.0009829517221078277,0.8055244088172913,0.0,0.4148624837398529,1.1127684116363525,0.0,0.0,0.0,0.2371702641248703,0.0,0.0,0.0,0.0,0.0,0.0,0.6424035429954529,0.0,0.0,0.0,0.0,0.0031366273760795593,0.0,0.8393204808235168,0.0,0.0,0.0,0.0,0.0,0.6388277411460876,0.0,0.0,0.0,0.0,0.0,0.0,0.0,0.0,0.0,0.0,0.6498529314994812,0.0,0.0,0.0,0.0,0.7435093522071838,0.0005069320905022323,0.0,0.8493189215660095,0.0,0.0,0.0,0.0,0.0,0.0,0.08604392409324646,0.11489368230104446,0.0,0.0,0.3117574453353882,0.0,0.0,0.24913395941257477,1.1853395700454712,0.0,0.0,0.0,0.0,0.0,0.0,0.0,0.648805558681488,0.0,0.0,0.21111738681793213,0.0,0.0,0.0,0.0,0.0,0.0,0.0,0.0,0.0,0.0,0.6495220065116882
051_S_1338,MCI,train,0.4841073453426361,0.7390842437744141,0.0,0.0,0.0,0.0,0.0,1.271707534790039,0.6148287653923035,0.9650943279266357,0.0,0.0,0.0,0.0,0.9255251288414001,0.0,0.0,0.0,0.0,0.0,0.0,0.0,0.7042999863624573,0.0,0.0,0.0,0.0,0.3274708688259125,0.0,0.0,0.5226207375526428,0.0444156676530838,0.0,0.0,0.0,0.0,0.0,0.2304820865392685,0.8791930675506592,0.0,0.0,0.0,0.1471972018480301,0.0,0.0,0.0,1.174566388130188,0.0,0.0,0.0,0.0,0.9153323769569397,0.0,0.0,1.0048043727874756,1.004465937614441,0.0,0.0,0.735878050327301,0.5192820429801941,0.23832029104232788,0.0,0.0,0.0,0.0,0.0,0.0,0.43384572863578796,1.3029391765594482,0.0,0.0,0.0,0.0,0.0,0.0,0.0,0.0,0.672142744064331,0.0,0.8088282942771912,0.0,0.23469829559326172,0.0,0.0,0.0,0.0,0.0,0.0,0.0,0.0,0.9230937361717224,0.0,0.0,0.8253605365753174,0.0,0.0,0.0,0.0,0.0,0.0,0.0,0.034109313040971756,0.0057434216141700745,0.006101258564740419,0.0,0.0,0.0,0.0,0.0,0.0,0.0,0.0,0.0,0.0,0.7090840935707092,0.0,0.0,0.0,1.3366141319274902,1.0797141790390015,0.42902663350105286,0.0,0.10001581162214279,0.0,0.0,0.0,0.0,0.0,0.0,0.0,0.0,0.0,0.0,0.0,0.0,0.0,0.0,0.0,0.0,0.0,0.0,0.0,0.0,0.22381560504436493,0.0,0.8181275725364685,0.0007768874638713896,0.0,0.0,0.0,0.0,0.0,0.0,0.0,0.0,0.08639325946569443,0.0,0.0,0.0,0.0,0.0,0.0,0.0,0.0,0.0,0.0,0.03469659760594368,0.0,0.0,0.3575933277606964,0.0,0.0,1.2606056928634644,0.0,0.34273794293403625,1.288291096687317,0.0,0.0,0.0,0.2794835865497589,0.0,0.0,0.0,0.0,0.0,0.0,0.6816529631614685,0.0,0.0,0.0,0.0,0.0,0.0,0.5541709065437317,0.0,0.0,0.0,0.0,0.0,0.6754384636878967,0.0,0.0,0.0,0.0,0.0,0.0,0.0,0.0,0.0,0.0,0.47978129982948303,0.0,0.0,0.0,0.0,0.7145339846611023,0.0,0.0,0.7700080871582031,0.0,0.0,0.0,0.0,0.0,0.0,0.13320043683052063,0.28784146904945374,0.0,0.0,0.18100863695144653,0.0,0.0,0.2464931756258011,0.9646119475364685,0.0,0.0,0.0,0.0,0.0,0.0,0.0,0.6078712344169617,0.0,0.0,0.21358871459960938,0.0,0.0,0.0,0.0,0.0,0.0,0.0,0.0,0.0,0.0,0.9515714645385742
027_S_1385,AD,train,0.2970927059650421,0.944525420665741,0.0,0.0,0.0,0.0,0.0,1.0798519849777222,0.5290456414222717,0.599848210811615,0.0,0.0,0.0,0.0,1.0621098279953003,0.0,0.0,0.0,0.0,0.0,0.0,0.0,0.980461597442627,0.0,0.0,0.0,0.0,0.4511697590351105,0.0,0.0,0.7010056376457214,0.11549212783575058,0.0,0.0,0.0,0.0,0.0,0.1816999912261963,0.8473954200744629,0.0,0.0,0.0,0.0,0.0,0.0,0.0,1.149643063545227,0.0,0.0,0.010807591490447521,0.0,0.5182562470436096,0.0,0.0,0.6000258922576904,0.5814348459243774,0.0,0.0,1.0167757272720337,0.6690999865531921,0.11210808157920837,0.0,0.0,0.0,0.0,0.0,0.0,0.17565155029296875,1.4098831415176392,0.0,0.0,0.0,0.0,0.0,0.0,0.03838533163070679,0.0,0.6603143215179443,0.0,0.6953258514404297,0.0,0.4195493757724762,0.0,0.0,0.0,0.0,0.0,0.0,0.19138658046722412,0.0,0.7100860476493835,0.05530732870101929,0.0,0.719276487827301,0.0,0.0,0.0,0.0,0.0,0.0,0.0,0.0,0.0,0.0,0.0,0.0,0.0,0.0,0.09586449712514877,0.0,0.0,0.0,0.0,0.0,0.4026738703250885,0.0,0.12658564746379852,0.0,0.7011366486549377,0.9563676714897156,0.19421260058879852,0.0,0.42271196842193604,0.0,0.0,0.0,0.0,0.0,0.0,0.0,0.0,0.0,0.0,0.0,0.0,0.0,0.0,0.0,0.0,0.0,0.0,0.0,0.0,0.5791507959365845,0.0,0.7459776997566223,0.016605721786618233,0.0,0.0,0.0,0.14653629064559937,0.0,0.0,0.0,0.0,0.2907361388206482,0.0,0.0,0.0,0.0,0.0,0.0,0.0,0.0,0.0,0.0,0.0,0.0,0.0,0.21772760152816772,0.003941367845982313,0.0,0.3223262131214142,0.0,0.4655233323574066,0.8862985968589783,0.011952202767133713,0.0,0.0,0.176493301987648,0.0,0.0,0.0,0.0,0.0,0.0,0.4610014855861664,0.0,0.0,0.0,0.0,0.0012206397950649261,0.0,0.7740952372550964,0.0,0.0,0.0,0.0,0.0,0.7876315116882324,0.0,0.0,0.0,0.0,0.0,0.0,0.0,0.0,0.0,0.0,0.6691798567771912,0.0,0.0,0.0,0.0,0.917972981929779,0.0,0.0,0.8737490773200989,0.0,0.0,0.0,0.010359196923673153,0.0,0.0,0.08153830468654633,0.04631352797150612,0.0,0.0,0.31746187806129456,0.0,0.0,0.28273043036460876,1.223922610282898,0.0,0.0,0.0,0.0,0.0,0.0,0.0,0.5790114998817444,0.0,0.0,0.1366950273513794,0.0,0.0,0.0,0.0,0.0,0.0,0.0,0.0,0.0,0.0,0.4544609487056732
027_S_1387,MCI,train,0.9109428524971008,1.8531333208084106,0.0734882801771164,0.042039886116981506,0.0,0.0,0.0,2.1874046325683594,0.9082478880882263,1.7334041595458984,0.0,0.0,0.0,0.0,2.0216643810272217,0.08171172440052032,0.0,0.0,0.02764829806983471,0.0,0.037130165845155716,0.0,1.5750603675842285,0.0,0.0,0.0,0.0,0.8030858039855957,0.04507152736186981,0.0,1.2077795267105103,0.061448607593774796,0.0,0.0,0.0,0.0,0.0,0.6309115290641785,1.5932097434997559,0.0,0.0,0.0,0.30214056372642517,0.0,0.0,0.0,2.478114366531372,0.0,0.0,0.0,0.0,1.6840518712997437,0.0,0.0,1.8537791967391968,1.939292550086975,0.0,0.006587121170014143,1.0480626821517944,1.214118480682373,0.4363820552825928,0.0,0.0,0.0,0.04476074501872063,0.0,0.0,0.7985913753509521,2.805126905441284,0.0,0.0,0.0,0.0,0.0,0.0,0.03405001759529114,0.0,1.3878792524337769,0.0,1.5092488527297974,0.0,0.6224269270896912,0.0,0.0,0.0,0.05905571207404137,0.0,0.0,0.17863641679286957,0.0,1.6197353601455688,0.08921762555837631,0.0,1.4862607717514038,0.0,0.0,0.0,0.0,0.0,0.0,0.04489660635590553,0.08238702267408371,0.05531424283981323,0.04559853672981262,0.0,0.0,0.0,0.045017000287771225,0.08088342845439911,0.082054004073143,0.0,0.0,0.0,0.0,1.2861137390136719,0.0,0.0,0.0,2.6174449920654297,2.0074145793914795,0.8220232129096985,0.0,0.2895643413066864,0.0,0.0,0.022759554907679558,0.0,0.0,0.0,0.0,0.0,0.0,0.0,0.09062561392784119,0.0,0.0,0.0,0.0,0.0,0.0,0.0,0.0,0.0,0.2552354037761688,0.0,1.620874047279358,0.02184477262198925,0.0,0.06013615429401398,0.0,0.0,0.0,0.020162126049399376,0.0,0.0,0.11547984927892685,0.0,0.0,0.0,0.011953617446124554,0.0,0.0,0.0,0.09617531299591064,0.0,0.0,0.1834094524383545,0.0,0.0,0.5959795117378235,0.0,0.0,2.605645179748535,0.0,0.7060286402702332,2.378699541091919,0.018286999315023422,0.0,0.0,0.5360522270202637,0.0,0.0,0.0,0.09990925341844559,0.0,0.06982948631048203,1.1702755689620972,0.03520375117659569,0.0,0.0,0.0,0.012349128723144531,0.0,0.9773013591766357,0.0,0.0,0.0,0.0,0.0,1.4385637044906616,0.0,0.02594783715903759,0.0,0.0,0.00759219890460372,0.0,0.0,0.0,0.03651343658566475,0.0,1.2089110612869263,0.0,0.0,0.0,0.0,1.4160865545272827,0.0,0.0,1.6637731790542603,0.040626298636198044,0.0,0.0,0.032459359616041183,0.0,0.0,0.3694629669189453,0.5858623385429382,0.0,0.08553323149681091,0.201766237616539,0.0,0.0,0.64382404088974,2.162203073501587,0.0,0.0,0.0,0.0,0.0,0.0,0.0,1.260766625404358,0.0,0.0,0.50205397605896,0.0,0.0,0.0,0.0,0.0,0.0,0.0,0.0,0.0,0.0,1.87343168258667
136_S_0196,CN,train,0.14483554661273956,1.2695670127868652,0.0,0.0,0.0,0.0,0.0,0.6171340942382812,0.4527929723262787,0.3003302216529846,0.0,0.0,0.0,0.0,1.1884242296218872,0.0,0.0,0.0,0.0,0.0,0.0,0.0,1.1840137243270874,0.0,0.0,0.0,0.0,0.5471778512001038,0.0,0.0,0.7970852851867676,0.08641733974218369,0.0,0.0,0.0,0.0,0.0,0.3066307008266449,0.8055253028869629,0.0,0.0,0.0,0.0,0.0,0.0,0.0,1.419240117073059,0.0,0.0,0.045712169259786606,0.0,0.2912540137767792,0.0,0.0,0.34361493587493896,0.3346423804759979,0.0,0.0,0.5637466311454773,0.8943573832511902,0.0506550632417202,0.0,0.0,0.0,0.0,0.0,0.0,0.10930825024843216,1.6563869714736938,0.0,0.0,0.0,0.0,0.0,0.0,0.1113528236746788,0.0,0.640458881855011,0.0,0.43032577633857727,0.0,0.7057064175605774,0.0,0.0,0.0,0.0,0.0,0.0,0.3749631345272064,0.0,0.33175721764564514,0.026596063748002052,0.0,0.44637349247932434,0.0,0.0,0.0,0.0,0.0,0.0,0.0,0.0,0.0,0.0,0.0,0.0,0.0,0.0,0.2312614470720291,0.0,0.0,0.0,0.0,0.0,0.176611065864563,0.0,0.01982707716524601,0.0,0.4305761754512787,0.6215726733207703,0.13392819464206696,0.0,0.5550891757011414,0.0,0.0,0.0,0.0,0.0,0.0,0.0,0.0,0.0,0.0,0.0,0.0,0.0,0.0,0.0,0.0,0.0,0.0,0.0,0.0,0.3861778676509857,0.0,0.5632721781730652,0.000841233937535435,0.0,0.0,0.0,0.05297718569636345,0.0,0.0,0.0,0.0,0.14283905923366547,0.0,0.0,0.0,0.0,0.0,0.0,0.0,0.0,0.0,0.0,0.0,0.0,0.0,0.07515387237071991,0.0,0.0,0.1624765396118164,0.0,0.4899565279483795,0.5611199736595154,0.14207494258880615,0.0,0.0,0.11210772395133972,0.0,0.0,0.004752167966216803,0.0,0.0,0.0,0.2214956134557724,0.0,0.0,0.0,0.0,0.0,0.0,0.6011103987693787,0.0,0.0,0.0,0.0,0.0,0.9201881289482117,0.0,0.0,0.0,0.0,0.0,0.0,0.0,0.0,0.0,0.0,0.9038204550743103,0.0,0.0,0.0,0.0,1.0159821510314941,0.0,0.0,1.067747950553894,0.0,0.0,0.0,0.10172688961029053,0.0,0.0,0.07426012307405472,0.0,0.0,0.0,0.14973847568035126,0.0,0.0,0.37168264389038086,1.4508792161941528,0.0,0.0,0.0,0.0,0.0,0.0,0.0,0.6964735984802246,0.0,0.0,0.1558103710412979,0.0,0.0,0.0,0.0,0.0,0.0,0.0,0.0,0.0,0.0,0.23758913576602936
128_S_1088,MCI,train,1.2634152173995972,2.2685182094573975,0.07224655151367188,0.07365746796131134,0.0,0.0,0.0,3.268507242202759,1.4936161041259766,2.3437118530273438,0.0,0.0,0.0,0.0,2.5924789905548096,0.07910554856061935,0.0,0.0,0.009574069641530514,0.0,0.0716150775551796,0.0,1.9681668281555176,0.0,0.0,0.0,0.0,1.0045229196548462,0.07932652533054352,0.02068212442100048,1.4782171249389648,0.11882901191711426,0.0,0.0,0.0,0.0,0.0,0.6550108790397644,2.2341012954711914,0.0,0.0,0.0,0.28202369809150696,0.0,0.0,0.0,3.2199630737304688,0.0,0.0,0.0,0.0,2.1822736263275146,0.0,0.0,2.398801565170288,2.3838260173797607,0.0,0.0,2.008362054824829,1.5634151697158813,0.5845441222190857,0.0,0.0,0.0,0.11229950934648514,0.0,0.0,0.9760196805000305,3.6180131435394287,0.0,0.0,0.0,0.0,0.0,0.0,0.0041606491431593895,0.0,1.6967865228652954,0.0,2.0715878009796143,0.0,0.6934881210327148,0.0,0.0,0.0,0.0710018128156662,0.0,0.0,0.18909549713134766,0.0,2.2254457473754883,0.10057133436203003,0.0,2.1433656215667725,0.0,0.0,0.0,0.06627241522073746,0.0,0.0,0.10304030030965805,0.03770305961370468,0.043582964688539505,0.03364366665482521,0.0,0.0,0.0,0.043652039021253586,0.10473429411649704,0.13919322192668915,0.0,0.0,0.0,0.0,1.736649990081787,0.0,0.01069838460534811,0.0,3.189059257507324,2.80930495262146,1.1605110168457031,0.0,0.5197264552116394,0.0,0.0,0.045821413397789,0.0,0.0,0.0,0.0,0.0,0.0,0.0,0.12182842940092087,0.0,0.0,0.0,0.0,0.0,0.0,0.0,0.0,0.0,0.7557329535484314,0.0,2.1146059036254883,0.06950145214796066,0.0,0.10280679911375046,0.0,0.014618118293583393,0.0,0.029147416353225708,0.0,0.0,0.2971653640270233,0.0,0.0,0.0,0.02076013758778572,0.0,0.0,0.0,0.10169506072998047,0.0,0.0,0.11244405061006546,0.0,0.0,0.9195583462715149,0.0,0.0,2.947329521179199,0.0,1.0094900131225586,3.201326608657837,0.0,0.0,0.0,0.6879787445068359,0.0,0.0,0.0,0.11247697472572327,0.0,0.1188226118683815,1.724203109741211,0.03512587025761604,0.0,0.0,0.0,0.0,0.0,1.637353777885437,0.0,0.0,0.0,0.0,0.0,1.840196132659912,0.0,0.08660531789064407,0.0,0.0,0.00892475713044405,0.0,0.0,0.0,0.06795348972082138,0.0,1.4212408065795898,0.0,0.0,0.0,0.0,1.908363699913025,0.0,0.0,2.2728185653686523,0.04638548195362091,0.0,0.0,0.045849159359931946,0.0,0.0,0.35411930084228516,0.6101698875427246,0.0,0.10547710210084915,0.5230342745780945,0.0,0.0,0.6340625882148743,2.7060441970825195,0.0,0.0,0.0,0.0,0.0,0.0,0.0,1.556411862373352,0.0,0.0,0.5176590085029602,0.0,0.0,0.0,0.0,0.0,0.0,0.0,0.0,0.0,0.0,2.353375196456909
016_S_1138,MCI,train,0.5952945351600647,2.3463637828826904,0.6901395320892334,0.6640447974205017,0.0,0.0,0.0,1.3429886102676392,0.6757610440254211,1.104754090309143,0.0,0.0,0.0,0.0,2.2497940063476562,0.5412997603416443,0.00485578179359436,0.0,0.23672837018966675,0.0,0.6860321164131165,0.01616990938782692,2.140545606613159,0.0,0.0,0.0,0.0,1.1602586507797241,0.791880190372467,0.34347307682037354,1.2195388078689575,0.06042450666427612,0.0,0.0,0.0,0.0,0.0,0.8938462138175964,1.5266603231430054,0.0,0.0,0.0,0.0009008655324578285,0.0,0.0,0.0,2.3638217449188232,0.0,0.0,0.021673763170838356,0.0,1.0246096849441528,0.0,0.0,1.0204986333847046,1.1737031936645508,0.0,0.0,1.0047441720962524,1.6369357109069824,0.19423092901706696,0.0,0.0,0.0,1.0807404518127441,0.0,0.0,0.30534112453460693,2.5288734436035156,0.0,0.0,0.0,0.0,0.0,0.0,0.048928823322057724,0.0,0.9399058222770691,0.0,1.1257519721984863,0.0,1.1849302053451538,0.0,0.0,0.0,0.42074596881866455,0.0,0.0,0.8973445892333984,0.0,1.0521166324615479,0.3005363643169403,0.0,0.9634161591529846,0.0,0.0,0.0,0.8093945980072021,0.0,0.0,0.8421964645385742,0.05927569046616554,0.027482062578201294,0.006710803136229515,0.0,0.0,0.0,0.49296990036964417,0.5994901061058044,1.0545140504837036,0.0,0.0,0.0,0.0,0.7609329223632812,0.0,0.04388023912906647,0.0,1.43148672580719,1.3438721895217896,0.4164263904094696,0.0,1.0165841579437256,0.0,0.0,0.7979146838188171,0.0,0.0,0.0,0.4099180996417999,0.0,0.0,0.0,0.5491726994514465,0.0,0.0,0.0,0.0,0.0363771952688694,0.0,0.0,0.0,0.0,0.46981510519981384,0.0,1.0026671886444092,0.021440749987959862,0.0,1.0258750915527344,0.0,0.07679781317710876,0.0,0.2792777717113495,0.0,0.0,0.1857122778892517,0.0,0.0,0.0,0.2511838376522064,0.0,0.0,0.0,0.8401854634284973,0.0,0.0,0.37081286311149597,0.4195523262023926,0.0,0.35711801052093506,0.0,0.0006743553676642478,1.3226741552352905,0.0,0.9962978959083557,1.4295412302017212,0.07757862657308578,0.0,0.0,0.2995196580886841,0.0,0.0,0.20260076224803925,0.6179586052894592,0.0,0.9145300388336182,0.7501557469367981,0.48422732949256897,0.0,0.0,0.0,0.0,0.0,0.8906704783439636,0.0,0.0,0.0,0.0,0.0,1.3396320343017578,0.0,0.7324205040931702,0.0,0.0,0.0,0.0,0.0,0.0,0.6352910399436951,0.0,1.7306995391845703,0.0,0.0,0.0,0.0,1.2414135932922363,0.0,0.0,2.3416035175323486,0.4013793468475342,0.0,0.06535467505455017,0.13662484288215637,0.0,0.0,0.5046242475509644,0.187751904129982,0.0,0.8195514678955078,0.29225102066993713,0.0,0.0,1.0002415180206299,2.1700618267059326,0.0,0.0,0.0,0.0,0.0,0.0,0.0,1.2683749198913574,0.0,0.0,0.4522320032119751,0.0,0.0,0.0,0.0,0.0,0.0,0.0,0.0,0.0,0.0,0.9804177284240723
133_S_1170,AD,train,0.19964216649532318,1.5687779188156128,0.25694170594215393,0.22525906562805176,0.0,0.0,0.0,0.6019318103790283,0.4152173697948456,0.277872771024704,0.008309334516525269,0.0,0.0,0.0,1.3140839338302612,0.25279608368873596,0.0,0.0,0.07572963088750839,0.0,0.2555254399776459,0.0,1.2970117330551147,0.0,0.0,0.0,0.0,0.6119403839111328,0.29144158959388733,0.08279703557491302,0.7114346027374268,0.011937052942812443,0.0,0.0,0.0,0.0,0.0,0.4701100289821625,0.7669803500175476,0.0,0.0,0.0,0.008897967636585236,0.0,0.0,0.0,1.5089646577835083,0.0,0.0,0.0,0.0,0.2614119350910187,0.0,0.0,0.3792538344860077,0.40093791484832764,0.0,0.0,0.4749666452407837,0.9837061762809753,0.04077662527561188,0.0,0.0,0.0,0.4028242826461792,0.0,0.0,0.16633687913417816,1.6027873754501343,0.0,0.0,0.0,0.0,0.0,0.0,0.048593636602163315,0.0,0.5168482661247253,0.003759952960535884,0.3761471211910248,0.0,0.7408936619758606,0.0,0.0,0.0,0.2104269117116928,0.0,0.0,0.5679140090942383,0.0,0.35802340507507324,0.18909604847431183,0.0,0.4512596130371094,0.0,0.0,0.0,0.2550623118877411,0.0,0.0,0.33982178568840027,0.0,0.0,0.0,0.0,0.0,0.0,0.17085999250411987,0.30183497071266174,0.4141106903553009,0.0,0.0,0.0,0.0,0.21255140006542206,0.0,0.010596604086458683,0.0,0.4501393735408783,0.5540971159934998,0.11218082904815674,0.0,0.6010420322418213,0.0,0.0,0.2353949397802353,0.0,0.0,0.0,0.04854417219758034,0.0,0.0,0.0,0.2733863890171051,0.0,0.0,0.0,0.0,0.004495676141232252,0.0,0.0,0.0,0.0,0.2947423756122589,0.0,0.39130184054374695,0.029036374762654305,0.0,0.3666038513183594,0.0,0.0,0.0,0.1242632195353508,0.0,0.0,0.10210126638412476,0.0,0.0,0.0,0.10066178441047668,0.0,0.0,0.0,0.3395739793777466,0.0,0.0,0.1892031580209732,0.0363943986594677,0.0,0.18120478093624115,0.0,0.0,0.30575433373451233,0.0,0.6980640292167664,0.5783870220184326,0.015220423229038715,0.0,0.0,0.12752757966518402,0.0,0.0,0.027262747287750244,0.2947053015232086,0.0,0.37317144870758057,0.3052036464214325,0.162308007478714,0.0,0.0,0.0,0.002063139108940959,0.0,0.5069444179534912,0.0,0.0,0.0,0.0,0.0,0.6745515465736389,0.0,0.27657461166381836,0.0,0.0,0.0,0.0,0.0,0.0,0.22215455770492554,0.0,1.0260205268859863,0.0,0.0,0.0,0.0,0.819202721118927,0.0,0.0,1.415879249572754,0.14317922294139862,0.0,0.0,0.0993875041604042,0.0,0.0,0.2197241634130478,0.016851598396897316,0.0,0.35347095131874084,0.09091711044311523,0.0,0.0,0.6020272374153137,1.335006833076477,0.0,0.0,0.0,0.0,0.0,0.0,0.0,0.7545444369316101,0.0,0.0,0.23049543797969818,0.0,0.0,0.0,0.0,0.0,0.0,0.0,0.0,0.0,0.0,0.3138106167316437
012_S_1212,CN,train,0.0,2.1363632678985596,0.3128759562969208,0.5289218425750732,0.0,0.0,0.0,0.0,0.14199525117874146,0.0,0.0,0.0,0.0,0.0,1.513588786125183,0.4713342487812042,0.0,0.0,0.02427610754966736,0.0,0.38635650277137756,0.0,1.5701926946640015,0.0,0.0,0.0,0.0,0.7886493802070618,0.3823481500148773,0.12255365401506424,0.882116973400116,0.0,0.0,0.0,0.0,0.0,0.0,0.750662088394165,0.6184137463569641,0.0,0.0,0.0,0.0,0.0,0.0,0.0,1.74004328250885,0.0,0.0,0.0,0.0,0.0,0.0,0.0,0.0,0.0,0.0,0.0,0.0,1.3421427011489868,0.0,0.0,0.0,0.0,0.5177956223487854,0.0,0.0,0.02159477211534977,1.7058205604553223,0.0,0.0,0.0,0.0,0.0,0.0,0.135454922914505,0.0,0.48280230164527893,0.0,0.0,0.0,1.2295693159103394,0.0,0.0,0.0,0.2749537527561188,0.0,0.0,1.1210541725158691,0.0,0.0,0.2739739716053009,0.0,0.0,0.0,0.0,0.0,0.43001821637153625,0.0,0.0,0.483757883310318,0.0,0.0,0.0,0.0,0.0,0.0,0.31662943959236145,0.6085143685340881,0.6858060359954834,0.0,0.0,0.0,0.0,0.0,0.0,0.0,0.0,0.0,0.0,0.014862782321870327,0.0,1.0682071447372437,0.0,0.0,0.2743944823741913,0.0,0.0,0.0,0.12971027195453644,0.0,0.0,0.0,0.45904335379600525,0.0,0.0,0.0,0.0,0.0,0.0,0.0,0.0,0.0,0.0034766702447086573,0.0,0.0,0.0,0.0,0.5128238797187805,0.0,0.0,0.0,0.23901133239269257,0.0,0.0,0.013030558824539185,0.0,0.0,0.0,0.14791394770145416,0.0,0.0,0.0,0.5916493535041809,0.0,0.0,0.22678415477275848,0.27914562821388245,0.0,0.0015210566343739629,0.0,0.0,0.0,0.0,0.8697115778923035,0.0,0.1223490759730339,0.0,0.0,0.0,0.0,0.0,0.12076405435800552,0.3693407475948334,0.0,0.4731517732143402,0.0,0.23189963400363922,0.0,0.0,0.0,0.0,0.0,0.29602232575416565,0.0,0.0,0.0,0.0,0.0,0.978163480758667,0.0,0.45649901032447815,0.0,0.0,0.0,0.0,0.0,0.0,0.23745501041412354,0.0,1.488188624382019,0.0,0.0,0.0,0.0,0.9394211769104004,0.0,0.0,1.9295076131820679,0.12101241201162338,0.0,0.0,0.17192484438419342,0.0,0.0,0.468313068151474,0.0,0.0,0.5712258815765381,0.0,0.0,0.0,0.874941349029541,1.5907429456710815,0.0,0.0,0.0,0.0,0.0,0.0,0.0,1.0066801309585571,0.0,0.0,0.319995254278183,0.0,0.0,0.0,0.0,0.0,0.0,0.0,0.0,0.0,0.0,0.0
033_S_1309,MCI,train,0.15621772408485413,2.3027989864349365,0.8124656677246094,0.6961007714271545,0.0,0.0,0.0,0.46009862422943115,0.27987685799598694,0.26791706681251526,0.004951563198119402,0.0,0.0,0.0,1.952614426612854,0.697119414806366,0.0018759766826406121,0.0,0.2840403616428375,0.0,0.7461279034614563,0.0,1.9362602233886719,0.0,0.0,0.0,0.0,1.118231177330017,0.8722103238105774,0.3671770989894867,0.9670400619506836,0.05930308997631073,0.0,0.0,0.0,0.0,0.0,0.9964590072631836,0.8921203017234802,0.0,0.0,0.0,0.0,0.0,0.0,0.0,1.9812663793563843,0.0,0.0,0.023440415039658546,0.0,0.25519075989723206,0.0,0.0,0.22783340513706207,0.22098182141780853,0.0,0.0,0.44778814911842346,1.616025447845459,0.03983147814869881,0.0,0.0,0.0,1.2415322065353394,0.0,0.0,0.07380354404449463,1.9032400846481323,0.0,0.0,0.0,0.0,0.0,0.0,0.06595128774642944,0.0,0.6169455647468567,0.004263476002961397,0.3003540635108948,0.0,1.1691831350326538,0.0,0.0,0.0,0.5732168555259705,0.0,0.0,1.165122151374817,0.0,0.2717629373073578,0.3865493834018707,0.0,0.30578723549842834,0.0,0.0,0.0,0.8187143206596375,0.0,0.0,0.936809241771698,0.0,0.03056260757148266,0.00041590898763388395,0.0,0.0,0.0,0.5487297177314758,0.5750531554222107,1.185491681098938,0.0,0.0,0.0,0.0,0.20471800863742828,0.0,0.09657586365938187,0.0,0.2671508491039276,0.3441126346588135,0.14865191280841827,0.0,1.1539472341537476,0.0,0.0,0.8611781001091003,0.0,0.0,0.0,0.40862902998924255,0.0,0.0,0.0,0.7847170829772949,0.0,0.0,0.0,0.0,0.024236507713794708,0.0,0.0,0.0,0.0,0.2673856317996979,0.0,0.27338653802871704,0.04165450111031532,0.0,1.1494616270065308,0.0,0.09663960337638855,0.0,0.32298627495765686,0.0,0.0,0.13554374873638153,0.0,0.0,0.0,0.3612035810947418,0.0,0.0,0.0,0.9506857991218567,0.0,0.0,0.5185518860816956,0.3491988480091095,0.0,0.12560869753360748,0.019130608066916466,0.0009131994447670877,0.18292079865932465,0.0,1.0771327018737793,0.34076473116874695,0.08823420852422714,0.0,0.0,0.07388383150100708,0.0,0.0,0.20233505964279175,0.7783309817314148,0.0,1.0189224481582642,0.2219509333372116,0.5430998206138611,0.0,0.0,0.0,0.0018733710749074817,0.0,0.6782335638999939,0.0,0.0,0.0,0.0,0.0,0.9292774796485901,0.0,0.7627416253089905,0.0,0.0,0.0,0.0,0.0,0.0,0.6854250431060791,0.0,1.6588287353515625,0.0,0.0,0.0,0.0,0.9044671654701233,0.0,0.0,2.3122618198394775,0.4639609754085541,0.0,0.03845381364226341,0.22593916952610016,0.0,0.0,0.4940778911113739,0.001402706722728908,0.0,0.9306564927101135,0.1546148657798767,0.0,0.0,0.865688145160675,1.6914715766906738,0.0,0.0,0.0,0.0,0.0,0.0,0.0,1.1136871576309204,0.0,0.0,0.2598423659801483,0.0,0.0,0.0,0.0,0.0,0.0,0.0,7.097920024534687e-05,0.0,0.0,0.18452586233615875
133_S_0792,MCI,train,0.29485437273979187,2.817985773086548,0.4873385727405548,0.5588729381561279,0.0,0.0,0.0,0.7431883811950684,0.4934028685092926,0.5350876450538635,0.013332267291843891,0.0,0.0,0.0,2.305901527404785,0.40881988406181335,0.014592140913009644,0.0,0.1396736353635788,0.0,0.529373824596405,0.007869536057114601,2.285008192062378,0.0,0.0,0.0,0.0,1.2061489820480347,0.558224618434906,0.26087450981140137,1.3114463090896606,0.00807732529938221,0.0,0.0,0.0,0.0,0.0,1.1283735036849976,1.3588443994522095,0.0,0.0,0.0,0.0659220740199089,0.0,0.0,0.0,2.6778881549835205,0.0,0.0,0.05424980819225311,0.0,0.5562546253204346,0.0,0.0,0.5590116381645203,0.623887836933136,0.0,0.0,0.6244799494743347,1.8619860410690308,0.13053424656391144,0.0,0.0,0.0,0.8108553290367126,0.0,0.0,0.18118442595005035,2.7218151092529297,0.0,0.0,0.0,0.0,0.0,0.0,0.12184182554483414,0.0,0.9254562258720398,0.0032559356186538935,0.6095736622810364,0.0,1.4454960823059082,0.0,0.007685790304094553,0.0,0.34877824783325195,0.0,0.0,1.1287115812301636,0.0,0.577182948589325,0.21995162963867188,0.0,0.5631930232048035,0.0,0.0,0.0,0.7515861392021179,0.0,0.0,0.6905145049095154,0.02041562832891941,0.0,0.0,0.0,0.0,0.0,0.32727566361427307,0.6462079286575317,0.8705050945281982,0.0,0.0,0.0,0.0,0.37319937348365784,0.0,0.01842222549021244,0.0,0.7519620060920715,0.7622572779655457,0.25075557827949524,0.0,1.0843510627746582,0.0,0.0,0.536531388759613,0.0,0.0,0.0,0.23437368869781494,0.0,0.0,0.0,0.5286784768104553,0.0,0.0,0.0,0.0,0.004226327873766422,0.0,0.0,0.0,0.0,0.3480292856693268,0.0,0.5897805690765381,0.013811107724905014,0.0,0.705605685710907,0.0,0.04086484760046005,0.0,0.22947154939174652,0.0,0.0,0.134866401553154,0.0,0.0,0.0,0.21735890209674835,0.0,0.0,0.0,0.6302390098571777,0.0,0.0,0.5684987902641296,0.35360288619995117,0.0,0.19330979883670807,0.0,0.0,0.6361019015312195,0.0,1.0916565656661987,0.7858567237854004,0.18275636434555054,0.0,0.0,0.17569375038146973,0.0,0.0,0.16146014630794525,0.5158490538597107,0.0,0.699859619140625,0.44361770153045654,0.3329528272151947,0.0,0.0,0.0,0.0003405465977266431,0.0,0.7360571026802063,0.0,0.0,0.0,0.0,0.0,1.4444283246994019,0.0,0.5927363634109497,0.0,0.0,0.0,0.0,0.0,0.0,0.4421282708644867,0.0,1.8871921300888062,0.0,0.0,0.0,0.0,1.3949531316757202,0.0,0.0,2.618138074874878,0.28377607464790344,0.0,0.01898619905114174,0.24112153053283691,0.0,0.0,0.6093379855155945,0.10923389345407486,0.0,0.6897602677345276,0.16666360199451447,0.0,0.0,1.152328610420227,2.4935483932495117,0.0,0.0,0.0,0.0,0.0,0.0,0.0,1.4620351791381836,0.0,0.0,0.4304676949977875,0.0,0.0,0.0,0.0,0.0,0.0,0.0,0.0,0.0,0.0,0.5104262232780457
032_S_0677,CN,train,0.8882403373718262,2.0535433292388916,0.23430132865905762,0.20439696311950684,0.0,0.0,0.0,2.493579864501953,1.1388541460037231,1.7098723649978638,0.0,0.0,0.0,0.0,2.2722647190093994,0.16708220541477203,0.0,0.0,0.0915234163403511,0.0,0.23653967678546906,0.0,1.7495441436767578,0.01154667790979147,0.0,0.0,0.0,1.1404293775558472,0.269657164812088,0.1750691533088684,1.2663493156433105,0.10799407958984375,0.0,0.0,0.0,0.0,0.0,0.7996594309806824,1.7776447534561157,0.0,0.0,0.0,0.13834962248802185,0.0,0.0,0.0,2.7274153232574463,0.0,0.0,0.0,0.0,1.7168885469436646,0.0,0.0,1.8809752464294434,1.6373063325881958,0.0,0.0,1.5042357444763184,1.4583616256713867,0.4256496727466583,0.0,0.0,0.0,0.39494767785072327,0.0,0.0,0.7613163590431213,2.9793179035186768,0.0,0.0,0.0,0.0,0.0,0.0,0.01511755958199501,0.0,1.498530387878418,0.0,1.519887089729309,0.0,0.7100143432617188,0.0,0.01652061939239502,0.0,0.15847888588905334,0.0,0.0,0.3157813251018524,0.0,1.6587868928909302,0.07163049280643463,0.0,1.6363500356674194,0.0,0.0,0.0,0.3210413157939911,0.0,0.0,0.2810329794883728,0.004596947226673365,0.024143844842910767,0.0038465370889753103,0.0,0.0,0.0,0.1643945723772049,0.19527004659175873,0.3684014081954956,0.0,0.0,0.0,0.0,1.3351821899414062,0.0,2.003916415560525e-05,0.0,2.332735061645508,2.042127847671509,0.8329558372497559,0.0,0.550771951675415,0.0,0.0,0.2436068207025528,0.0,0.0,0.0,0.14579060673713684,0.0,0.0,0.0,0.21807290613651276,0.0,0.0,0.0,0.0,0.0,0.0,0.0,0.0,0.0,0.5393697619438171,0.0,1.7026816606521606,0.013883538544178009,0.0,0.312659353017807,0.0,0.04123472794890404,0.0,0.09353446960449219,0.0,0.0,0.2783699929714203,0.0,0.0,0.0,0.08605294674634933,0.0,0.0,0.0,0.3009466528892517,0.0,0.0,0.22983300685882568,0.18566185235977173,0.0,0.5865717530250549,0.0,0.0,2.0948410034179688,0.0,0.8998100161552429,2.390451669692993,0.0,0.0,0.0,0.4910741150379181,0.0,0.0,0.09414306282997131,0.24019378423690796,0.0,0.34484007954597473,1.22877037525177,0.17387789487838745,0.0,0.0,0.0,0.0011313114082440734,0.0,1.333332896232605,0.0,0.0,0.0,0.0,0.0,1.6166229248046875,0.0,0.22578327357769012,0.0,0.0,0.0,0.0,0.0,0.0,0.2469850331544876,0.0,1.351950764656067,0.0,0.0,0.0,0.0,1.6794341802597046,0.0,0.0,2.151784896850586,0.16799217462539673,0.0,0.013738646171987057,0.09007827192544937,0.0,0.0,0.3266037702560425,0.49676260352134705,0.0,0.2739531397819519,0.4432908296585083,0.0,0.0,0.5801612734794617,2.4559338092803955,0.0,0.0,0.0,0.0,0.0,0.0,0.0,1.404900074005127,0.0,0.0,0.3643631041049957,0.0,0.0,0.0,0.0,0.0,0.0,0.0,0.0,0.0,0.0,1.7331401109695435
023_S_0376,MCI,train,1.2826614379882812,2.074605703353882,0.0,0.0,0.0,0.0,0.0,3.1394243240356445,1.4821583032608032,2.372154474258423,0.0,0.0,0.0,0.0,2.298624038696289,0.0,0.0,0.0,0.0,0.0,0.0,0.0006451847148127854,1.8777809143066406,0.0,0.0,0.0,0.0,0.9006752967834473,0.0,0.0,1.4877959489822388,0.14707385003566742,0.0,0.0,0.0,0.0,0.0,0.6411624550819397,2.1417558193206787,0.0,0.0,0.0,0.20080633461475372,0.0,0.0,0.0,3.0355470180511475,0.0,0.0,0.0,0.0,2.2641677856445312,0.0,0.0,2.4312679767608643,2.5654613971710205,0.0,0.0,2.032952070236206,1.3860641717910767,0.5452940464019775,0.0,0.0,0.0,0.0,0.0,0.0,0.9462078213691711,3.4259235858917236,0.0,0.0,0.0,0.0,0.0,0.0,0.019183078780770302,0.0,1.460927963256836,0.0,2.1505651473999023,0.0,0.628607988357544,0.0,0.0,0.0,0.0,0.0,0.0,0.014361578039824963,0.0,2.2413864135742188,0.025514408946037292,0.0,2.190319299697876,0.0,0.0,0.0,0.0,0.0,0.0,0.0,0.09863400459289551,0.03997507691383362,0.011012597940862179,0.0,0.0,0.0,0.0,0.015277602709829807,0.0,0.0,0.0,0.0,0.0,1.7308969497680664,0.0,0.049219295382499695,0.0,3.1936581134796143,2.6891279220581055,1.0584627389907837,0.0,0.3352701663970947,0.0,0.0,0.0,0.0,0.0,0.0,0.0,0.0,0.0,0.0,0.0,0.0,0.0,0.0,0.0,0.0,0.0,0.0,0.0,0.0,0.8134479522705078,0.0,2.0437912940979004,0.04542866349220276,0.0,0.0,0.0,0.06210365518927574,0.0,0.0,0.0,0.0,0.26812461018562317,0.0,0.0,0.0,0.0,0.0,0.0,0.0,0.0,0.0,0.0,0.08439616113901138,0.0,0.0,0.918807327747345,0.006134228315204382,0.0,3.0839977264404297,0.0,0.8918547630310059,3.2622063159942627,0.0,0.0,0.0,0.6806854605674744,0.0,0.0,0.0,0.0,0.0,0.0,1.7335262298583984,0.0,0.0,0.0,0.0,0.0,0.0,1.603181004524231,0.0,0.0,0.0,0.0,0.0,1.629470705986023,0.0,0.0,0.0,0.0,0.0,0.0,0.0,0.0,0.0,0.0,1.288140892982483,0.0,0.0,0.0,0.0,1.878735065460205,0.0,0.0,1.943102240562439,0.0,0.0,0.0,0.0,0.0,0.0,0.32157978415489197,0.6278746128082275,0.0,0.0,0.5714864134788513,0.0,0.0,0.6105781197547913,2.6158335208892822,0.0,0.0,0.0,0.0,0.0,0.0,0.0,1.5163787603378296,0.0,0.0,0.5517939925193787,0.0,0.0,0.0,0.0,0.0,0.0,0.0,0.0,0.0,0.0,2.3649768829345703
023_S_1262,AD,train,0.13748350739479065,1.5963131189346313,0.10590774565935135,0.21552489697933197,0.0,0.0,0.0,0.4687330424785614,0.3934774696826935,0.3077608644962311,0.0,0.0,0.0,0.0,1.3593999147415161,0.09299015253782272,0.0,0.0,0.0,0.0,0.14982648193836212,0.0,1.348953366279602,0.0,0.0,0.0,0.0,0.6550931334495544,0.18655748665332794,0.09504685550928116,0.8505139350891113,0.006759209092706442,0.0,0.0,0.0,0.0,0.0,0.44728031754493713,0.9220684170722961,0.0,0.0,0.0,0.01728139817714691,0.0,0.0,0.0,1.5500532388687134,0.0,0.0,0.06577207148075104,0.0,0.32293644547462463,0.0,0.0,0.28492435812950134,0.31648316979408264,0.0,0.0,0.46044668555259705,1.055631160736084,0.020090773701667786,0.0,0.0,0.0,0.19924908876419067,0.0,0.0,0.13631708920001984,1.7018966674804688,0.0,0.0,0.0,0.0,0.0,0.0,0.1221013069152832,0.0,0.4694274365901947,0.0,0.31520411372184753,0.0,0.7956748008728027,0.0,0.0,0.0,0.048112902790308,0.0,0.0,0.6193419098854065,0.0,0.24759168922901154,0.06541616469621658,0.0,0.41358914971351624,0.0,0.0,0.0,0.27631035447120667,0.0,0.0,0.23590309917926788,0.003587893210351467,0.0,0.0,0.0,0.0,0.0,0.10728029161691666,0.36448046565055847,0.2360060214996338,0.0,0.0,0.0,0.0,0.17669157683849335,0.0,0.037981968373060226,0.0,0.42916440963745117,0.47583678364753723,0.10204285383224487,0.0,0.7797475457191467,0.0,0.0,0.1204218789935112,0.0,0.0,0.0,0.10949694365262985,0.0,0.0,0.0,0.06182501092553139,0.0,0.0,0.0,0.0,0.0,0.0,0.0,0.0,0.0,0.32077571749687195,0.0,0.3471730947494507,0.007450776174664497,0.0,0.21432316303253174,0.0,0.09666511416435242,0.0,0.0740872249007225,0.0,0.0,0.16678600013256073,0.0,0.0,0.0,0.032305892556905746,0.0,0.0,0.0,0.1999151110649109,0.0,0.0,0.18294788897037506,0.19894443452358246,0.0,0.13897448778152466,0.008246275596320629,0.0,0.28666558861732483,0.0,0.6437608003616333,0.49740317463874817,0.18514512479305267,0.0,0.0,0.044058140367269516,0.0,0.0,0.1246996745467186,0.0856044590473175,0.0,0.18215060234069824,0.19753845036029816,0.08705086261034012,0.0,0.0,0.0,0.0057782516814768314,0.0,0.4809238016605377,0.0,0.0,0.0,0.0,0.0,0.9437265396118164,0.0,0.19694863259792328,0.0,0.0,0.0,0.0,0.0,0.0,0.11642241477966309,0.0,1.0898839235305786,0.0,0.0,0.0,0.0,0.9837696552276611,0.0,0.0,1.4112783670425415,0.022057868540287018,0.0,0.0,0.007268605753779411,0.0,0.0,0.28228315711021423,0.05034378170967102,0.0,0.1284424066543579,0.10624146461486816,0.0,0.0,0.698042631149292,1.547890067100525,0.004129704553633928,0.0,0.0,0.0,0.0,0.0,0.0,0.7981240153312683,0.0,0.0,0.21694321930408478,0.0,0.0,0.0,0.0,0.0,0.0,0.0,0.0,0.0,0.0,0.2605924606323242
133_S_0433,CN,train,0.020741716027259827,1.897376537322998,0.6850714087486267,0.7313840389251709,0.0,0.0,0.0,0.08147985488176346,0.13546743988990784,0.026139361783862114,0.00927105825394392,0.0,0.0,0.0,1.4610530138015747,0.6396464109420776,0.0026799871120601892,0.0,0.1913023442029953,0.0,0.7793417572975159,0.0,1.4274438619613647,0.0,0.0,0.0,0.0,0.8268499970436096,0.7677338123321533,0.3357519209384918,0.7251462936401367,0.000904336164239794,0.0,0.0,0.0,0.0,0.0,0.8071908354759216,0.5963471531867981,0.0,0.0,0.0,0.0,0.0,0.0,0.0,1.518420696258545,0.0,0.0,0.023073920980095863,0.0,0.02209925651550293,0.0,0.0,0.027896292507648468,0.0,0.0,0.0,0.1360970437526703,1.2822128534317017,0.0,0.0,0.0,0.0,1.1483432054519653,0.0,0.0,0.0,1.3783677816390991,0.016694022342562675,0.0,0.0,0.0,0.0,0.0,0.09794998914003372,0.0,0.3553948700428009,0.0,0.0450456328690052,0.0,1.0446324348449707,0.0,0.0,0.0,0.49470528960227966,0.0,0.0,1.164644718170166,0.0,0.024630077183246613,0.36071428656578064,0.0,0.09005049616098404,0.0,0.0,0.0,0.8334862589836121,0.0,0.0,0.8956127166748047,0.0,0.0,0.0,0.0,0.0,0.0,0.534981906414032,0.6898719668388367,1.192108154296875,0.0,0.0,0.0,0.0,0.021577509120106697,0.0,0.012357925064861774,0.0,0.00983196310698986,0.0648474469780922,0.0018903091549873352,0.0,1.0535253286361694,0.0,0.0,0.7620422840118408,0.0,0.0,0.0,0.32334139943122864,0.0,0.0,0.0,0.716810941696167,0.0,0.0,0.0,0.0,0.0,0.0,0.0,0.0,0.0,0.10454560071229935,0.0,0.06728837639093399,0.0008568048942834139,0.0,1.0909385681152344,0.0,0.036581505089998245,0.0,0.3342489004135132,0.0,0.0,0.05562916770577431,0.0,0.0,0.0,0.2567097544670105,0.0,0.0,0.0,0.9453962445259094,0.0,0.0,0.40052738785743713,0.40640172362327576,0.0,0.015849644318223,0.0,0.0,0.0,0.0,0.898766040802002,0.03933543339371681,0.1915598064661026,0.0,0.0,0.0,0.0,0.0,0.17863135039806366,0.696132242679596,0.0,0.9699025750160217,0.02065475471317768,0.49032506346702576,0.0,0.0,0.0,0.0,0.0,0.32033413648605347,0.0,0.0,0.0,0.0,0.0,0.7833175659179688,0.0,0.8243315815925598,0.0,0.0,0.0,0.0,0.0,0.0,0.5963320732116699,0.0,1.3811403512954712,0.0,0.0,0.0,0.0,0.7393245697021484,0.0,0.0,1.969610571861267,0.40207600593566895,0.0,0.007674152031540871,0.2577245235443115,0.0,0.0,0.3870681822299957,0.0,0.0,0.9061277508735657,0.04325230419635773,0.0,0.0,0.75626540184021,1.3417378664016724,0.0,0.0,0.0,0.0,0.0,0.0,0.0,0.8711739182472229,0.0,0.0,0.18641377985477448,0.0,0.0,0.0,0.0,0.0,0.0,0.0,0.0,0.0,0.0,0.00820334255695343
023_S_1104,MCI,train,0.6187715530395508,1.0931787490844727,0.0,0.0,0.0,0.0,0.0,1.4040132761001587,0.659355103969574,1.2262502908706665,0.0,0.0,0.0,0.0,1.447530746459961,0.0,0.0,0.0,0.0,0.0,0.0,0.010852731764316559,1.0289558172225952,0.002123205689713359,0.0,0.0,0.0,0.7587400078773499,0.0,0.0,0.9333095550537109,0.10795699805021286,0.0,0.0,0.0,0.0,0.0,0.47151413559913635,1.3227534294128418,0.0,0.0,0.0,0.029879093170166016,0.0,0.0,0.0,1.6759843826293945,0.0,0.0,0.04821719229221344,0.0,1.114920973777771,0.0,0.0,1.1369768381118774,1.0260454416275024,0.0,0.0,0.9474932551383972,0.866346538066864,0.20170705020427704,0.0,0.0,0.0,0.0,0.0,0.0,0.36674293875694275,1.9216116666793823,0.0,0.0,0.0,0.0,0.0,0.0,0.18491141498088837,0.0,0.9012028574943542,0.0,1.097979187965393,0.0,0.43361401557922363,0.0,0.0,0.0,0.0,0.0,0.0,0.11852290481328964,0.0,1.066470980644226,0.02810804545879364,0.0,0.9175565838813782,0.0,0.0,0.0,0.0,0.0,0.0,0.0,0.0,0.03569198027253151,0.0,0.000936982745770365,0.0,0.0,0.0,0.12524893879890442,0.0,0.0,0.0,0.0,0.0,0.942028284072876,0.0,0.0460025928914547,0.0,1.5277715921401978,1.2665671110153198,0.35909903049468994,0.0,0.43985188007354736,0.0,0.0,0.0,0.0,0.00169168331194669,0.0,0.0,0.0,0.0,0.0,0.0,0.0,0.0,0.0,0.0,0.0,0.0,0.0,0.0,0.0,0.38242074847221375,0.0,1.2880216836929321,0.0,0.0,0.0,0.0,0.06267314404249191,0.0,0.0,0.0,0.0,0.19417577981948853,0.0,0.0,0.0,0.0,0.0,0.0,0.0,0.0,0.0,0.0,0.1165229007601738,0.0,0.0,0.3971356153488159,0.0,0.0032501237001270056,1.4745289087295532,0.0,0.46581292152404785,1.3689022064208984,0.23573656380176544,0.0,0.0,0.2944280207157135,0.0,0.0,0.0,0.0,0.0,0.0,0.7841272354125977,0.0,0.0,0.0,0.0,0.0,0.0,0.6939705014228821,0.0,0.0,0.0,0.0,0.0,1.2019789218902588,0.0,0.0,0.0,0.0,0.0,0.0,0.0,0.0,0.0,0.0,0.8289437294006348,0.0,0.0,0.0,0.0,1.189818024635315,0.0,0.0,1.1752125024795532,0.0,0.0,0.0,0.0,0.0,0.0,0.19281494617462158,0.2694416344165802,0.0,0.0,0.2961227595806122,0.0,0.0,0.35801374912261963,1.828473448753357,0.0,0.0,0.0,0.0,0.0,0.0,0.0,0.931611955165863,0.0,0.0,0.1738419532775879,0.0,0.0,0.0,0.0,0.0,0.0,0.0,0.0,0.0,0.0,1.2413495779037476
116_S_0392,AD,train,0.4193311035633087,1.5403505563735962,0.0,0.0,0.0,0.0,0.0,1.1754064559936523,0.7340947985649109,0.7471169829368591,0.0,0.0,0.0,0.0,1.3669971227645874,0.0,0.0,0.0,0.0,0.0,0.0,0.0,1.3585199117660522,0.0,0.0,0.0,0.0,0.5077440738677979,0.0,0.0,0.9153205752372742,0.04276100918650627,0.0,0.0,0.0,0.0,0.0,0.32787609100341797,1.0876145362854004,0.0,0.0,0.0,0.05580548569560051,0.0,0.0,0.0,1.8439350128173828,0.0,0.0,0.0,0.0,0.7634017467498779,0.0,0.0,0.8324878811836243,0.9518783688545227,0.0,0.0,0.7910266518592834,0.9434552192687988,0.15792880952358246,0.0,0.0,0.0,0.0,0.0,0.0,0.3256565034389496,2.0346996784210205,0.0,0.0,0.0,0.0,0.0,0.0,0.07513062655925751,0.0,0.7728716731071472,0.0,0.8313751816749573,0.0,0.6474946737289429,0.0,0.0035972523037344217,0.0,0.0,0.0,0.0,0.10826683044433594,0.0,0.7258298397064209,0.017676666378974915,0.0,0.8985893130302429,0.0,0.0,0.0,0.0,0.0,0.0,0.0,0.02189464308321476,0.004042803309857845,0.0,0.0,0.0,0.0,0.0,0.044378116726875305,0.0,0.0,0.0,0.0,0.0,0.5684414505958557,0.0,0.033752184361219406,0.0,1.168628215789795,1.1027871370315552,0.3515412509441376,0.0,0.4455753564834595,0.0,0.0,0.0,0.0,0.0,0.0,0.0,0.0,0.0,0.0,0.0,0.0,0.0,0.0,0.0,0.0,0.0,0.0,0.0,0.0,0.48962971568107605,0.0,0.8465612530708313,0.049292296171188354,0.0,0.0,0.0,0.031901199370622635,0.0,0.0,0.0,0.0,0.15351863205432892,0.0,0.0,0.0,0.0,0.0,0.0,0.0,0.0,0.0,0.0,0.05324403941631317,0.0,0.0,0.33316555619239807,0.0,0.0,1.0040675401687622,0.0,0.6202312111854553,1.298843502998352,0.07475630193948746,0.0,0.0,0.20666025578975677,0.0,0.0,0.0,0.0,0.0,0.0,0.6418046951293945,0.0,0.0,0.0,0.0,0.0,0.0,0.739445686340332,0.0,0.0,0.0,0.0,0.0,0.9495126605033875,0.0,0.0,0.0,0.0,0.0,0.0,0.0,0.0,0.0,0.0,0.9118425846099854,0.0,0.0,0.0,0.0,1.150513768196106,0.0,0.0,1.2459454536437988,0.0,0.0,0.0,0.0,0.0,0.0,0.16567569971084595,0.1817219853401184,0.0,0.0,0.18576325476169586,0.0,0.0,0.5349201560020447,1.7334890365600586,0.0,0.0,0.0,0.0,0.0,0.0,0.0,0.8633880615234375,0.0,0.0,0.32804036140441895,0.0,0.0,0.0,0.0,0.0,0.0,0.0,0.0,0.0,0.0,0.7637024521827698
082_S_0928,MCI,train,0.5587683320045471,1.646633267402649,0.14690248668193817,0.14926274120807648,0.0,0.0,0.0,1.4140892028808594,0.691535472869873,1.0621418952941895,0.0,0.0,0.0,0.0,1.5925331115722656,0.14725632965564728,0.0,0.0,0.04831084609031677,0.0,0.16031895577907562,0.0,1.4376548528671265,0.0,0.0,0.0,0.0,0.6405749320983887,0.16485120356082916,0.04182375967502594,1.0195198059082031,0.050176266580820084,0.0,0.0,0.0,0.0,0.0,0.4890805780887604,1.159791350364685,0.0,0.0,0.0,0.1084236428141594,0.0,0.0,0.0,1.9575319290161133,0.0,0.0,0.0,0.0,1.0152134895324707,0.0,0.0,1.1076565980911255,1.2609763145446777,0.0,0.0,0.8742837309837341,1.0549285411834717,0.28357651829719543,0.0,0.0,0.0,0.227794349193573,0.0,0.0,0.42221006751060486,2.2256338596343994,0.003140380373224616,0.0,0.0,0.0,0.0,0.0,0.05848917365074158,0.0,0.9244725704193115,0.0,1.0906678438186646,0.0,0.680741548538208,0.0,0.0038387852255254984,0.0,0.11762089282274246,0.0,0.0,0.30098316073417664,0.0,1.0435041189193726,0.11592400074005127,0.0,1.01148521900177,0.0,0.0,0.0,0.14350688457489014,0.0,0.0,0.1942186951637268,0.014657936990261078,0.0,0.0,0.0,0.0,0.0,0.10415972024202347,0.17413602769374847,0.25695735216140747,0.0,0.0,0.0,0.0,0.7459216117858887,0.0,0.005633446853607893,0.0,1.558971881866455,1.4083360433578491,0.4621053636074066,0.0,0.4766871929168701,0.0,0.0,0.15668907761573792,0.0,0.0,0.0,0.04262547194957733,0.0,0.0,0.0,0.15999117493629456,0.0,0.0,0.0,0.0,0.0,0.0,0.0,0.0,0.0,0.4541991055011749,0.0,1.1120233535766602,0.02619950659573078,0.0,0.23505067825317383,0.0,0.02768457680940628,0.0,0.08751202374696732,0.0,0.0,0.1713988035917282,0.0,0.0,0.0,0.05180162191390991,0.0,0.0,0.0,0.20893508195877075,0.0,0.0,0.1451767534017563,0.04496043920516968,0.0,0.36587777733802795,0.0,0.0,1.4340639114379883,0.0,0.6424837112426758,1.5963287353515625,0.037221409380435944,0.0,0.0,0.33936798572540283,0.0,0.0,0.022742025554180145,0.16879276931285858,0.0,0.20511269569396973,0.7905324101448059,0.1018974781036377,0.0,0.0,0.0,0.0,0.0,0.8067994117736816,0.0,0.0,0.0,0.0,0.0,1.0885363817214966,0.0,0.1752905398607254,0.0,0.0,0.0,0.0,0.0,0.0,0.12840083241462708,0.0,1.0554442405700684,0.0,0.0,0.0,0.0,1.1538619995117188,0.0,0.0,1.3915637731552124,0.09111201018095016,0.0,0.0,0.04913041368126869,0.0,0.0,0.28818780183792114,0.26157358288764954,0.0,0.20852576196193695,0.21461611986160278,0.0,0.0,0.5781945586204529,1.7928987741470337,0.0,0.0,0.0,0.0,0.0,0.0,0.0,1.022119164466858,0.0,0.0,0.412106990814209,0.0,0.0,0.0,0.0,0.0,0.0,0.0,0.0,0.0,0.0,1.0568900108337402
033_S_0922,MCI,train,0.382852166891098,2.1131725311279297,0.25041574239730835,0.2654012441635132,0.0,0.0,0.0,0.9490492939949036,0.5577044486999512,0.6425121426582336,0.0,0.0,0.0,0.0,1.9981379508972168,0.2084348201751709,0.020040323957800865,0.0,0.08982755988836288,0.0,0.2476804107427597,0.009919097647070885,1.8800138235092163,0.0,0.0,0.0,0.0,1.0053101778030396,0.26689860224723816,0.11628478020429611,1.1973971128463745,0.07616878300905228,0.0,0.0,0.0,0.0,0.0,0.7467736601829529,1.3646224737167358,0.0,0.0,0.0,0.0,0.0,0.0,0.0,2.2937119007110596,0.0,0.0,0.08329646289348602,0.0,0.5892435908317566,0.0,0.0,0.6487151980400085,0.6490747332572937,0.0,0.0,0.750504195690155,1.4872537851333618,0.10043725371360779,0.0,0.0,0.0,0.3989560902118683,0.0,0.0,0.1873958259820938,2.4079301357269287,0.0,0.0,0.0,0.0,0.0,0.0,0.256330281496048,0.0,0.8615395426750183,0.001026152283884585,0.6400132775306702,0.0,1.0937188863754272,0.0,0.0,0.0,0.16175957024097443,0.0,0.0,0.7727024555206299,0.0,0.6727152466773987,0.13501609861850739,0.0,0.6511991620063782,0.0,0.0,0.0,0.2859620153903961,0.0,0.0,0.30488425493240356,0.00597513047978282,0.012780706398189068,0.0005914446664974093,0.0,0.0,0.0,0.1858258843421936,0.4013839662075043,0.39591753482818604,0.0,0.0,0.0,0.0,0.4810468256473541,0.0,0.06607825309038162,0.0,0.8094713091850281,0.8665456175804138,0.21044810116291046,0.0,0.9759347438812256,0.0,0.0,0.29273349046707153,0.0,0.0,0.0,0.13194341957569122,0.0,0.0,0.0,0.23596887290477753,0.0,0.0,0.0,0.0,0.0,0.0,0.0,0.0,0.0,0.41329097747802734,0.0,0.7778360843658447,0.026472093537449837,0.0,0.3817894756793976,0.0,0.10684958100318909,0.0,0.11107934266328812,0.0,0.0,0.2088415026664734,0.0,0.0,0.0,0.13331618905067444,0.0,0.0,0.0,0.34329500794410706,0.0,0.0,0.25029802322387695,0.12021645158529282,0.0,0.21403557062149048,0.0,0.0017182744340971112,0.5171011686325073,0.0,0.9304911494255066,0.8257401585578918,0.3386622965335846,0.0,0.0,0.16203367710113525,0.0,0.0,0.11400255560874939,0.24395997822284698,0.0,0.33924543857574463,0.4421350061893463,0.18963132798671722,0.0,0.0,0.0,0.000906446308363229,0.0,0.7832217812538147,0.0,0.0,0.0,0.0,0.0,1.3353885412216187,0.0,0.24288278818130493,0.0,0.0,0.0,0.0,0.0,0.0,0.21620337665081024,0.0,1.5749505758285522,0.0,0.0,0.0,0.0,1.4811077117919922,0.0,0.0,2.0350444316864014,0.16418181359767914,0.0,0.02295866794884205,0.1113353744149208,0.0,0.0,0.3293841779232025,0.09642848372459412,0.0,0.3008395731449127,0.2744040787220001,0.0,0.0,0.7930708527565002,2.3069634437561035,0.0,0.0,0.0,0.0,0.0,0.0,0.0,1.270162582397461,0.0,0.0,0.19643718004226685,0.0,0.0,0.0,0.0,0.0,0.0,0.0,0.0,0.0,0.0,0.5645527839660645
033_S_0514,MCI,train,1.1317752599716187,2.6990296840667725,0.012772480957210064,0.08924122899770737,0.0,0.0,0.0,2.639300584793091,1.1573272943496704,2.1500906944274902,0.0,0.0,0.0,0.0,2.687352180480957,0.0,0.0,0.0,0.0,0.0,0.0,0.0,2.4055445194244385,0.0,0.0,0.0,0.0,1.334062099456787,0.0,0.052795302122831345,1.793634057044983,0.09225722402334213,0.0,0.0,0.0,0.0,0.0,1.020430564880371,2.3152074813842773,0.0,0.0,0.0,0.1806611567735672,0.0,0.0,0.0,3.5114171504974365,0.0,0.0,0.0,0.0,2.034843921661377,0.0,0.0,2.2152273654937744,2.3476834297180176,0.0,0.0,1.5471779108047485,1.775744915008545,0.5546976923942566,0.0,0.0,0.0,0.0,0.0,0.0,0.7968751788139343,3.965277671813965,0.0,0.0,0.0,0.0,0.0,0.0,0.2594013214111328,0.027296097949147224,1.54241144657135,0.0,2.0377132892608643,0.0,1.0901566743850708,0.0,0.0,0.0,0.051329344511032104,0.0,0.0,0.15706734359264374,0.0,2.026728391647339,0.0,0.0,1.7741791009902954,0.0,0.0,0.0,0.3351292610168457,0.0,0.0,0.0,0.02514553815126419,0.0,0.0,0.0,0.0,0.0,0.0,0.3204162120819092,0.026503680273890495,0.0,0.0,0.0,0.0,1.6233412027359009,0.0,0.014593447558581829,0.0,3.102553367614746,2.5551254749298096,0.7800664901733398,0.0,0.551356315612793,0.0,0.0,0.0,0.0,0.0,0.0,0.0,0.0,0.0,0.0,0.026053456589579582,0.0,0.0,0.0,0.0,0.0,0.0,0.0,0.0,0.0,0.7569527626037598,0.0,2.167693853378296,0.021130235865712166,0.0,0.0,0.0,0.0,0.0,0.0,0.0,0.0,0.2417873591184616,0.0,0.0,0.0,0.0,0.0,0.0,0.0,0.0,0.0,0.0,0.3576011657714844,0.17407424747943878,0.0,0.7415658831596375,0.0,0.0,3.2731103897094727,0.0,0.9506866931915283,2.990544080734253,0.1282600462436676,0.0,0.0,0.6582284569740295,0.0,0.0,0.13089509308338165,0.0,0.0,0.0,1.52455472946167,0.0,0.0,0.0,0.0,0.0,0.0,1.1601409912109375,0.0,0.0,0.0,0.0,0.0,2.1880922317504883,0.0,0.0,0.0,0.0,0.0,0.0,0.0,0.0,0.009804136119782925,0.0,1.7609246969223022,0.0,0.0,0.0,0.0,2.3165581226348877,0.0,0.0,2.375520944595337,0.03934001177549362,0.0,0.0,0.0,0.0,0.0,0.4558645784854889,0.6620064377784729,0.0,0.0,0.41585519909858704,0.0,0.0,1.085429310798645,3.5427029132843018,0.0,0.0,0.0,0.0,0.0,0.0,0.0,1.9137005805969238,0.0,0.0,0.6957398056983948,0.0,0.0,0.0,0.0,0.0,0.0,0.0,0.0,0.0,0.0,2.2435452938079834
136_S_0184,CN,train,0.05138268694281578,0.4754587709903717,0.0,0.0,0.0,0.0,0.0,0.20689751207828522,0.23600660264492035,0.07974088191986084,0.0,0.0,0.0,0.0,0.46377500891685486,0.05600738152861595,0.0,0.0,0.0,0.0,0.0,0.0,0.5199548602104187,0.0,0.0,0.0,0.0,0.1859511137008667,0.0,0.0,0.2650911211967468,0.0,0.0,0.0,0.0,0.0,0.0,0.06800856441259384,0.3646225929260254,0.0,0.0,0.0,0.0,0.0,0.0,0.0,0.5176421999931335,0.0,0.0,0.0,0.0,0.09910882264375687,0.0,0.0,0.0665203109383583,0.025623856112360954,0.0,0.0,0.3102431297302246,0.3678571879863739,0.0,0.0,0.0,0.0,0.0,0.0,0.0,0.010493148118257523,0.5886282920837402,0.0,0.0,0.0,0.0,0.0,0.0,0.0,0.0,0.23624099791049957,0.0,0.12896792590618134,0.0,0.2936675250530243,0.0,0.0,0.0,0.0,0.0,0.0,0.14570724964141846,0.0,0.07003450393676758,0.056708838790655136,0.0,0.18812042474746704,0.0,0.0,0.0,0.0,0.0,0.0,0.0,0.0,0.0,0.0,0.0,0.0,0.0,0.0,0.07938478887081146,0.0,0.0,0.0,0.0,0.0,0.03273489326238632,0.0,0.04496278986334801,0.0,0.014646940864622593,0.18305684626102448,0.0476423054933548,0.0,0.2729044556617737,0.0,0.0,0.0,0.0,0.0,0.0,0.0,0.0,0.0,0.0,0.0,0.0,0.0,0.0,0.0,0.0,0.0,0.0,0.0,0.0,0.21691305935382843,0.0,0.11759709566831589,0.0,0.0,0.0,0.0,0.06414034217596054,0.0,0.0,0.0,0.0,0.09443693608045578,0.0,0.0,0.0,0.0,0.0,0.0,0.0,0.0,0.0,0.0,0.0030143046751618385,0.0,0.0,0.006230605766177177,0.0,0.0,0.0,0.0,0.2467505931854248,0.14188967645168304,0.0,0.0,0.0,0.0045007667504251,0.0,0.0,0.0,0.0,0.0,0.0,0.05903599038720131,0.0,0.0,0.0,0.0,0.0,0.0,0.3347744643688202,0.0,0.0,0.0,0.0,0.0,0.2621549069881439,0.0,0.0,0.0,0.0,0.0,0.0,0.0,0.0,0.0,0.0,0.3357293903827667,0.0,0.0,0.0,0.0,0.2223435491323471,0.0,0.0,0.4240700900554657,0.0,0.0,0.0,0.0,0.0,0.0,0.0947718545794487,0.0,0.0,0.0,0.05327776446938515,0.0,0.0,0.1997537761926651,0.44602856040000916,0.0,0.0,0.0,0.0,0.0,0.0,0.0,0.2451779693365097,0.0,0.0,0.038533084094524384,0.0,0.0,0.0,0.0,0.0,0.0,0.0,0.0,0.0,0.0,0.013853118754923344
133_S_0727,MCI,train,0.08879820257425308,2.8403518199920654,1.5334153175354004,1.3933768272399902,0.0,0.0,0.0,0.24444995820522308,0.1888650804758072,0.12805847823619843,0.0412568561732769,0.0,0.0,0.0,2.293203353881836,1.2486342191696167,0.051951903849840164,0.0,0.522205650806427,0.0,1.513299584388733,0.0,2.2512762546539307,0.0,0.0,0.0,0.0,1.300741195678711,1.706192135810852,0.6806359887123108,0.9890956282615662,0.006675308104604483,0.0,0.0,0.0,0.0,0.0,1.3253995180130005,0.7826312184333801,0.0,0.0,0.0,0.0,0.0,0.0,0.0,1.9813703298568726,0.0,0.0,0.0022295608650892973,0.0,0.09274989366531372,0.0,0.0,0.12657378613948822,0.10360806435346603,0.0,0.0,0.2744111120700836,1.9742790460586548,0.005967970471829176,0.0,0.0,0.0,2.3893930912017822,0.0,0.0,0.02637588046491146,1.794640064239502,0.012038353830575943,0.0,0.0,0.0,0.0,0.0,0.0018493676325306296,0.0,0.43961772322654724,0.002927064197137952,0.1701403260231018,0.0,1.4639121294021606,0.0,0.0,0.0,1.0144848823547363,0.0,0.0,1.8207403421401978,0.0,0.14939697086811066,0.7741883397102356,0.0,0.19504636526107788,0.0,0.0,0.0,1.6584787368774414,0.0,0.0,1.907723069190979,0.0,0.0076878685504198074,0.0,0.0,0.0,0.0,1.0904468297958374,0.9561886787414551,2.368663787841797,0.0,0.0,0.0,0.0,0.09473821520805359,0.0,0.05643540993332863,0.0,0.10245171189308167,0.20937079191207886,0.04314429685473442,0.0,1.5651479959487915,0.0,0.0,1.7187747955322266,0.0,0.0,0.0,0.7338917255401611,0.0,0.0,0.0,1.3627533912658691,0.0,0.0,0.0,0.0,0.03822395205497742,0.0,0.0,0.0,0.0,0.16272734105587006,0.0,0.1386716365814209,0.026833565905690193,0.0,2.3011538982391357,0.0,0.04546721279621124,0.0,0.6664149761199951,0.0,0.0,0.09541784971952438,0.0,0.0,0.0,0.6901413798332214,0.0,0.0,0.0,1.9125394821166992,0.0,0.0,0.7002055644989014,0.7882580161094666,0.0,0.05831407010555267,0.00808656495064497,0.0,0.06323939561843872,0.0,1.3651723861694336,0.16466832160949707,0.02707928605377674,0.0,0.0,0.042662981897592545,0.0,0.0,0.3915776312351227,1.4652013778686523,0.0,2.026503324508667,0.12809933722019196,1.0715065002441406,0.0,0.0,0.0,0.0,0.0,0.4479374885559082,0.0,0.0,0.0,0.0,0.0,0.9307522773742676,0.0,1.5613294839859009,0.0,0.0,0.0,0.0,0.0,0.0,1.404788851737976,0.0,2.066751718521118,0.0,0.0,0.0,0.0,0.6879942417144775,0.0,0.0,2.9484241008758545,0.9063933491706848,0.0,0.09912371635437012,0.408121258020401,0.0,0.0,0.7341337203979492,0.0,0.0,1.834725022315979,0.08153582364320755,0.0,0.0,1.1515069007873535,1.572664737701416,0.0,0.0,0.01768096163868904,0.0,0.0,0.0,0.0,1.1782609224319458,0.0,0.0,0.3234460651874542,0.0,0.0,0.0,0.0,0.0034565909299999475,0.0,0.0,0.0,0.0,0.0,0.07517404109239578
068_S_0476,MCI,train,0.03870731592178345,1.7233891487121582,0.2515240013599396,0.2740464210510254,0.0,0.0,0.0,0.3136846721172333,0.33183547854423523,0.08671664446592331,0.0,0.0,0.0,0.0,1.4991427659988403,0.3011704981327057,0.0,0.0,0.0818491280078888,0.0,0.2526443898677826,0.0,1.438031554222107,0.0,0.0,0.0,0.0,0.5756970047950745,0.2891518473625183,0.07449021935462952,0.8992555141448975,0.007043416146188974,0.0,0.0,0.0,0.0,0.0,0.48797425627708435,0.775628387928009,0.0,0.0,0.0,0.00830771028995514,0.0,0.0,0.0,1.5343295335769653,0.0,0.0,0.0,0.0,0.13590799272060394,0.0,0.0,0.11355041712522507,0.1471516638994217,0.0,0.0,0.2591252028942108,1.1639304161071777,0.01543691847473383,0.0,0.0,0.0,0.3961601257324219,0.0,0.0,0.1319279819726944,1.6472806930541992,0.0051584308966994286,0.0,0.0,0.0,0.0,0.0,0.022686859592795372,0.0,0.5364395380020142,0.0,0.15625964105129242,0.0,0.9305403828620911,0.0,0.0,0.0,0.19446496665477753,0.0,0.0,0.7793877124786377,0.0,0.11589724570512772,0.261701375246048,0.0,0.2592081129550934,0.0,0.0,0.0,0.18792122602462769,0.0,0.0,0.3414921760559082,0.0,0.0,0.0,0.0,0.0,0.0,0.20294781029224396,0.38163208961486816,0.42555904388427734,0.0,0.0,0.0,0.0,0.05044220760464668,0.0,0.0,0.0,0.2680545151233673,0.36863911151885986,0.0789458155632019,0.0,0.859773576259613,0.0,0.0,0.2681388854980469,0.0,0.0,0.0,0.0904846116900444,0.0,0.0,0.0,0.2631467878818512,0.0,0.0,0.0,0.0,0.020727718248963356,0.0,0.0,0.0,0.0,0.23022644221782684,0.0,0.23248206079006195,0.0,0.0,0.40626776218414307,0.0,0.0,0.0,0.16166864335536957,0.0,0.0,0.13233111798763275,0.0,0.0,0.0,0.08676725625991821,0.0,0.0,0.0,0.36288824677467346,0.0,0.0,0.10565098375082016,0.060885071754455566,0.0,0.054299596697092056,0.0,0.0,0.027686232700943947,0.0,0.7717700004577637,0.2875700294971466,0.011446700431406498,0.0,0.0,0.030160943046212196,0.0,0.0,0.02695404551923275,0.2773871123790741,0.0,0.3495820462703705,0.052820611745119095,0.16473543643951416,0.0,0.0,0.0,0.0,0.0,0.5398188233375549,0.0,0.0,0.0,0.0,0.0,0.9143073558807373,0.0,0.25765982270240784,0.0,0.0,0.0,0.0,0.0,0.0,0.24444012343883514,0.0,1.2223585844039917,0.0,0.0,0.0,0.0,0.8017136454582214,0.0,0.0,1.5777910947799683,0.12993425130844116,0.0,0.0,0.08726084977388382,0.0,0.0,0.3595937192440033,0.007067123893648386,0.0,0.3262770175933838,0.036581650376319885,0.0,0.0,0.7110271453857422,1.291324257850647,0.0,0.0,0.0,0.0,0.0,0.0,0.0,0.7744112610816956,0.0,0.0,0.3213890790939331,0.0,0.0,0.0,0.0,0.0,0.0,0.0,0.0,0.0,0.0,0.10104171186685562
067_S_0812,AD,train,0.5393968224525452,0.8690552711486816,0.0,0.0,0.0,0.0,0.0,1.1596758365631104,0.5630283951759338,0.979741632938385,0.0,0.0,0.0,0.0,0.9406613707542419,0.0,0.0,0.0,0.0,0.0,0.0,0.0,0.8216447830200195,0.0,0.0,0.0,0.0,0.2989875376224518,0.0,0.0,0.6307399868965149,0.0,0.0,0.0,0.0,0.0,0.0,0.29410746693611145,0.8540124297142029,0.0,0.0,0.0,0.16155819594860077,0.0,0.0,0.0,1.2866169214248657,0.0,0.0,0.0,0.0,0.9432725310325623,0.0,0.0,1.0335105657577515,1.172247290611267,0.0,0.0,0.6047133803367615,0.5651877522468567,0.18937094509601593,0.0,0.0,0.0,0.0,0.0,0.0,0.42349493503570557,1.4303698539733887,0.0,0.0,0.0,0.0,0.0,0.0,0.002323264954611659,0.0,0.6187692284584045,0.0,0.9060729146003723,0.0,0.3204123377799988,0.0,0.015064909122884274,0.0,0.0,0.0,0.0,0.0,0.0,0.894292414188385,0.0,0.0,0.8397252559661865,0.0,0.0,0.0,0.0,0.0,0.0,0.0,0.06283284723758698,0.0,0.0008900672546587884,0.0,0.0,0.0,0.0,0.0,0.0,0.0,0.0,0.0,0.0,0.6644967198371887,0.0,0.0,0.0,1.4785040616989136,1.1183487176895142,0.4461943209171295,0.0,0.053215157240629196,0.0,0.0,0.0,0.0,0.0,0.0,0.0,0.0,0.0,0.0,0.0,0.0,0.0,0.0,0.0,0.0,0.0,0.0,0.0,0.0,0.18779145181179047,0.0,0.8159494996070862,0.0,0.0,0.0,0.0,0.0,0.0,0.0,0.0,0.0,0.026045911014080048,0.0,0.0,0.0,0.0,0.0,0.0,0.0,0.0,0.0,0.0,0.07606341689825058,0.0,0.0,0.36987754702568054,0.0,0.0,1.5363284349441528,0.0,0.3478688895702362,1.3430066108703613,0.0,0.0,0.0,0.300077348947525,0.0,0.0,0.0,0.0,0.0,0.0,0.6761603951454163,0.0,0.0,0.0,0.0,0.0,0.0,0.4917447865009308,0.0,0.0,0.0,0.0,0.0,0.690846860408783,0.0,0.0,0.0,0.0,0.0,0.0,0.0,0.0,0.0,0.0,0.5690706372261047,0.0,0.0,0.0,0.0,0.6450592875480652,0.0,0.0,0.719019889831543,0.0,0.0,0.0,0.0,0.0,0.0,0.15640385448932648,0.2948562800884247,0.0,0.0,0.1223825141787529,0.0,0.0,0.37424156069755554,1.0802253484725952,0.0,0.0,0.0,0.0,0.0,0.0,0.0,0.6531444787979126,0.0,0.0,0.3275626301765442,0.0,0.0,0.0,0.0,0.0,0.0,0.0,0.0,0.0,0.0,1.052034616470337
027_S_0417,MCI,train,1.30791437625885,2.228276491165161,0.008294890634715557,0.0,0.0,0.0,0.0,3.4813899993896484,1.5980952978134155,2.2254292964935303,0.0,0.0,0.0014830167638137937,0.0,2.5830984115600586,0.010495425201952457,0.0,0.0,0.031045569106936455,0.0,0.0,0.0,2.0008151531219482,0.03391691669821739,0.0,0.0,0.0,1.2158106565475464,0.0,0.007948691956698895,1.434957504272461,0.2893298864364624,0.0,0.0,0.0,0.0,0.0,0.6579901576042175,2.2374019622802734,0.0,0.0,0.0,0.4687288701534271,0.0,0.0,0.0,3.1890885829925537,0.0,0.0,0.0,0.0,2.1690990924835205,0.0,0.0,2.5396728515625,2.197270154953003,0.0,0.030270950868725777,1.8642162084579468,1.605714201927185,0.5253564119338989,0.0,0.0,0.0,0.007142573595046997,0.0,0.0,1.0348347425460815,3.6090004444122314,0.0,0.0,0.0,0.0,0.0,0.0,0.0,0.0,1.9982118606567383,0.005031667184084654,2.1077804565429688,0.0,0.5777444243431091,0.0,0.068777896463871,0.0,0.0704023465514183,0.0,0.0,0.07655514031648636,0.0,2.287745237350464,0.024269402027130127,0.0,2.136362075805664,0.0,0.0,0.0,0.030992619693279266,0.0,0.0,0.0,0.012030977755784988,0.16558526456356049,0.18968479335308075,0.0,0.0,0.0,0.0,0.07287751138210297,0.0,0.0,0.0,0.0,0.0,1.7426875829696655,0.0,0.0,0.0,3.1363251209259033,2.6951663494110107,1.4370074272155762,0.0,0.5050681233406067,0.0,0.0,0.0,0.0,0.0,0.012844342738389969,0.0,0.0,0.0,0.0,0.061535418033599854,0.0,0.0,0.0,0.0,0.0,0.0,0.0,0.0,0.0,0.5807175040245056,0.0,2.1150827407836914,0.03579363971948624,0.00900284480303526,0.0,0.0,0.038080405443906784,0.0,0.0,0.0,0.0,0.41378340125083923,0.0,0.0,0.0,0.0,0.0,0.0,0.0,0.011665684171020985,0.0,0.0,0.13554821908473969,0.0,0.0,0.8147125840187073,0.0,0.0,2.8045167922973633,0.0,0.8020362854003906,3.205307722091675,0.0,0.0,0.0,0.6732606887817383,0.0,0.0,0.0,0.07862620055675507,0.0,0.032211411744356155,1.5997804403305054,0.024487337097525597,0.0,0.0,0.0,0.038389015942811966,0.0,1.5791378021240234,0.0,0.0,0.0,0.0,0.0,1.6739050149917603,0.0,0.0,0.0,0.0,0.0,0.0,0.0,0.0,0.011988901533186436,0.0,1.5278557538986206,0.0,0.0,0.006660012062638998,0.0,1.951864242553711,0.0,0.0,2.034834623336792,0.03270759806036949,0.0,0.0,0.02450340799987316,0.0,0.0,0.4777744710445404,0.769357442855835,0.0,0.006754463072866201,0.3800635039806366,0.0,0.0,0.5924641489982605,2.698246717453003,0.0,0.0,0.0,0.03604273125529289,0.0,0.0,0.0,1.4444371461868286,0.0,0.0,0.43332841992378235,0.0,0.0,0.0,0.0,0.0,0.0,0.0,0.0,0.0,0.0,2.3011624813079834
023_S_0061,CN,train,0.7907359600067139,1.2819186449050903,0.0,0.0,0.0,0.0,0.0,2.239567518234253,1.0371142625808716,1.6121538877487183,0.0,0.0,0.0,0.0,1.601854920387268,0.0,0.0,0.0,0.0,0.0,0.0,0.0,1.2390607595443726,0.0,0.0,0.0,0.0,0.6265771985054016,0.0,0.0,1.024941325187683,0.07903933525085449,0.0,0.0,0.0,0.0,0.0,0.40188655257225037,1.5059105157852173,0.0,0.0,0.0,0.17285482585430145,0.0,0.0,0.0,1.9656070470809937,0.0,0.0,0.0,0.0,1.5898069143295288,0.0,0.0,1.7088342905044556,1.7708454132080078,0.0,0.0,1.458945631980896,0.9484921097755432,0.4064742624759674,0.0,0.0,0.0,0.0,0.0,0.0,0.7366206049919128,2.233447790145874,0.0,0.0,0.0,0.0,0.0,0.0,0.0017589250346645713,0.0,1.0958706140518188,0.0,1.5011030435562134,0.0,0.42109414935112,0.0,0.0,0.0,0.0,0.0,0.0,0.0,0.0,1.6149868965148926,0.0,0.0,1.476203441619873,0.0,0.0,0.0,0.0,0.0,0.0,0.0,0.02942252717912197,0.008245269767940044,0.0009875233517959714,0.0,0.0,0.0,0.0,0.021922608837485313,0.0,0.0,0.0,0.0,0.0,1.1958461999893188,0.0,0.005445010494440794,0.0,2.2998335361480713,1.9331871271133423,0.6833572387695312,0.0,0.20907087624073029,0.0,0.0,0.0,0.0,0.0,0.0,0.0,0.0,0.0,0.0,0.0,0.0,0.0,0.0,0.0,0.0,0.0,0.0,0.0,0.0,0.5539767742156982,0.0,1.4587446451187134,0.012624208815395832,0.0,0.0,0.0,0.0,0.0,0.0,0.0,0.0,0.14779870212078094,0.0,0.0,0.0,0.0,0.0,0.0,0.0,0.0,0.0,0.0,0.054213911294937134,0.0,0.0,0.6487244963645935,0.0,0.0,2.109180212020874,0.0,0.5846295356750488,2.2760541439056396,0.0,0.0,0.0,0.4628845751285553,0.0,0.0,0.0,0.0,0.0,0.0,1.1884446144104004,0.0,0.0,0.0,0.0,0.0,0.0,1.101863980293274,0.0,0.0,0.0,0.0,0.0,1.2081347703933716,0.0,0.0,0.0,0.0,0.0,0.0,0.0,0.0,0.0,0.0,0.9098286032676697,0.0,0.0,0.0,0.0,1.291669487953186,0.0,0.0,1.3536648750305176,0.0,0.0,0.0,0.0,0.0,0.0,0.18310755491256714,0.48316606879234314,0.0,0.0,0.42725682258605957,0.0,0.0,0.41894713044166565,1.7981077432632446,0.0,0.0,0.0,0.0,0.0,0.0,0.0,1.0692273378372192,0.0,0.0,0.4111355245113373,0.0,0.0,0.0,0.0,0.0,0.0,0.0,0.0,0.0,0.0,1.611202597618103
023_S_0031,CN,train,0.7157036662101746,1.195646047592163,0.0,0.0,0.0,0.0,0.0,1.7182432413101196,0.8943589329719543,1.327041506767273,0.0,0.0,0.0,0.0,1.3729056119918823,0.0,0.0,0.0,0.0,0.0,0.0,0.0,1.1179851293563843,0.0,0.0,0.0,0.0,0.6022896766662598,0.0,0.0,0.9761276245117188,0.08662378787994385,0.0,0.0,0.0,0.0,0.0,0.41587337851524353,1.2583657503128052,0.0,0.0,0.0,0.09914315491914749,0.0,0.0,0.0,1.8188527822494507,0.0,0.0,0.0,0.0,1.281657338142395,0.0,0.0,1.3336906433105469,1.334398627281189,0.0,0.0,1.0705727338790894,0.8436805605888367,0.25754061341285706,0.0,0.0,0.0,0.0,0.0,0.0,0.49196815490722656,2.0869569778442383,0.0,0.0,0.0,0.0,0.0,0.0,0.11352559924125671,0.0,1.02255380153656,0.0,1.2615042924880981,0.0,0.4387245178222656,0.0,0.005218724254518747,0.0,0.0,0.0,0.0,0.006864764261990786,0.0,1.1743439435958862,0.006955867167562246,0.0,1.1580365896224976,0.0,0.0,0.0,0.0,0.0,0.0,0.0,0.0,0.009046599268913269,0.0,0.0,0.0,0.0,0.0,0.012644275091588497,0.0,0.0,0.0,0.0,0.0,0.995884120464325,0.0,0.019937599077820778,0.0,1.7758876085281372,1.5029689073562622,0.48630332946777344,0.0,0.3738236129283905,0.0,0.0,0.0,0.0,0.0,0.0,0.0,0.0,0.0,0.0,0.0,0.0,0.0,0.0,0.0,0.0,0.0,0.0,0.0,0.0,0.44073978066444397,0.0,1.324121356010437,0.020153315737843513,0.0,0.0,0.0,0.047798093408346176,0.0,0.0,0.0,0.0,0.19818897545337677,0.0,0.0,0.0,0.0,0.0,0.0,0.0,0.0,0.0,0.0,0.05698966979980469,0.0,0.0,0.4924711287021637,0.0,0.0018254617461934686,1.714917778968811,0.0,0.5108595490455627,1.7441648244857788,0.11789736151695251,0.0,0.0,0.35269638895988464,0.0,0.0,0.0,0.0,0.0,0.0,0.9721104502677917,0.0,0.0,0.0,0.0,0.0,0.0,0.8527805805206299,0.0,0.0,0.0,0.0,0.0,1.050111174583435,0.0,0.0,0.0,0.0,0.0,0.0,0.0,0.0,0.0,0.0,0.734731137752533,0.0,0.0,0.0,0.0,1.1743724346160889,0.0,0.0,1.110554814338684,0.0,0.0,0.0,0.0,0.0,0.0,0.1488797813653946,0.27405956387519836,0.0,0.0,0.29850348830223083,0.0,0.0,0.352171391248703,1.833558440208435,0.0,0.0,0.0,0.0,0.0,0.0,0.0,1.0169178247451782,0.0,0.0,0.23902368545532227,0.0,0.0,0.0,0.0,0.0,0.0,0.0,0.0,0.0,0.0,1.2997357845306396
016_S_1117,MCI,train,0.42913269996643066,1.0106134414672852,0.0,0.0,0.0,0.0,0.0,1.0158437490463257,0.5798368453979492,0.7544648051261902,0.0,0.0,0.0,0.0,1.1151114702224731,0.0,0.0,0.0,0.0,0.0,0.0,0.00893073808401823,1.0124400854110718,0.0,0.0,0.0,0.0,0.5616952776908875,0.0,0.0,0.7477028965950012,0.11042418330907822,0.0,0.0,0.0,0.0,0.0,0.2574714720249176,0.9678921699523926,0.0,0.0,0.0,0.0,0.0,0.0,0.0,1.4070649147033691,0.0,0.0,0.02998214215040207,0.0,0.6814480423927307,0.0,0.0,0.7092437744140625,0.6744853854179382,0.0,0.0,0.8550596833229065,0.7668700218200684,0.10695970058441162,0.0,0.0,0.0,0.0,0.0,0.0,0.18772785365581512,1.5981868505477905,0.0,0.0,0.0,0.0,0.0,0.0,0.15551695227622986,0.0,0.6882534027099609,0.0,0.8819945454597473,0.0,0.4276008605957031,0.0,0.0,0.0,0.0,0.0,0.0,0.19464530050754547,0.0,0.7576794624328613,0.013175922445952892,0.0,0.7329381108283997,0.0,0.0,0.0,0.0,0.0,0.0,0.0,0.0,0.0,0.0,0.0,0.0,0.0,0.0,0.1329212784767151,0.0,0.0,0.0,0.0,0.0,0.5871326923370361,0.0,0.06771031767129898,0.0,0.9059745669364929,0.9249575734138489,0.21881844103336334,0.0,0.521409809589386,0.0,0.0,0.0,0.0,0.0,0.0,0.0,0.0,0.0,0.0,0.0,0.0,0.0,0.0,0.0,0.0,0.0,0.0,0.0,0.0,0.4350702464580536,0.0,0.9200069904327393,0.02682405710220337,0.0,0.0,0.0,0.12039215117692947,0.0,0.0,0.0,0.0,0.2061978131532669,0.0,0.0,0.0,0.0,0.0,0.0,0.0,0.0,0.0,0.0,0.03543451800942421,0.0,0.0,0.2969152629375458,0.0,0.0,0.7158049941062927,0.0,0.43193450570106506,0.9794120192527771,0.186686173081398,0.0,0.0,0.19894127547740936,0.0,0.0,0.0,0.0,0.0,0.0,0.5808207988739014,0.0,0.0,0.0,0.0,0.004392541944980621,0.0,0.6194413304328918,0.0,0.0,0.0,0.0,0.0,0.8341494202613831,0.0,0.0,0.0,0.0,0.0,0.0,0.0,0.0,0.0,0.0,0.7472972273826599,0.0,0.0,0.0,0.0,0.987834632396698,0.0,0.0,0.9341301918029785,0.0,0.0,0.0,0.01589527353644371,0.0,0.0,0.07564815878868103,0.08781644701957703,0.0,0.0,0.30177628993988037,0.0,0.0,0.26604989171028137,1.530928611755371,0.0,0.0,0.0,0.0,0.0,0.0,0.0,0.7062003016471863,0.0,0.0,0.13890349864959717,0.0,0.0,0.0,0.0,0.0,0.0,0.0,0.0,0.0,0.0,0.6739887595176697
002_S_0816,AD,train,0.13911661505699158,0.48057809472084045,0.0,0.0,0.0,0.0,0.0,0.3550431430339813,0.26391908526420593,0.23488353192806244,0.0,0.0,0.0,0.0,0.49266478419303894,0.0,0.0,0.0,0.0,0.0,0.0,0.00046081095933914185,0.5272050499916077,0.0,0.0,0.0,0.0,0.17656755447387695,0.0,0.0,0.26624414324760437,0.0,0.0,0.0,0.0,0.0,0.0,0.06159965693950653,0.43130895495414734,0.0,0.0,0.0,0.0,0.0,0.0,0.0,0.5891264081001282,0.0,0.0,0.0,0.0,0.20593778789043427,0.0,0.0,0.20467807352542877,0.20854060351848602,0.0,0.0,0.415743350982666,0.3615068197250366,0.015535303391516209,0.0,0.0,0.0,0.0,0.0,0.0,0.04124141111969948,0.6531664729118347,0.0,0.0,0.0,0.0,0.0,0.0,0.0,0.0,0.2714504301548004,0.0,0.277811735868454,0.0,0.25158435106277466,0.0,0.0,0.0,0.0,0.0,0.0,0.053752899169921875,0.0,0.2286485880613327,0.002317344071343541,0.0,0.296501487493515,0.0,0.0,0.0,0.0,0.0,0.0,0.0,0.0011233935365453362,0.0,0.0,0.0,0.0,0.0,0.0,0.04612669721245766,0.0,0.0,0.0,0.0,0.0,0.11847691982984543,0.0,0.02011265978217125,0.0,0.19203834235668182,0.32671812176704407,0.10993385314941406,0.0,0.223456010222435,0.0,0.0,0.0,0.0,0.0,0.0,0.0,0.0,0.0,0.0,0.0,0.0,0.0,0.0,0.0,0.0,0.0,0.0,0.0,0.0,0.2540256977081299,0.0,0.19217942655086517,0.01005138922482729,0.0,0.0,0.0,0.07105731964111328,0.0,0.0,0.0,0.0,0.08654918521642685,0.0,0.0,0.0,0.0,0.0,0.0,0.0,0.0,0.0,0.0,0.0012619370827451348,0.0,0.0,0.03994813188910484,0.0,0.0,0.03989589959383011,0.0,0.2251415252685547,0.29567304253578186,0.0,0.0,0.0,0.0536273755133152,0.0,0.0,0.0,0.0,0.0,0.0,0.16573527455329895,0.0,0.0,0.0,0.0,0.0,0.0,0.36678123474121094,0.0,0.0,0.0,0.0,0.0,0.26985830068588257,0.0,0.0,0.0,0.0,0.0,0.0,0.0,0.0,0.0,0.0,0.33252695202827454,0.0,0.0,0.0,0.0,0.28462252020835876,0.0,0.0,0.43664833903312683,0.0,0.0,0.0,0.0,0.0,0.0,0.05966067314147949,0.0,0.0,0.0,0.09228850156068802,0.0,0.0,0.1702490597963333,0.4886333644390106,0.0,0.0,0.0,0.0,0.0,0.0,0.0,0.25252047181129456,0.0,0.0,0.055318448692560196,0.0,0.0,0.0,0.0,0.0,0.0,0.0,0.0,0.0,0.0,0.11728972941637039
133_S_0913,MCI,train,0.03998738154768944,2.1974523067474365,0.2997010350227356,0.34992754459381104,0.0,0.0,0.0,0.18507109582424164,0.47134384512901306,0.047895774245262146,0.0,0.0,0.0,0.0,1.9022904634475708,0.5039766430854797,0.0,0.0,0.0886605903506279,0.0,0.3344728946685791,0.0,1.9534600973129272,0.0,0.0,0.0,0.0,0.875607967376709,0.37789618968963623,0.09285194426774979,1.0007067918777466,0.0,0.0,0.0,0.0,0.0,0.0,0.7545526027679443,1.1148985624313354,0.0,0.0,0.0,0.0,0.0,0.0,0.007705189753323793,1.9179564714431763,0.0,0.0,0.02892170287668705,0.0,0.06412291526794434,0.0,0.0,0.04128759354352951,0.07062015682458878,0.0,0.0,0.3664708137512207,1.5377508401870728,0.0,0.0,0.0,0.0,0.5014011263847351,0.0,0.0,0.012185086496174335,2.028303384780884,0.0,0.0,0.0,0.0,0.0,0.0,0.01811571791768074,0.0,0.6724532246589661,0.017398247495293617,0.09776445478200912,0.0,1.2393507957458496,0.0,0.0,0.0,0.21980434656143188,0.0,0.0,1.0316749811172485,0.0,0.009320934303104877,0.3321927487850189,0.0,0.23003190755844116,0.0,0.0,0.0,0.3280618488788605,0.0,0.0,0.44820019602775574,0.0,0.0,0.0,0.0,0.0,0.0,0.22248680889606476,0.51494300365448,0.5333145260810852,0.0,0.0,0.0,0.0,0.00693524070084095,0.0,0.037206459790468216,0.0,0.007452357094734907,0.22447259724140167,0.0710851401090622,0.0,1.180875301361084,0.0,0.0,0.30446290969848633,0.0,0.0,0.0,0.12047924846410751,0.0,0.0,0.0,0.28517284989356995,0.0,0.0,0.0,0.0,0.017868492752313614,0.0,0.0,0.0,0.0,0.28395023941993713,0.0,0.10597453266382217,0.0,0.0,0.480068176984787,0.0,0.049786169081926346,0.0,0.16466738283634186,0.0,0.0,0.16284812986850739,0.0,0.0,0.0,0.10097896307706833,0.0,0.0,0.0,0.4965536594390869,0.0,0.0,0.20968061685562134,0.11440280079841614,0.0,0.011569193564355373,0.009052623994648457,0.0,0.0,0.0,1.019189715385437,0.12989003956317902,0.0168044064193964,0.0,0.0,0.0,0.0,0.0,0.030635513365268707,0.29365238547325134,0.0,0.5181419253349304,0.0,0.14064855873584747,0.0,0.0,0.0,0.0,0.0,0.7128286957740784,0.0,0.0,0.0,0.0,0.0,0.9732175469398499,0.0,0.3508011996746063,0.0,0.0,0.0,0.0,0.0,0.0,0.253465861082077,0.0,1.4801416397094727,0.0,0.0,0.0,0.0,0.8314256072044373,0.0,0.0,2.049731731414795,0.1477939635515213,0.0,0.0,0.0794505923986435,0.0,0.0,0.48035964369773865,0.0,0.0,0.41348227858543396,0.036009397357702255,0.0,0.0,0.9369065761566162,1.5971847772598267,0.0071094888262450695,0.0,0.0,0.0,0.0,0.0,0.0,0.938651978969574,0.0,0.0,0.25968772172927856,0.0,0.0,0.0,0.0,0.0,0.0,0.0,0.0,0.0,0.0,0.02477026917040348
002_S_1070,MCI,train,0.16223154962062836,0.7915847301483154,0.15071424841880798,0.1545182764530182,0.0,0.0,0.0,0.456119179725647,0.25208261609077454,0.3180997967720032,0.0,0.0,0.0,0.0,0.727627694606781,0.1504972130060196,0.0,0.0,0.02357260137796402,0.0,0.15194196999073029,0.0,0.790546178817749,0.0,0.0,0.0,0.0,0.3459683656692505,0.18164418637752533,0.09219064563512802,0.4284636080265045,0.0,0.0,0.0,0.0,0.0,0.0,0.24521011114120483,0.4734551012516022,0.0,0.0,0.0,0.03333064541220665,0.0,0.0,0.0,0.8689103722572327,0.0,0.0,0.0,0.0,0.3241793215274811,0.0,0.0,0.3442341983318329,0.3792283236980438,0.0,0.0,0.3205472528934479,0.5927395820617676,0.07927720248699188,0.0,0.0,0.0,0.2371421456336975,0.0,0.0,0.1288139373064041,0.9321010112762451,0.0,0.0,0.0,0.0,0.0,0.0,0.0,0.0,0.37096551060676575,0.002209539758041501,0.3543849289417267,0.0,0.43455517292022705,0.0,0.0,0.0,0.09125066548585892,0.0,0.0,0.19869770109653473,0.0,0.33798983693122864,0.06507305055856705,0.0,0.3473987281322479,0.0,0.0,0.0,0.1719895750284195,0.0,0.0,0.19600646197795868,0.027734166011214256,0.0,0.0,0.0,0.0,0.0,0.10306654125452042,0.16477100551128387,0.2511278986930847,0.0,0.0,0.0,0.0,0.17823927104473114,0.0,0.0,0.0,0.4805484116077423,0.44586992263793945,0.19285045564174652,0.0,0.3321364223957062,0.0,0.0,0.1476842164993286,0.0,0.0,0.0,0.09854867309331894,0.0,0.0,0.0,0.11863263696432114,0.0,0.0,0.0,0.0,0.0,0.0,0.0,0.0,0.0,0.17478211224079132,0.0,0.30427291989326477,0.002569472184404731,0.0,0.2353328913450241,0.0,0.019109178334474564,0.0,0.0914730355143547,0.0,0.0,0.05789397656917572,0.0,0.0,0.0,0.039722323417663574,0.0,0.0,0.0,0.210929736495018,0.0,0.0,0.09871453046798706,0.09974643588066101,0.0,0.09419906884431839,0.0,0.0,0.3828636407852173,0.0,0.3063981235027313,0.5067040324211121,0.0,0.0,0.0,0.11051562428474426,0.0,0.0,0.017785068601369858,0.12634126842021942,0.0,0.25343576073646545,0.2213047295808792,0.11385916918516159,0.0,0.0,0.0,0.0,0.0,0.32020387053489685,0.0,0.0,0.0,0.0,0.0,0.4020019769668579,0.0,0.17207647860050201,0.0,0.0,0.0,0.0,0.0,0.0,0.1566142737865448,0.0,0.5725265145301819,0.0,0.0,0.0,0.0,0.3531205952167511,0.0,0.0,0.7153511047363281,0.06327302753925323,0.0,0.0,0.010453318245708942,0.0,0.0,0.162265807390213,0.07706452906131744,0.0,0.17894990742206573,0.06325487047433853,0.0,0.0,0.3573959171772003,0.6617968678474426,0.0,0.0,0.0,0.0,0.0,0.0,0.0,0.42302146553993225,0.0,0.0,0.20176579058170319,0.0,0.0,0.0,0.0,0.0,0.0,0.0,0.0,0.0,0.0,0.3133064806461334
027_S_0307,MCI,train,1.617618203163147,2.572648048400879,0.0,0.0,0.0,0.0,0.0,4.191999912261963,1.8353630304336548,3.0534067153930664,0.0,0.0,0.0,0.0,3.1500473022460938,0.0,0.0,0.0,0.0,0.0,0.0,0.0,2.2051336765289307,0.005490964278578758,0.0,0.0,0.0,1.117201328277588,0.0,0.0,1.8335494995117188,0.19400978088378906,0.0,0.0,0.0,0.0,0.0,0.7851926684379578,2.5660488605499268,0.0,0.0,0.0,0.6196151971817017,0.0,0.0,0.0,4.001383304595947,0.0,0.0,0.0,0.0,2.953167676925659,0.0,0.0,3.3651115894317627,3.314908266067505,0.0,0.01939423196017742,2.145826578140259,1.7275810241699219,0.820955216884613,0.0,0.0,0.0,0.0,0.0,0.0,1.4744223356246948,4.3997368812561035,0.0,0.0,0.0,0.0,0.0,0.0,0.0,0.0,2.4202964305877686,0.0,2.65665340423584,0.0,0.7358735203742981,0.0,0.015081913210451603,0.0,0.0,0.0,0.0,0.0,0.0,3.127777338027954,0.0,0.0,2.752587080001831,0.0,0.0,0.0,0.0,0.0,0.0,0.0,0.10300702601671219,0.033024862408638,0.08415641635656357,0.0,0.0,0.0,0.0,0.015963170677423477,0.0,0.0,0.0,0.0,0.0,2.2609424591064453,0.0,0.0,0.0,4.500883102416992,3.628889799118042,1.6591672897338867,0.0,0.31967106461524963,0.0,0.0,0.0,0.0,0.0,0.0,0.0,0.0,0.0,0.0,0.0,0.0,0.0,0.0,0.0,0.0,0.0,0.0,0.0,0.0,0.5442171096801758,0.0,2.8742830753326416,0.04952333867549896,0.0,0.0,0.0,0.0024036827962845564,0.0,0.0,0.0,0.0,0.3399825096130371,0.0,0.0,0.0,0.0,0.0,0.0,0.0,0.0,0.0,0.0,0.0961701050400734,0.0,0.0,1.1115241050720215,0.0,0.0,4.180943012237549,0.0,0.9787376523017883,4.329624176025391,0.0,0.0,0.0,0.9322540760040283,0.0,0.0,0.0,0.0,0.0,0.0,2.077984571456909,0.0,0.0,0.0,0.0,0.0,0.0,1.8534315824508667,0.0,0.0,0.0,0.0,0.0,2.3124866485595703,0.0,0.0,0.0,0.0,0.003373216139152646,0.0,0.0,0.0,0.0,0.0,1.7311936616897583,0.0,0.0,0.0,0.0,2.4334938526153564,0.0,0.0,2.341794967651367,0.0,0.0,0.0,0.0,0.0,0.0,0.4570709764957428,1.1142592430114746,0.0,0.0,0.553534209728241,0.0,0.0,0.7569201588630676,3.201401472091675,0.0,0.0,0.0,0.030688337981700897,0.0,0.0,0.0,1.8812618255615234,0.0,0.0,0.7939115166664124,0.0,0.0,0.0,0.0,0.0,0.0,0.0,0.0,0.0,0.0,3.2865402698516846
067_S_1185,AD,train,0.7124090194702148,1.3612254858016968,0.0,0.0,0.0,0.0,0.0,1.80144464969635,0.9293377995491028,1.3702877759933472,0.0,0.0,0.0,0.0,1.5119390487670898,0.0,0.0,0.0,0.0,0.0,0.0,0.0,1.394172191619873,0.0,0.0,0.0,0.0,0.5950018763542175,0.0,0.0,1.0418914556503296,0.05481844022870064,0.0,0.0,0.0,0.0,0.0,0.5001676678657532,1.464838981628418,0.0,0.0,0.0,0.07212751358747482,0.0,0.0,0.0,1.946523666381836,0.0,0.0,0.0,0.0,1.4056514501571655,0.0,0.0,1.4774771928787231,1.590214729309082,0.0,0.0,1.1998122930526733,0.9548624157905579,0.2934548258781433,0.0,0.0,0.0,0.0,0.0,0.0,0.5901815891265869,2.187668561935425,0.0,0.0,0.0,0.0,0.0,0.0,0.01766836643218994,0.0,0.9743247032165527,0.0,1.3448675870895386,0.0,0.5209649205207825,0.0,0.01920703984797001,0.0,0.0,0.0,0.0,0.0035736055579036474,0.0,1.3092681169509888,0.0,0.0,1.271199107170105,0.0,0.0,0.0,0.0,0.0,0.0,0.0,0.08130987733602524,0.0,0.0,0.0,0.0,0.0,0.0,0.04372897371649742,0.0,0.0,0.0,0.0,0.0,1.0107051134109497,0.0,0.008557858876883984,0.0,1.9688634872436523,1.6655502319335938,0.5734025835990906,0.0,0.2514159679412842,0.0,0.0,0.0,0.0,0.0,0.0,0.0,0.0,0.0,0.0,0.0,0.0,0.0,0.0,0.0,0.0,0.0,0.0,0.0,0.0,0.4824296534061432,0.0,1.2485475540161133,0.008306226693093777,0.0,0.0,0.0,0.014926622621715069,0.0,0.0,0.0,0.0,0.09092024713754654,0.0,0.0,0.0,0.0,0.0,0.0,0.0,0.0,0.0,0.0,0.10773348063230515,0.0,0.0,0.5023744106292725,0.0,0.0,1.9933295249938965,0.0,0.5980857610702515,1.9898624420166016,0.0,0.0,0.0,0.48247408866882324,0.0,0.0,0.0,0.0,0.0,0.0,1.0397464036941528,0.0,0.0,0.0,0.0,0.0032133532222360373,0.0,0.9786742329597473,0.0,0.0,0.0,0.0,0.0,1.0884830951690674,0.0,0.0,0.0,0.0,0.0,0.0,0.0,0.0,0.0,0.0,0.9582476615905762,0.0,0.0,0.0,0.0,1.1658477783203125,0.0,0.0,1.2600691318511963,0.0,0.0,0.0,0.0,0.0,0.0,0.1951601654291153,0.32814493775367737,0.0,0.0,0.29257285594940186,0.0,0.0,0.4971606731414795,1.810471534729004,0.0,0.0,0.0,0.0,0.0,0.0,0.0,1.0281404256820679,0.0,0.0,0.4308033883571625,0.0,0.0,0.0,0.0,0.0,0.0,0.0,0.0,0.0,0.0,1.4071649312973022
031_S_0568,MCI,train,0.20530349016189575,0.37699460983276367,0.0,0.0,0.0,0.0,0.0,0.7161400318145752,0.34278377890586853,0.44508981704711914,0.0,0.0,0.0,0.0,0.5186353325843811,0.0,0.0,0.0,0.0,0.0,0.0,0.0,0.40938040614128113,0.0,0.0,0.0,0.0,0.23420077562332153,0.0,0.0,0.33323612809181213,0.06392546743154526,0.0,0.0,0.0,0.0,0.0,0.1264249086380005,0.46155741810798645,0.0,0.0,0.0,0.0,0.0,0.0,0.0,0.5822647213935852,0.0,0.0,0.0,0.0,0.4590296447277069,0.0,0.0,0.47435009479522705,0.42623233795166016,0.0,0.0,0.5593938827514648,0.31187090277671814,0.0724840983748436,0.0,0.0,0.0,0.0,0.0,0.0,0.18426907062530518,0.6910286545753479,0.0,0.0,0.0,0.0,0.0,0.0,0.004264296032488346,0.0,0.3817373812198639,0.0,0.4894467890262604,0.0,0.11018428206443787,0.0,0.0,0.0,0.0,0.0,0.0,0.007289491128176451,0.0,0.45820486545562744,0.012126165442168713,0.0,0.48309218883514404,0.0,0.0,0.0,0.0,0.0,0.0,0.0,0.0,0.012177377007901669,0.0,0.0,0.0,0.0,0.0,0.004009364638477564,0.0,0.0,0.0,0.0,0.0,0.34653523564338684,0.0,0.02649395726621151,0.0,0.580487072467804,0.5572943687438965,0.19631361961364746,0.0,0.1662132292985916,0.0,0.0,0.0,0.0,0.0,0.0,0.0,0.0,0.0,0.0,0.0,0.0,0.0,0.0,0.0,0.0,0.0,0.0,0.0,0.0,0.22798371315002441,0.0,0.42645180225372314,0.0,0.0,0.0,0.0,0.08713097125291824,0.0,0.0,0.0,0.0,0.11433503031730652,0.0,0.0,0.0,0.0,0.0,0.0,0.0,0.0,0.0,0.0,0.00978271197527647,0.0,0.0,0.17468957602977753,0.0,0.0,0.5157149434089661,0.0,0.19687628746032715,0.6296452283859253,0.0,0.0,0.0,0.14828923344612122,0.0,0.0,0.0,0.0,0.0,0.0,0.3615463078022003,0.0,0.0,0.0,0.0,0.008143052458763123,0.0,0.44379904866218567,0.0,0.0,0.0,0.0,0.0,0.36931684613227844,0.0,0.0,0.0,0.0,0.0,0.0,0.0,0.0,0.0,0.0,0.3074664771556854,0.0,0.0,0.0,0.0,0.384383887052536,0.0,0.0,0.43157604336738586,0.0,0.0,0.0,0.0,0.0,0.0,0.028244951739907265,0.0695442482829094,0.0,0.0,0.1832651048898697,0.0,0.0,0.06613455712795258,0.611367404460907,0.0,0.0,0.0,0.0,0.0,0.0,0.0,0.33896902203559875,0.0,0.0,0.12330847233533859,0.0,0.0,0.0,0.0,0.0,0.0,0.0,0.0,0.0,0.0,0.4349152147769928
133_S_0629,MCI,train,0.20463962852954865,2.0622289180755615,0.5575850605964661,0.6489112973213196,0.0,0.0,0.0,0.39526912569999695,0.22219650447368622,0.32100269198417664,0.0,0.0,0.0,0.0,1.5159125328063965,0.37751153111457825,0.0,0.0,0.1096525713801384,0.0,0.60709148645401,0.0,1.7001014947891235,0.0,0.0,0.0,0.0,1.0568217039108276,0.7141990065574646,0.48267635703086853,0.8615947365760803,0.05418067052960396,0.0,0.0,0.0,0.0,0.0,0.885092556476593,0.9183419346809387,0.0,0.0,0.0,0.0,0.0,0.0,0.0,1.9061956405639648,0.0,0.0,0.010616377927362919,0.0,0.27582311630249023,0.0,0.0,0.31816840171813965,0.31117597222328186,0.0,0.0,0.29216861724853516,1.378653883934021,0.041447725147008896,0.0,0.0,0.0,0.9183055758476257,0.0,0.0,0.07191263884305954,1.9340969324111938,0.0,0.0,0.0,0.0,0.0,0.0,0.18578402698040009,0.0,0.5594651103019714,0.0,0.2971574664115906,0.0,1.199122428894043,0.0,0.0,0.0,0.41660037636756897,0.0,0.0,0.9948400855064392,0.0,0.2942759096622467,0.0823940858244896,0.0,0.24233900010585785,0.0,0.0,0.0,1.0764919519424438,0.0,0.0,0.7188466191291809,0.0,0.0,0.0,0.0,0.0,0.0,0.394329696893692,0.6700248718261719,1.0252127647399902,0.0,0.0,0.0,0.0,0.22932595014572144,0.0,0.009688709862530231,0.0,0.4802726209163666,0.3762897253036499,0.054503653198480606,0.0,1.0747143030166626,0.0,0.0,0.5880405306816101,0.0,0.0,0.0,0.41542601585388184,0.0,0.0,0.0,0.5030229091644287,0.0,0.0,0.0,0.0,0.0,0.0,0.0,0.0,0.0,0.18282248079776764,0.0,0.4326848089694977,0.03315309062600136,0.0,0.7806823253631592,0.0,0.0,0.0,0.2925156354904175,0.0,0.0,0.0834994688630104,0.0,0.0,0.0,0.1288309097290039,0.0,0.0,0.0,0.8309251666069031,0.0,0.0,0.45166268944740295,0.6788704991340637,0.0,0.11889871954917908,0.0,0.0,0.39860638976097107,0.0,0.7609414458274841,0.4276050627231598,0.2756199538707733,0.0,0.0,0.08348991721868515,0.0,0.0,0.30356118083000183,0.5051687955856323,0.0,0.8306434750556946,0.25875696539878845,0.3938528597354889,0.0,0.0,0.0,0.0,0.0,0.1846637725830078,0.0,0.0,0.0,0.0,0.0,1.1011074781417847,0.0,0.6624520421028137,0.0,0.0,0.0,0.0,0.0,0.0,0.6145020127296448,0.0,1.4636621475219727,0.0,0.0,0.0,0.0,1.2210081815719604,0.0,0.0,2.0767815113067627,0.3379429578781128,0.0,0.008669721893966198,0.1190556064248085,0.0,0.0,0.37678250670433044,0.06469123810529709,0.0,0.7061001658439636,0.10055345296859741,0.0,0.0,0.9118804931640625,1.9736722707748413,0.0,0.0,0.0,0.0,0.0,0.0,0.0,1.1225776672363281,0.0,0.0,0.25461283326148987,0.0,0.0,0.0,0.0,0.0,0.0,0.0,0.0,0.0,0.0,0.3149688243865967
116_S_1249,CN,train,0.20785383880138397,2.052971124649048,0.2291588932275772,0.37938404083251953,0.0,0.0,0.0,0.6322357058525085,0.4609470069408417,0.36817049980163574,0.0,0.0,0.0030033327639102936,0.0010582305258139968,1.91070556640625,0.20354397594928741,0.0,0.0,0.03532255068421364,0.0,0.26388460397720337,0.0,1.9497472047805786,0.0,0.0,0.0,0.0,1.034990906715393,0.20607952773571014,0.16875934600830078,1.0902042388916016,0.06481000036001205,0.0,0.0,0.0,0.0,0.0,0.8003829121589661,1.2161048650741577,0.0,0.0,0.0,0.0,0.0,0.0,0.004905628506094217,2.1422576904296875,0.0,0.0,0.06742281466722488,0.0,0.34159722924232483,0.0,0.0,0.29816555976867676,0.2935306429862976,0.0,0.0,0.7080739140510559,1.5420151948928833,0.03369327262043953,0.0,0.0,0.0,0.2997431457042694,0.0,0.0,0.0710158571600914,2.1832211017608643,0.0,0.0,0.0,0.0,0.0,0.0,0.211625874042511,0.0,0.7069723606109619,0.006103978026658297,0.46906474232673645,0.0,1.0765151977539062,0.0,0.0,0.0,0.11618760228157043,0.0,0.0,0.9852209091186523,0.0,0.3807713985443115,0.1205277368426323,0.0,0.4442634582519531,0.0,0.0,0.0,0.416872501373291,0.0,0.0,0.34419143199920654,0.002379467012360692,0.0070044491440057755,0.0,0.0,0.0,0.0,0.1846752166748047,0.5700108408927917,0.4450298547744751,0.0,0.0,0.0,0.0,0.24669276177883148,0.0,0.11924541741609573,0.0,0.3041364252567291,0.5554127097129822,0.1566212773323059,0.0,1.1521507501602173,0.0,0.0,0.20813868939876556,0.0,0.0,0.0,0.1112552061676979,0.0,0.0,0.0,0.2316170185804367,0.0,0.0,0.0,0.0,0.0,0.0,0.0,0.0,0.0,0.44453611969947815,0.0,0.45397433638572693,0.009629814885556698,0.0,0.29795289039611816,0.0,0.1916179656982422,0.0,0.13322530686855316,0.0,0.0,0.1969004124403,0.0,0.0,0.0,0.04543048515915871,0.0,0.0,0.0,0.329601913690567,0.0,0.0,0.2918480932712555,0.27295106649398804,0.0,0.12448614090681076,0.005862860474735498,0.0,0.1769431084394455,0.0,0.8494818806648254,0.43441545963287354,0.32152214646339417,0.0,0.0,0.09526137262582779,0.0,0.0,0.15619736909866333,0.21067844331264496,0.0,0.4033398926258087,0.2832072675228119,0.19955860078334808,0.0,0.0,0.0,0.025193167850375175,0.0,0.708833634853363,0.0,0.0,0.0,0.0,0.0,1.2147728204727173,0.0,0.2602711617946625,0.0,0.0,0.0,0.0,0.0,0.0,0.2087835669517517,0.0,1.5819648504257202,0.0,0.0,0.0,0.0,1.2420226335525513,0.0,0.0,1.967905044555664,0.0726323351264,0.0,0.0,0.10808360576629639,0.0,0.0,0.40950632095336914,0.015893593430519104,0.0,0.30023011565208435,0.20166389644145966,0.0,0.0,0.8820045590400696,2.065629243850708,0.006579143460839987,0.0,0.0,0.0,0.0,0.0,0.0,1.1432822942733765,0.0,0.0,0.2701711058616638,0.0,0.0,0.0,0.0,0.0,0.0,0.0,0.0,0.0,0.0,0.22291183471679688
032_S_1101,AD,train,0.0,1.805208683013916,0.6474571228027344,0.6771631836891174,0.0,0.0,0.0,0.029023675248026848,0.16548602283000946,0.0,0.02168378047645092,0.0,0.0,0.0,1.39755117893219,0.646521270275116,0.0,0.0,0.17544732987880707,0.0,0.7449375987052917,0.0,1.4191312789916992,0.0,0.0,0.0,0.0,0.7692416310310364,0.7911563515663147,0.37830814719200134,0.6797487139701843,0.0,0.0,0.0,0.0,0.0,0.0,0.8008769154548645,0.5657745003700256,0.0,0.0,0.0,0.0,0.0,0.0,0.0,1.3737964630126953,0.0,0.0,0.0007598000229336321,0.0,0.0,0.0,0.0,0.0,0.0,0.0,0.0,0.14571312069892883,1.3037811517715454,0.0,0.0,0.0,0.0,1.128714919090271,0.0,0.0,0.0,1.2890275716781616,0.01597798429429531,0.0,0.0,0.0,0.0,0.0,0.0,0.0,0.3980379104614258,0.0,0.0055032470263540745,0.0,1.0474505424499512,0.0,0.0,0.0,0.5034076571464539,0.0,0.0,1.0914095640182495,0.0,0.0,0.4065007269382477,0.0,0.09057831764221191,0.0,0.0,0.0,0.8908606171607971,0.0,0.0,0.8934199810028076,0.0,0.0,0.0,0.0,0.0,0.0,0.4999597370624542,0.6545260548591614,1.1975877285003662,0.0,0.0,0.0,0.0,0.0,0.0,0.02895374409854412,0.0,0.0,0.04922187700867653,0.010248186066746712,0.0,1.014585018157959,0.0,0.0,0.7550873160362244,0.0,0.0,0.0,0.35300615429878235,0.0,0.0,0.0,0.6811490654945374,0.0,0.0,0.0,0.0,0.0,0.0,0.0,0.0,0.0,0.13396824896335602,0.0,0.0020558375399559736,0.0,0.0,1.0255939960479736,0.0,0.09300283342599869,0.0,0.36593469977378845,0.0,0.0,0.08389902114868164,0.0,0.0,0.0,0.23906056582927704,0.0,0.0,0.0,0.9419870972633362,0.0,0.0,0.34865453839302063,0.5089008212089539,0.0,0.0,0.004898416344076395,0.0,0.0,0.0,0.8558173179626465,0.0,0.0,0.0,0.0,0.0,0.0,0.0,0.1567019373178482,0.7032584547996521,0.0,1.0071841478347778,0.0,0.4816541373729706,0.0,0.0,0.0,0.0,0.0,0.3758387267589569,0.0,0.0,0.0,0.0,0.0,0.6784114837646484,0.0,0.7991696000099182,0.0,0.0,0.0,0.0,0.0,0.0,0.6258664727210999,0.0,1.298751950263977,0.0,0.0,0.0,0.0,0.5057936310768127,0.0,0.0,1.934787631034851,0.43924298882484436,0.0,0.0,0.2192750722169876,0.0,0.0,0.48525571823120117,0.0,0.0,0.846734344959259,0.01488648820668459,0.0,0.0,0.8010821342468262,1.123361349105835,0.001469296868890524,0.0,0.0,0.0,0.0,0.0,0.0,0.779236376285553,0.0,0.0,0.2236110419034958,0.0,0.0,0.0,0.0,0.0,0.0,0.0,0.0,0.0,0.0,0.0
130_S_0449,MCI,train,0.0,0.5874573588371277,0.08067627996206284,0.07584117352962494,0.0,0.0,0.0,0.0009821326239034534,0.16191458702087402,0.0,0.0,0.0,0.0,0.0,0.4959317445755005,0.206656351685524,0.0,0.0,0.01697169803082943,0.0,0.05217808112502098,0.0,0.5677768588066101,0.0,0.0,0.0,0.0,0.20746923983097076,0.03849285840988159,0.0,0.27713775634765625,0.0,0.0,0.0,0.0,0.0,0.0,0.1415301114320755,0.32135120034217834,0.0,0.0,0.0,0.0,0.0,0.0,0.0,0.5184977650642395,0.0,0.0,0.0,0.0,0.0,0.0,0.0,0.0,0.0,0.0,0.0,0.07355058193206787,0.44730186462402344,0.0,0.0,0.0,0.0,0.07859604060649872,0.0,0.0,0.0,0.5411964654922485,0.0,0.0,0.0,0.0,0.0,0.0,0.0,0.0,0.1916748732328415,0.0,0.0,0.0,0.38565871119499207,0.0,0.0,0.0,0.023600593209266663,0.0,0.0,0.26523831486701965,0.0,0.0,0.14108248054981232,0.0,0.024234039708971977,0.0,0.0,0.0,0.0,0.0,0.0,0.09179142117500305,0.0,0.0,0.0,0.0,0.0,0.0,0.051964834332466125,0.14602191746234894,0.09652659296989441,0.0,0.0,0.0,0.0,0.0,0.0,0.022543946281075478,0.0,0.0,0.0036002809647470713,0.0005726756644435227,0.0,0.39701271057128906,0.0,0.0,0.02917621284723282,0.0,0.0,0.0,0.0,0.0,0.0,0.0,0.06432782858610153,0.0,0.0,0.0,0.0,0.0,0.0,0.0,0.0,0.0,0.09192678332328796,0.0,0.0,0.0,0.0,0.1375509351491928,0.0,0.0448402501642704,0.0,0.055558815598487854,0.0,0.0,0.05887618288397789,0.0,0.0,0.0,0.023811088874936104,0.0,0.0,0.0,0.1631637066602707,0.0,0.0,0.010790386237204075,0.0,0.0,0.0,0.0014992657816037536,0.0,0.0,0.0,0.3192236125469208,0.0,0.0,0.0,0.0,0.0,0.0,0.0,0.0,0.048261355608701706,0.0,0.0924239233136177,0.0,0.03677878901362419,0.0,0.0,0.0,0.0,0.0,0.2827567458152771,0.0,0.0,0.0,0.0,0.0,0.24314779043197632,0.0,0.054247770458459854,0.0,0.0,0.0,0.0,0.0,0.0,0.036516543477773666,0.0,0.4022907018661499,0.0,0.0,0.0,0.0,0.14875486493110657,0.0,0.0,0.528220534324646,0.0,0.0,0.0,0.0,0.0,0.0,0.16217374801635742,0.0,0.0,0.09262795001268387,0.0,0.0,0.0,0.27842608094215393,0.38222935795783997,0.004125931765884161,0.0,0.0,0.0,0.0,0.0,0.0,0.26939964294433594,0.0,0.0,0.034080080687999725,0.0,0.0,0.0,0.0,0.0,0.0,0.0,0.0,0.0,0.0,0.0
082_S_0469,MCI,train,0.24042822420597076,0.5408552885055542,0.0,0.0,0.0,0.0,0.0,0.7158820033073425,0.39110109210014343,0.4949445426464081,0.0,0.0,0.0,0.0,0.5821566581726074,0.0,0.0,0.0,0.0,0.0,0.0,0.002219257177785039,0.5502393841743469,0.0,0.0,0.0,0.0,0.2193945050239563,0.0,0.0,0.3899809420108795,0.031145641580224037,0.0,0.0,0.0,0.0,0.0,0.091462641954422,0.5428791046142578,0.0,0.0,0.0,0.018377769738435745,0.0,0.0,0.0,0.733781099319458,0.0,0.0,0.0,0.0,0.5180989503860474,0.0,0.0,0.5048187971115112,0.5590292811393738,0.0,0.0,0.5997584462165833,0.3869307339191437,0.0747661367058754,0.0,0.0,0.0,0.0,0.0,0.0,0.1881890445947647,0.8697433471679688,0.0,0.0,0.0,0.0,0.0,0.0,0.013652987778186798,0.0,0.3602341413497925,0.0,0.589443027973175,0.0,0.20800445973873138,0.0,0.0,0.0,0.0,0.0,0.0,0.00943103339523077,0.0,0.5203372836112976,0.0,0.0,0.5249693989753723,0.0,0.0,0.0,0.0,0.0,0.0,0.0,0.0275729987770319,0.002829266944900155,0.0,0.0,0.0,0.0,0.0,0.0011594390962272882,0.0,0.0,0.0,0.0,0.0,0.3333875238895416,0.0,0.025482185184955597,0.0,0.6690930724143982,0.6653386354446411,0.22773557901382446,0.0,0.17713940143585205,0.0,0.0,0.0,0.0,0.0,0.0,0.0,0.0,0.0,0.0,0.0,0.0,0.0,0.0,0.0,0.0,0.0,0.0,0.0,0.0,0.28305763006210327,0.0,0.4494324028491974,0.02675173431634903,0.0,0.0,0.0,0.06565187871456146,0.0,0.0,0.0,0.0,0.09622982144355774,0.0,0.0,0.0,0.0,0.0,0.0,0.0,0.0,0.0,0.0,0.003268093802034855,0.0,0.0,0.18851123750209808,0.0,0.0,0.6122127771377563,0.0,0.2243143767118454,0.7159954905509949,0.0,0.0,0.0,0.16251340508460999,0.0,0.0,0.0,0.0,0.0,0.0,0.4228499233722687,0.0,0.0,0.0,0.0,0.0,0.0,0.4671233594417572,0.0,0.0,0.0,0.0,0.0,0.38379648327827454,0.0,0.0,0.0,0.0,0.0,0.0,0.0,0.0,0.0,0.0,0.3708443343639374,0.0,0.0,0.0,0.0,0.4126622974872589,0.0,0.0,0.4750901460647583,0.0,0.0,0.0,0.0,0.0,0.0,0.06319353729486465,0.07512111961841583,0.0,0.0,0.172263041138649,0.0,0.0,0.1527605801820755,0.6865790486335754,0.0,0.0,0.0,0.0,0.0,0.0,0.0,0.3604986369609833,0.0,0.0,0.17134465277194977,0.0,0.0,0.0,0.0,0.0,0.0,0.0,0.0,0.0,0.0,0.4497981071472168
032_S_0187,MCI,train,0.07933687418699265,1.853789210319519,0.0,0.04340583458542824,0.0,0.0,0.0,0.4123694598674774,0.34236153960227966,0.19376395642757416,0.0,0.0,0.0,0.0,1.5133557319641113,0.10702412575483322,0.0,0.0,0.0,0.0,0.019567376002669334,0.0,1.4599913358688354,0.0,0.0,0.0,0.0,0.5666543841362,0.0,0.0,0.9401203989982605,0.0,0.0,0.0,0.0,0.0,0.0,0.5114621520042419,0.8529808521270752,0.0,0.0,0.0,0.015298079699277878,0.0,0.0,0.0,1.737871766090393,0.0,0.0,0.0,0.0,0.22184644639492035,0.0,0.0,0.18961626291275024,0.2119126319885254,0.0,0.0,0.33530473709106445,1.1971282958984375,0.04053274169564247,0.0,0.0,0.0,0.0,0.0,0.0,0.13817033171653748,1.8639875650405884,0.0,0.0,0.0,0.0,0.0,0.0,0.01220213994383812,0.0,0.6536774039268494,0.0,0.2512737214565277,0.0,0.8518566489219666,0.0,0.0,0.0,0.05475367605686188,0.0,0.0,0.5564253926277161,0.0,0.19425654411315918,0.09223353117704391,0.0,0.3270764946937561,0.0,0.0,0.0,0.007508945185691118,0.0,0.0,0.03727617859840393,0.0,0.0,0.0,0.0,0.0,0.0,0.03544902428984642,0.29585614800453186,0.050751253962516785,0.0,0.0,0.0,0.0,0.10181116312742233,0.0,0.0,0.0,0.2588018476963043,0.4075603187084198,0.14974159002304077,0.0,0.7033098340034485,0.0,0.0,0.0,0.0,0.0,0.0,0.0,0.0,0.0,0.0,0.09580305963754654,0.0,0.0,0.0,0.0,0.0,0.0,0.0,0.0,0.0,0.23983128368854523,0.0,0.18901528418064117,0.0,0.0,0.0,0.0,0.031428076326847076,0.0,0.009862099774181843,0.0,0.0,0.07490482181310654,0.0,0.0,0.0,0.009964845143258572,0.0,0.0,0.0,0.05571570619940758,0.0,0.0,0.11331180483102798,0.02290027029812336,0.0,0.04957505688071251,0.0,0.0,0.11379965394735336,0.0,0.7403261065483093,0.3458802402019501,0.014673515222966671,0.0,0.0,0.06483373790979385,0.0,0.0,0.0,0.04029085114598274,0.0,0.03175285458564758,0.1348816454410553,0.011387490667402744,0.0,0.0,0.0,0.0,0.0,0.6847392916679382,0.0,0.0,0.0,0.0,0.0,0.931097686290741,0.0,0.042335133999586105,0.0,0.0,0.0,0.0,0.0,0.0,0.0,0.0,1.2218047380447388,0.0,0.0,0.0,0.0,0.932176411151886,0.0,0.0,1.5701617002487183,0.006044603884220123,0.0,0.0,0.07420342415571213,0.0,0.0,0.31520435214042664,0.013677948154509068,0.0,0.06892170757055283,0.06749338656663895,0.0,0.0,0.6995968818664551,1.5483423471450806,0.0,0.0,0.0,0.0,0.0,0.0,0.0,0.8812987208366394,0.0,0.0,0.3675367534160614,0.0,0.0,0.0,0.0,0.0,0.0,0.0,0.0,0.0,0.0,0.148469477891922
023_S_1190,CN,train,0.5358708500862122,1.7491527795791626,0.18984846770763397,0.18698270618915558,0.0,0.0,0.0,1.4059327840805054,0.82380610704422,0.9911065101623535,0.002458340721204877,0.0,0.0,0.0,1.8361082077026367,0.16930115222930908,0.0,0.0,0.08123943954706192,0.0,0.1839902400970459,0.03031870722770691,1.7043105363845825,0.0,0.0,0.0,0.0,0.8995913863182068,0.20889447629451752,0.09834787249565125,1.1180511713027954,0.05582685396075249,0.0,0.0,0.0,0.0,0.0,0.5925846695899963,1.4816395044326782,0.0,0.0,0.0,0.0,0.0,0.0,0.0,2.1055305004119873,0.0,0.0,0.08783907443284988,0.0,1.0141512155532837,0.0,0.0,0.9735750555992126,1.0854295492172241,0.0,0.0,1.285025715827942,1.2768473625183105,0.17186027765274048,0.0,0.0,0.0,0.3296094834804535,0.0,0.0,0.2954559028148651,2.3021652698516846,0.0,0.0,0.0,0.0,0.0,0.0,0.2156803160905838,0.0,0.8706321120262146,0.005188205745071173,1.1379984617233276,0.0,0.8628808856010437,0.0,0.005811973940581083,0.0,0.1534883826971054,0.0,0.0,0.49285876750946045,0.0,1.090622901916504,0.12721872329711914,0.0,0.9989154934883118,0.0,0.0,0.0,0.19258558750152588,0.0,0.0,0.2256707102060318,0.03264297917485237,0.0016676062950864434,0.0,0.0,0.0,0.0,0.13780714571475983,0.2992171347141266,0.29355812072753906,0.0,0.0,0.0,0.0,0.6892765164375305,0.0,0.0750131607055664,0.0,1.2046626806259155,1.3070155382156372,0.3706921339035034,0.0,0.7645663619041443,0.0,0.0,0.22557957470417023,0.0,0.0,0.0,0.06770587712526321,0.0,0.0,0.0,0.17546576261520386,0.0,0.0,0.0,0.0,0.0,0.0,0.0,0.0,0.0,0.66423100233078,0.0,1.0485256910324097,0.01616218499839306,0.0,0.2566095292568207,0.0,0.11232906579971313,0.0,0.025733791291713715,0.0,0.0,0.26627686619758606,0.0,0.0,0.0,0.057245656847953796,0.0,0.0,0.0,0.24729309976100922,0.0,0.0,0.18082024157047272,0.06611458212137222,0.0,0.38467833399772644,0.0010311027290299535,0.0,1.0149680376052856,0.0,0.8021552562713623,1.422428011894226,0.23199211061000824,0.0,0.0,0.32819393277168274,0.0,0.0,0.09369035810232162,0.18915174901485443,0.0,0.27462059259414673,0.7931714057922363,0.1362723559141159,0.0,0.0,0.0,0.0022084612865000963,0.0,0.9918899536132812,0.0,0.0,0.0,0.0,0.0,1.1980279684066772,0.0,0.15556342899799347,0.0,0.0,0.0,0.0,0.0,0.0,0.17850743234157562,0.0,1.2817431688308716,0.0,0.0,0.0,0.0,1.3753747940063477,0.0,0.0,1.7119015455245972,0.1349930465221405,0.0,0.0,0.07146574556827545,0.0,0.0,0.1760917454957962,0.14174401760101318,0.0,0.23802031576633453,0.376578688621521,0.0,0.0,0.5888907313346863,2.103517532348633,0.0,0.0,0.0,0.0,0.0,0.0,0.0,1.0842891931533813,0.0,0.0,0.2884935140609741,0.0,0.0,0.0,0.0,0.0,0.0,0.0,0.0,0.0,0.0,0.8341428637504578
018_S_0406,MCI,train,0.28201010823249817,1.1942358016967773,0.0,0.0,0.0,0.0,0.0,0.9216310381889343,0.5897326469421387,0.5101809501647949,0.0,0.0,0.0,0.0,1.0940147638320923,0.0034269478637725115,0.0,0.0,0.0,0.0,0.0,0.0,1.0629713535308838,0.0,0.0,0.0,0.0,0.44589972496032715,0.0,0.0,0.6882110238075256,0.11139150708913803,0.0,0.0,0.0,0.0,0.0,0.20930559933185577,0.8765192031860352,0.0,0.0,0.0,0.008327163755893707,0.0,0.0,0.0013833926059305668,1.3779650926589966,0.0,0.0,0.016644885763525963,0.0,0.49636149406433105,0.0,0.0,0.528224766254425,0.5325536131858826,0.0,0.0,0.8327865600585938,0.7914534211158752,0.07753070443868637,0.0,0.0,0.0,0.0,0.0,0.0,0.16123636066913605,1.5736156702041626,0.0,0.0,0.0,0.0,0.0,0.0,0.12139278650283813,0.0,0.5984684824943542,0.0,0.5786228179931641,0.0,0.5281307697296143,0.0,0.0,0.0,0.0,0.0,0.0,0.21821574866771698,0.0,0.5237470269203186,0.0506921149790287,0.0,0.6204848289489746,0.0,0.0,0.0,0.0,0.0,0.0,0.0,0.0,0.003098162589594722,0.0,0.0,0.0,0.0,0.0,0.11907905340194702,0.0,0.0,0.0,0.0,0.0,0.3935874402523041,0.0,0.07414745539426804,0.0,0.5965652465820312,0.7768955230712891,0.19730114936828613,0.0,0.5171517729759216,0.0,0.0,0.0,0.0,0.0,0.0,0.0,0.0,0.0,0.0,0.006375347729772329,0.0,0.0,0.0,0.0,0.0,0.0,0.0,0.0,0.0,0.5212017893791199,0.0,0.6044338345527649,0.07418358325958252,0.0,0.0,0.0,0.06158430501818657,0.0,0.0,0.0,0.0,0.21354568004608154,0.0,0.0,0.0,0.0,0.0,0.0,0.0,0.0,0.0,0.0,0.03914523124694824,0.0,0.0,0.2543693482875824,0.0019424594938755035,0.0,0.4557981491088867,0.0,0.5349177718162537,0.7525901794433594,0.07066331803798676,0.0,0.0,0.1321273297071457,0.0,0.0,0.0,0.0,0.0,0.0,0.4713914394378662,0.0,0.0,0.0,0.0,0.006487083155661821,0.0,0.6975502371788025,0.0,0.0,0.0,0.0,0.0,0.7353383898735046,0.0,0.0,0.0,0.0,0.0,0.0,0.0,0.0,0.0,0.0,0.7291011214256287,0.0,0.0,0.0,0.0,0.9374162554740906,0.0,0.0,1.0285695791244507,0.0,0.0,0.0,0.023174582049250603,0.0,0.0,0.08369097113609314,0.05305888131260872,0.0,0.0,0.2325911521911621,0.0,0.0,0.3181038200855255,1.4082592725753784,0.0,0.0,0.0,0.0,0.0,0.0,0.0,0.6529315114021301,0.0,0.0,0.12693701684474945,0.0,0.0,0.0,0.0,0.0,0.0,0.0,0.0,0.0,0.0,0.3918095529079437
023_S_0926,CN,train,0.9654513001441956,1.621822714805603,0.0,0.0,0.0,0.0,0.0,2.438934326171875,1.1707191467285156,1.801287293434143,0.0,0.0,0.0,0.0,1.919577956199646,0.0,0.0,0.0,0.0,0.0,0.0,0.0,1.6113585233688354,0.0,0.0,0.0,0.0,0.8078012466430664,0.0,0.0,1.2989057302474976,0.16722612082958221,0.0,0.0,0.0,0.0,0.0,0.43914031982421875,1.728715419769287,0.0,0.0,0.0,0.07816735655069351,0.0,0.0,0.0,2.3762569427490234,0.0,0.0,0.007337008137255907,0.0,1.7600394487380981,0.0,0.0,1.7982341051101685,1.9010285139083862,0.0,0.0,1.7622123956680298,1.1778312921524048,0.36514994502067566,0.0,0.0,0.0,0.0,0.0,0.0,0.594627320766449,2.781926393508911,0.0,0.0,0.0,0.0,0.0,0.0,0.14812807738780975,0.0,1.264962077140808,0.0,1.8385285139083862,0.0,0.5868940949440002,0.0,0.006943538319319487,0.0,0.0,0.0,0.0,0.04699132218956947,0.0,1.7983165979385376,0.04038580134510994,0.0,1.6479665040969849,0.0,0.0,0.0,0.0,0.0,0.0,0.0,0.019264455884695053,0.0469990074634552,0.0,0.0004543407412711531,0.0,0.0,0.0,0.032062988728284836,0.0,0.0,0.0,0.0,0.0,1.2914193868637085,0.0,0.11268708854913712,0.0,2.3912155628204346,2.2206315994262695,0.6723242402076721,0.0,0.48522141575813293,0.0,0.0,0.0,0.0,0.0,0.0,0.0,0.0,0.0,0.0,0.0,0.0,0.0,0.0,0.0,0.0,0.0,0.0,0.0,0.0,0.8326767086982727,0.0,1.8115304708480835,0.05322137847542763,0.0,0.0,0.0,0.18326181173324585,0.0,0.0,0.0,0.0,0.3377523422241211,0.0,0.0,0.0,0.0,0.0,0.0,0.0,0.0,0.0,0.0,0.08134841173887253,0.0,0.0,0.6663775444030762,0.003311567008495331,0.0,2.1972713470458984,0.0,0.7066572308540344,2.462993860244751,0.09169288724660873,0.0,0.0,0.5252752304077148,0.0,0.0,0.0,0.0,0.0,0.0,1.3933430910110474,0.0,0.0,0.0,0.0,0.0,0.0,1.3385120630264282,0.0,0.0,0.0,0.0,0.0,1.4727387428283691,0.0,0.0,0.0,0.0,0.0,0.0,0.0,0.0,0.0,0.0,1.0642623901367188,0.0,0.0,0.0,0.0,1.646271824836731,0.0,0.0,1.5128570795059204,0.0,0.0,0.0,0.0,0.0,0.0,0.19533926248550415,0.390315979719162,0.0,0.0,0.5949473977088928,0.0,0.0,0.4345153570175171,2.439154863357544,0.0,0.0,0.0,0.0,0.0,0.0,0.0,1.3292665481567383,0.0,0.0,0.38610729575157166,0.0,0.0,0.0,0.0,0.0,0.0,0.0,0.0,0.0,0.0,1.7116025686264038
023_S_0613,MCI,train,0.5802708268165588,1.145004153251648,0.0,0.0,0.0,0.0,0.0,1.359744668006897,0.733004093170166,0.9735955595970154,0.0,0.0,0.0,0.0,1.0992711782455444,0.0,0.0,0.0,0.0,0.0,0.0,0.0008644734625704587,1.0264196395874023,0.0,0.0,0.0,0.0,0.4449164569377899,0.0,0.0,0.8044822812080383,0.10935187339782715,0.0,0.0,0.0,0.0,0.0,0.18016518652439117,0.9922940135002136,0.0,0.0,0.0,0.0559854693710804,0.0,0.0,0.003652640851214528,1.4872771501541138,0.0,0.0,0.018531298264861107,0.0,0.8816731572151184,0.0,0.0,0.918895423412323,0.9843701720237732,0.0,0.0,1.0939761400222778,0.7398266792297363,0.1808197945356369,0.0,0.0,0.0,0.0,0.0,0.0,0.2731328308582306,1.7489361763000488,0.0,0.0,0.0,0.0,0.0,0.0,0.15907292068004608,0.0,0.7322121262550354,0.0,0.9802258014678955,0.0,0.422532320022583,0.0,0.015208851546049118,0.0,0.0,0.0,0.0,0.08137690275907516,0.0,0.9467906951904297,0.029548509046435356,0.0,0.978247344493866,0.0,0.0,0.0,0.0,0.0,0.0,0.0,0.01312639843672514,0.030841462314128876,0.0,0.0,0.0,0.0,0.0,0.02002883143723011,0.0,0.0,0.0,0.0,0.0,0.7442697882652283,0.0,0.13939732313156128,0.0,1.192256212234497,1.1842541694641113,0.3183487355709076,0.0,0.45531734824180603,0.0,0.0,0.0,0.0,0.0,0.0,0.0,0.0,0.0,0.0,0.0,0.0,0.0,0.0,0.0,0.0,0.0,0.0,0.0,0.0,0.6340481638908386,0.0,0.9957168698310852,0.09898289293050766,0.0,0.0,0.0,0.12656612694263458,0.0,0.0,0.0,0.0,0.2935478091239929,0.0,0.0,0.0,0.0,0.0,0.0,0.0,0.0,0.0,0.0,0.0652390792965889,0.0,0.0,0.42134177684783936,0.022874029353260994,0.0,1.0405941009521484,0.0,0.4899097979068756,1.3059237003326416,0.03525959327816963,0.0,0.0,0.26546135544776917,0.0,0.0,0.0,0.0,0.0,0.0,0.8133975863456726,0.0,0.0,0.0,0.0,0.0,0.0,0.8039535880088806,0.0,0.0,0.0,0.0,0.0,0.8383967876434326,0.0,0.0,0.0,0.0,0.0,0.0,0.0,0.0,0.0,0.0,0.6660242080688477,0.0,0.0,0.0,0.0,1.0333876609802246,0.0,0.0,0.9845824241638184,0.0,0.0,0.0,0.0,0.0,0.0,0.09214934706687927,0.13973776996135712,0.0,0.0,0.3563559353351593,0.0,0.0,0.29416486620903015,1.5684839487075806,0.0,0.0,0.0,0.0,0.0,0.0,0.0,0.7497137188911438,0.0,0.0,0.1579660028219223,0.0,0.0,0.0,0.0,0.0,0.0,0.0,0.0,0.0,0.0,0.8393204212188721
037_S_0501,MCI,train,1.1923121213912964,1.854475975036621,0.0,0.0,0.0,0.0,0.0,3.251147985458374,1.4378480911254883,2.300888776779175,0.0,0.0,0.0,0.0,2.3571207523345947,0.0,0.0,0.0,0.0,0.0,0.0,0.0,1.6941617727279663,0.007684128358960152,0.0,0.0,0.0,0.9864051938056946,0.0,0.0,1.3771764039993286,0.14478366076946259,0.0,0.0,0.0,0.0,0.0,0.5369654297828674,2.100661516189575,0.0,0.0,0.0,0.16187001764774323,0.0,0.0,0.0,2.809349775314331,0.0,0.0,0.0,0.0,2.214036226272583,0.0,0.0,2.383603096008301,2.307119369506836,0.0,0.0,2.1109015941619873,1.312261700630188,0.5753063559532166,0.0,0.0,0.0,0.0,0.0,0.0,0.8979549407958984,3.2327005863189697,0.0,0.0,0.0,0.0,0.0,0.0,0.001313988701440394,0.0,1.6241036653518677,0.0,2.0689287185668945,0.0,0.4630528390407562,0.0,0.0,0.0,0.0,0.0,0.0,0.03944677114486694,0.0,2.2500507831573486,0.06545235961675644,0.0,2.146362066268921,0.0,0.0,0.0,0.0,0.0,0.0,0.0,0.048907145857810974,0.07935213297605515,0.026642588898539543,0.0033485833555459976,0.0,0.0,0.0,0.022716408595442772,0.0,0.0,0.0,0.0,0.0,1.7388371229171753,0.0,0.06519322842359543,0.0,3.107365608215332,2.738745927810669,1.0663408041000366,0.0,0.42261114716529846,0.0,0.0,0.0,0.0,0.0,0.0,0.0,0.0,0.0,0.0,0.0,0.0,0.0,0.0,0.0,0.0,0.0,0.0,0.0,0.0,0.8093604445457458,0.0,2.1408655643463135,0.022013334557414055,0.0,0.0,0.0,0.1143450140953064,0.0,0.0,0.0,0.0,0.36219146847724915,0.0,0.0,0.0,0.0,0.0,0.0,0.0,0.0,0.0,0.0,0.03987988457083702,0.0,0.0,0.9123642444610596,0.00448145205155015,0.0,2.8115406036376953,0.0,0.8693086504936218,3.1460683345794678,0.0,0.0,0.0,0.626875102519989,0.0,0.0,0.0,0.0,0.0,0.0,1.6562013626098633,0.0,0.0,0.0,0.0,0.0013521566288545728,0.0,1.63973867893219,0.0,0.0,0.0,0.0,0.0,1.7647480964660645,0.0,0.0,0.0,0.0,0.00029034478939138353,0.0,0.0,0.0,0.0,0.0,1.1894806623458862,0.0,0.0,0.0,0.0,1.859104037284851,0.0,0.0,1.9409574270248413,0.0,0.0,0.0,0.0021720598451793194,0.0,0.0,0.3439956605434418,0.6139829754829407,0.0,0.0,0.6125288605690002,0.0,0.0,0.47364044189453125,2.5346899032592773,0.0,0.0,0.0,0.0,0.0,0.0,0.0,1.4178061485290527,0.0,0.0,0.43471017479896545,0.0,0.0,0.0,0.0,0.0,0.0,0.0,0.0,0.0,0.0,2.3019421100616455
067_S_1253,AD,train,0.37971004843711853,0.987442672252655,0.0,0.0,0.0,0.0,0.0,1.1955552101135254,0.6566340327262878,0.7594678997993469,0.0,0.0,0.0,0.0,1.026041030883789,0.0,0.0,0.0,0.0,0.0,0.0,0.002371647162362933,1.03837251663208,0.0,0.0,0.0,0.0,0.4214342534542084,0.0,0.0,0.7175652980804443,0.08679654449224472,0.0,0.0,0.0,0.0,0.0,0.23622117936611176,0.9282390475273132,0.0,0.0,0.0,0.0,0.0,0.0,0.0,1.3331259489059448,0.0,0.0,0.0,0.0,0.8692617416381836,0.0,0.0,0.8477041721343994,0.902239978313446,0.0,0.0,1.0644396543502808,0.7559916377067566,0.09481250494718552,0.0,0.0,0.0,0.0,0.0,0.0,0.3037309944629669,1.5334290266036987,0.0,0.0,0.0,0.0,0.0,0.0,0.08210908621549606,0.0,0.631041944026947,0.0,0.9812881946563721,0.0,0.3905194103717804,0.0,0.01346502359956503,0.0,0.0,0.0,0.0,0.025674501433968544,0.0,0.868986189365387,0.004515463020652533,0.0,0.8621500134468079,0.0,0.0,0.0,0.0,0.0,0.0,0.0,0.009768198244273663,0.005056764464825392,0.0,0.0,0.0,0.0,0.0,0.06025594845414162,0.0,0.0,0.0,0.0,0.0,0.5482621192932129,0.0,0.049892887473106384,0.0,1.0224553346633911,1.0781744718551636,0.3605329096317291,0.0,0.3030853271484375,0.0,0.0,0.0,0.0,0.0,0.0,0.0,0.0,0.0,0.0,0.0,0.0,0.0,0.0,0.0,0.0,0.0,0.0,0.0,0.0,0.4865427017211914,0.0,0.7521836757659912,0.034851185977458954,0.0,0.0,0.0,0.10704617947340012,0.0,0.0,0.0,0.0,0.15520693361759186,0.0,0.0,0.0,0.0,0.0,0.0,0.0,0.0,0.0,0.0,0.04166969656944275,0.0,0.0,0.27606555819511414,0.003794531337916851,0.0,0.950634777545929,0.0,0.41058817505836487,1.2281728982925415,0.0,0.0,0.0,0.2916605472564697,0.0,0.0,0.0,0.0,0.0,0.0,0.7006769180297852,0.0,0.0,0.0,0.0,0.005094672553241253,0.0,0.8986604809761047,0.0,0.0,0.0,0.0,0.0,0.6739943623542786,0.0,0.0,0.0,0.0,0.0,0.0,0.0,0.0,0.0,0.0,0.6804879307746887,0.0,0.0,0.0,0.0,0.7944300174713135,0.0,0.0,0.8462089896202087,0.0,0.0,0.0,0.0,0.0,0.0,0.06177681311964989,0.12486201524734497,0.0,0.0,0.31970030069351196,0.0,0.0,0.25088247656822205,1.2830482721328735,0.0,0.0,0.0,0.0,0.0,0.0,0.0,0.7092258334159851,0.0,0.0,0.27890485525131226,0.0,0.0,0.0,0.0,0.0,0.0,0.0,0.0,0.0,0.0,0.6761584877967834
023_S_1126,MCI,train,1.1564993858337402,2.021749258041382,0.0,0.0,0.0,0.0,0.0,3.1649084091186523,1.444644808769226,2.1978142261505127,0.0,0.0,0.0,0.0,2.3415164947509766,0.0,0.0,0.0,0.0,0.0,0.0,0.00011356423055985942,1.8622280359268188,0.0,0.0,0.0,0.0,0.8975481390953064,0.0,0.0,1.4833922386169434,0.18836547434329987,0.0,0.0,0.0,0.0,0.0,0.5393891334533691,2.02108097076416,0.0,0.0,0.0,0.2796355187892914,0.0,0.0,0.0,2.972703695297241,0.0,0.0,0.0,0.0,2.1517584323883057,0.0,0.0,2.3789479732513428,2.416604995727539,0.0,0.0,2.031337022781372,1.3994280099868774,0.5592604279518127,0.0,0.0,0.0,0.0,0.0,0.0,0.9786351323127747,3.4195845127105713,0.0,0.0,0.0,0.0,0.0,0.0,0.03165585920214653,0.0,1.6453548669815063,0.0,2.1799850463867188,0.0,0.5928992629051208,0.0,0.008368139155209064,0.0,0.0,0.0,0.0,0.004192808177322149,0.0,2.2317819595336914,0.0,0.0,2.1505472660064697,0.0,0.0,0.0,0.0,0.0,0.0,0.0,0.03732828050851822,0.031002411618828773,0.000330952723743394,0.0,0.0,0.0,0.0,0.031467292457818985,0.0,0.0,0.0,0.0,0.0,1.651983618736267,0.0,0.019920622929930687,0.0,3.1654679775238037,2.773148775100708,1.1036033630371094,0.0,0.44678035378456116,0.0,0.0,0.0,0.0,0.0,0.0,0.0,0.0,0.0,0.0,0.0,0.0,0.0,0.0,0.0,0.0,0.0,0.0,0.0,0.0,0.7764702439308167,0.0,2.14139986038208,0.05125720798969269,0.0,0.0,0.0,0.05177098512649536,0.0,0.0,0.0,0.0,0.31507205963134766,0.0,0.0,0.0,0.0,0.0,0.0,0.0,0.0,0.0,0.0,0.02566966600716114,0.0,0.0,0.8526771664619446,0.0,0.0006352629861794412,2.9239656925201416,0.0,0.8018227219581604,3.298194169998169,0.0,0.0,0.0,0.697692334651947,0.0,0.0,0.0,0.0,0.0,0.0,1.6986421346664429,0.0,0.0,0.0,0.0,0.006070208270102739,0.0,1.6635020971298218,0.0,0.0,0.0,0.0,0.0,1.7210267782211304,0.0,0.0,0.0,0.0,0.0029051012825220823,0.0,0.0,0.0,0.0,0.0,1.3402131795883179,0.0,0.0,0.0,0.0,1.8837419748306274,0.0,0.0,1.8306492567062378,0.0,0.0,0.0,0.0,0.0,0.0,0.23496563732624054,0.6638380885124207,0.0,0.0,0.6301699280738831,0.0,0.0,0.511046826839447,2.628784418106079,0.0,0.0,0.0,0.0,0.0,0.0,0.0,1.4897571802139282,0.0,0.0,0.620338499546051,0.0,0.0,0.0,0.0,0.0,0.0,0.0,0.0,0.0,0.0,2.2637550830841064
051_S_1072,MCI,train,0.4229249954223633,0.9632366299629211,0.0,0.0,0.0,0.0,0.0,1.2390207052230835,0.6800511479377747,0.8464315533638,0.0,0.0,0.0,0.0,1.090814232826233,0.0,0.0,0.0,0.0,0.0,0.0,0.023144977167248726,1.0511480569839478,0.0,0.0,0.0,0.0,0.4819217622280121,0.0,0.0,0.7458987832069397,0.0726311132311821,0.0,0.0,0.0,0.0,0.0,0.22082865238189697,1.0068453550338745,0.0,0.0,0.0,0.006365250330418348,0.0,0.0,0.0,1.3503665924072266,0.0,0.0,0.0032917784992605448,0.0,0.9338884949684143,0.0,0.0,0.9013954997062683,0.9445825219154358,0.0,0.0,1.1150285005569458,0.759666383266449,0.11574507504701614,0.0,0.0,0.0,0.0,0.0,0.0,0.3096286952495575,1.5616679191589355,0.0,0.0,0.0,0.0,0.0,0.0,0.05258920416235924,0.0,0.6675007939338684,0.0,1.0529792308807373,0.0,0.3931688368320465,0.0,0.00929249357432127,0.0,0.0,0.0,0.0,0.026648474857211113,0.0,0.9354940056800842,0.0,0.0,0.8879844546318054,0.0,0.0,0.0,0.0,0.0,0.0,0.0,0.012883101589977741,0.0,0.0008777680341154337,0.0,0.0,0.0,0.0,0.06836799532175064,0.0,0.0,0.0,0.0,0.0,0.597312867641449,0.0,0.03819373622536659,0.0,1.0983220338821411,1.1267352104187012,0.34769371151924133,0.0,0.34351828694343567,0.0,0.0,0.0,0.0,0.0,0.0,0.0,0.0,0.0,0.0,0.0,0.0,0.0,0.0,0.0,0.0,0.0,0.0,0.0,0.0,0.5229740738868713,0.0,0.8304381370544434,0.022665945813059807,0.0,0.0,0.0,0.1273878961801529,0.0,0.0,0.0,0.0,0.17567569017410278,0.0,0.0,0.0,0.0,0.0,0.0,0.0,0.0,0.0,0.0,0.022170932963490486,0.0,0.0,0.3220115900039673,0.0,0.0,0.9970051646232605,0.0,0.41478613018989563,1.2842271327972412,0.0,0.0,0.0,0.30759552121162415,0.0,0.0,0.0,0.0,0.0,0.0,0.7171144485473633,0.0,0.0,0.0,0.0,0.0011619681026786566,0.0,0.890799343585968,0.0,0.0,0.0,0.0,0.0,0.7133156657218933,0.0,0.0,0.0,0.0,0.0,0.0,0.0,0.0,0.0,0.0,0.7275107502937317,0.0,0.0,0.0,0.0,0.8297646641731262,0.0,0.0,0.8847768902778625,0.0,0.0,0.0,0.0,0.0,0.0,0.09153123944997787,0.12653908133506775,0.0,0.0,0.3288930356502533,0.0,0.0,0.26127147674560547,1.3300596475601196,0.0,0.0,0.0,0.0,0.0,0.0,0.0,0.7134150862693787,0.0,0.0,0.28085628151893616,0.0,0.0,0.0,0.0,0.0,0.0,0.0,0.0,0.0,0.0,0.7275088429450989
116_S_1232,CN,train,0.899360716342926,1.4380947351455688,0.0,0.0,0.0,0.0,0.0,2.526310682296753,1.1334515810012817,1.6834410429000854,0.0,0.0,0.0,0.0,1.789908528327942,0.0,0.0,0.0,0.0,0.0,0.0,0.0,1.2512612342834473,0.008348206989467144,0.0,0.0,0.0,0.6562745571136475,0.0,0.0,1.0061239004135132,0.2093622237443924,0.0,0.0,0.0,0.0,0.0,0.4126840829849243,1.4930273294448853,0.0,0.0,0.0,0.34388646483421326,0.0,0.0,0.0,2.151475667953491,0.0,0.0,0.0,0.0,1.60157310962677,0.0,0.0,1.7971230745315552,1.7006860971450806,0.0,0.0,1.3825362920761108,1.016926884651184,0.41840997338294983,0.0,0.0,0.0,0.0,0.0,0.0,0.7807099223136902,2.439228057861328,0.0,0.0,0.0,0.0,0.0,0.0,0.0,0.0,1.3776121139526367,0.0,1.4927425384521484,0.0,0.3264200687408447,0.0,0.0,0.0,0.0,0.0,0.0,0.01139590423554182,0.0,1.6717853546142578,0.03493855521082878,0.0,1.5599350929260254,0.0,0.0,0.0,0.0,0.0,0.0,0.0,0.0,0.06874442100524902,0.08850476145744324,0.0029541843105107546,0.0,0.0,0.0,0.0,0.0,0.0,0.0,0.0,0.0,1.293756365776062,0.0,0.02532651089131832,0.0,2.3610079288482666,2.011983633041382,1.0071839094161987,0.0,0.3699406087398529,0.0,0.0,0.0,0.0,0.0,0.0,0.0,0.0,0.0,0.0,0.0,0.0,0.0,0.0,0.0,0.0,0.0,0.0,0.0,0.0,0.37991511821746826,0.0,1.5143018960952759,0.05558669939637184,0.0,0.0,0.0,0.058404341340065,0.0,0.0,0.0,0.0,0.26934894919395447,0.0,0.0,0.0,0.0,0.0,0.0,0.0,0.0,0.0,0.0,0.0,0.0,0.0,0.6648118495941162,0.0,0.0,2.1463418006896973,0.0,0.5630354285240173,2.3530490398406982,0.0,0.0,0.0,0.5041607022285461,0.0,0.0,0.0,0.0,0.0,0.0,1.221570372581482,0.0,0.0,0.0,0.0,0.013528287410736084,0.0,1.159415364265442,0.0,0.0,0.0,0.0,0.0,1.2054357528686523,0.0,0.0,0.0,0.0,0.0,0.0,0.0,0.0,0.0,0.0,0.9498865008354187,0.0,0.0,0.0,0.0,1.3467158079147339,0.0,0.0,1.3653101921081543,0.0,0.0,0.0,0.0,0.0,0.0,0.28571802377700806,0.5793359875679016,0.0,0.0,0.28464317321777344,0.0,0.0,0.36808261275291443,1.8248810768127441,0.0,0.0,0.0,0.011092201806604862,0.0,0.0,0.0,1.0509381294250488,0.0,0.0,0.3497772514820099,0.0,0.0,0.0,0.0,0.0,0.0,0.0,0.0,0.0,0.0,1.6929782629013062
002_S_0413,CN,train,0.0,0.6178881525993347,0.09598293900489807,0.11899638175964355,0.0,0.0,0.0,0.010113527067005634,0.1255781501531601,0.0,0.0,0.0,0.0,0.0,0.5153701901435852,0.22723199427127838,0.0,0.0,0.0132029689848423,0.0,0.08176187425851822,0.0,0.5847054123878479,0.0,0.0,0.0,0.0,0.22505752742290497,0.06428208202123642,0.0,0.2947230637073517,0.0,0.0008206560160033405,0.0,0.0,0.0,0.0,0.16173216700553894,0.3187589645385742,0.0,0.0,0.0,0.0,0.0,0.0,0.0,0.532725989818573,0.0,0.0,0.0,0.0,0.0,0.0,0.0,0.0,0.0,0.0,0.0,0.05520251393318176,0.47062385082244873,0.0,0.0,0.0,0.0,0.11776533722877502,0.0,0.0,0.0,0.557773768901825,0.0,0.0,0.0,0.0,0.0,0.0,0.0,0.0,0.20369793474674225,0.0,0.0,0.0,0.4040939509868622,0.0,0.0,0.0,0.0306441318243742,0.0,0.0,0.30074992775917053,0.0,0.0,0.1494068056344986,0.0,0.018097903579473495,0.0,0.0,0.0,0.007035871502012014,0.0,0.0,0.14401206374168396,0.0,0.0,0.0,0.0,0.0,0.0,0.085799939930439,0.17287884652614594,0.15528559684753418,0.0,0.0,0.0,0.0,0.0,0.0,0.019891683012247086,0.0,0.0,0.007749216631054878,0.008868585340678692,0.0,0.43984583020210266,0.0,0.0,0.04600769281387329,0.0,0.0,0.0,0.013052668422460556,0.0,0.0,0.0,0.07922974973917007,0.0,0.0,0.0,0.0,0.0,0.0,0.0,0.0,0.0,0.07952072471380234,0.0,0.0,0.0,0.0,0.1900780349969864,0.0,0.04038633778691292,0.0,0.07001256197690964,0.0,0.0,0.04385411739349365,0.0,0.0,0.0,0.03670971840620041,0.0,0.0,0.0,0.1967037469148636,0.0,0.0,0.016552593559026718,0.0,0.0,0.0,0.005673885811120272,0.0,0.0,0.0,0.3295341432094574,0.0,0.0,0.0,0.0,0.0,0.0,0.0,0.0,0.07208295911550522,0.0,0.1286943256855011,0.0,0.058093342930078506,0.0,0.0,0.0,0.0,0.0,0.2805628180503845,0.0,0.0,0.0,0.0,0.0,0.26486319303512573,0.0,0.10547259449958801,0.0,0.0,0.0,0.0,0.0,0.0,0.04606206715106964,0.0,0.44635009765625,0.0,0.0,0.0,0.0,0.16895975172519684,0.0,0.0,0.5636048316955566,0.0,0.0,0.0,0.005706947762519121,0.0,0.0,0.18664707243442535,0.0,0.0,0.1408211886882782,0.0,0.0,0.0,0.29218268394470215,0.3922923505306244,0.01015126146376133,0.0,0.0,0.0,0.0,0.0,0.0,0.28514808416366577,0.0,0.0,0.03683425858616829,0.0,0.0,0.0,0.0,0.0,0.0,0.0,0.0,0.0,0.0,0.0
133_S_0912,MCI,train,0.07094074040651321,3.2033472061157227,1.8202825784683228,1.772515892982483,0.0,0.0,0.0,0.15770773589611053,0.10091792792081833,0.10609275847673416,0.05295410379767418,0.0,0.0,0.0,2.4795925617218018,1.5167549848556519,0.05037433281540871,0.0,0.5982174277305603,0.0,1.9758729934692383,0.0,2.570729970932007,0.0,0.0,0.0,0.0,1.5439062118530273,2.0953214168548584,0.9023542404174805,1.1042242050170898,0.013409565202891827,0.0,0.0,0.0,0.0,0.0,1.69650399684906,0.7582015991210938,0.0,0.0,0.0,0.0,0.0,0.0,0.0,2.2355098724365234,0.0,0.0,0.02647748403251171,0.0,0.08783537894487381,0.0,0.0,0.10977664589881897,0.10671152919530869,0.0,0.0,0.13800956308841705,2.239028215408325,0.03474706783890724,0.0,0.0,0.0,3.0972299575805664,0.0,0.0,0.026459135115146637,1.943738579750061,0.013032492250204086,0.0,0.0,0.0,0.0,0.0,0.04909510537981987,0.0,0.49208787083625793,0.0126960976049304,0.12672193348407745,0.0,1.8859697580337524,0.0,0.0,0.0,1.3032127618789673,0.0,0.0,2.208491086959839,0.0,0.13842318952083588,0.8964431285858154,0.0,0.11349046975374222,0.0,0.0,0.0,2.233556032180786,0.0,0.0,2.3163795471191406,0.00876342412084341,0.0,0.0,0.0,0.0,0.0,1.3733257055282593,1.2999852895736694,3.007145881652832,0.0,0.0,0.0,0.0,0.0749242827296257,0.0,0.01621866598725319,0.0,0.13573339581489563,0.15032991766929626,0.031143218278884888,0.0,1.774278998374939,0.0,0.0,2.1298701763153076,0.0,0.0,0.0,1.0051099061965942,0.0,0.0,0.0,1.6497164964675903,0.0,0.0,0.0,0.0,0.03223064914345741,0.0,0.0,0.0,0.0,0.08418828248977661,0.0,0.1420051008462906,0.005889514461159706,0.0,2.868297815322876,0.0,0.0,0.0,0.8563580513000488,0.0,0.0,0.05808570608496666,0.0,0.0,0.0,0.8141865134239197,0.0,0.0,0.0,2.448773145675659,0.03550318628549576,0.0,0.8923671841621399,1.1719512939453125,0.0,0.04437291622161865,0.0,0.0,0.09074967354536057,0.0,1.4858330488204956,0.15563102066516876,0.07530882209539413,0.0,0.0,0.03028835915029049,0.0,0.0,0.46477413177490234,1.757707953453064,0.0,2.5902321338653564,0.0928010642528534,1.394046664237976,0.0,0.0,0.0,0.0,0.0,0.2628032863140106,0.0,0.0,0.0,0.0,0.0,1.0732909440994263,0.0,1.9705966711044312,0.0,0.0,0.0,0.0,0.0,0.0,1.7258796691894531,0.0,2.3911561965942383,0.0,0.0,0.0,0.0,0.7353589534759521,0.0,0.0,3.436840295791626,1.155544400215149,0.0,0.07339897006750107,0.5304417014122009,0.0,0.0,0.8658363223075867,0.0130735719576478,0.0,2.310845375061035,0.045111034065485,0.0,0.0,1.473348617553711,1.7151069641113281,0.0,0.0,0.0011135184904560447,0.0,0.0,0.0,0.0,1.3874297142028809,0.0,0.0,0.4701741933822632,0.0,0.0,0.0,0.0,0.011940661817789078,0.0,0.0,0.0,0.0,0.0,0.10044968873262405
133_S_0493,CN,train,0.479632169008255,2.730567693710327,0.7457876801490784,0.6605193614959717,0.0,0.0,0.0,1.0670100450515747,0.47187626361846924,0.8671745657920837,0.004026065114885569,0.0,0.0,0.0,2.4336822032928467,0.6207126975059509,0.01855373941361904,0.0,0.2857973277568817,0.0,0.7093740105628967,0.0,2.3841516971588135,0.0,0.0,0.0,0.0,1.2461332082748413,0.8183515667915344,0.27279937267303467,1.3503751754760742,0.03657550364732742,0.0,0.0,0.0,0.0,0.0,1.1669998168945312,1.3688483238220215,0.0,0.0,0.0,0.03325461223721504,0.0,0.0,0.0,2.591939687728882,0.0,0.0,0.0,0.0,0.8130073547363281,0.0,0.0,0.8893702030181885,1.0163265466690063,0.0,0.0,0.6357241272926331,1.8368765115737915,0.2177695631980896,0.0,0.0,0.0,1.1399606466293335,0.0,0.0,0.3246537446975708,2.7562921047210693,0.006978971883654594,0.0,0.0,0.0,0.0,0.0,0.05077531561255455,0.0,0.9593908786773682,0.008481569588184357,0.8658214211463928,0.0,1.3283753395080566,0.0,0.0,0.0,0.5675350427627563,0.0,0.0,1.0665313005447388,0.0,0.8345919251441956,0.47129103541374207,0.0,0.7537136077880859,0.0,0.0,0.0,0.7536532878875732,0.0,0.0,0.900395393371582,0.03721601143479347,0.0,0.002256267936900258,0.0,0.0,0.0,0.5418794751167297,0.5992048978805542,1.1801122426986694,0.0,0.0,0.0,0.0,0.6272527575492859,0.0,0.0,0.0,1.2642918825149536,1.0808320045471191,0.3284827172756195,0.0,0.9619874954223633,0.0,0.0,0.7937221527099609,0.0,0.0,0.0,0.27701279520988464,0.0,0.0,0.0,0.7354989051818848,0.0,0.0,0.0,0.0,0.05062120780348778,0.0,0.0,0.0,0.0,0.31057193875312805,0.0,0.9159958958625793,0.03300013765692711,0.012512142769992352,1.096478819847107,0.0,0.002046700567007065,0.0,0.31735163927078247,0.0,0.0,0.13906510174274445,0.0,0.0,0.0,0.34661865234375,0.0,0.0,0.0,0.947998583316803,0.0,0.0,0.501272976398468,0.2656717300415039,0.0,0.2662113308906555,0.0,0.0,1.3153235912322998,0.0,1.210824966430664,1.1990478038787842,0.012447565793991089,0.0,0.0,0.24722351133823395,0.0,0.0,0.13569886982440948,0.7981892228126526,0.0,0.9688461422920227,0.6090434193611145,0.5261633992195129,0.0,0.0,0.0,0.0,0.0,0.7000422477722168,0.0,0.0,0.0,0.0,0.0,1.447227954864502,0.0,0.708674430847168,0.0,0.0,0.0,0.0,0.0,0.0,0.647244393825531,0.0,1.8925236463546753,0.0,0.0,0.0,0.0,1.1954838037490845,0.0,0.0,2.657587766647339,0.4838060438632965,0.0,0.022192558273673058,0.2254866361618042,0.0,0.0,0.6861753463745117,0.19394981861114502,0.0,0.9344685077667236,0.18136636912822723,0.0,0.0,1.1603569984436035,2.2606747150421143,0.0,0.0,0.0,0.0,0.0,0.0,0.0,1.4183942079544067,0.0,0.0,0.5669370293617249,0.0,0.0,0.0,0.0,0.0002608812355902046,0.0,0.0,0.0,0.0,0.0,0.9036352634429932
012_S_1321,MCI,train,0.0,3.066110849380493,1.156653881072998,1.319071650505066,0.0,0.0,0.0,0.029588164761662483,0.12099993228912354,0.0,0.003469096263870597,0.0,0.0,0.0,2.34114670753479,1.1780071258544922,0.0,0.0,0.3307190239429474,0.0,1.2695015668869019,0.0,2.5100371837615967,0.0,0.0,0.0,0.0,1.256584644317627,1.375078797340393,0.6007342338562012,1.1704851388931274,0.0,0.0,0.0,0.0,0.0,0.0,1.3589048385620117,0.912148654460907,0.0,0.0,0.0,0.0,0.0,0.0,0.01152538787573576,2.209989309310913,0.0,0.0,0.029375752434134483,0.0,0.008369005285203457,0.0,0.0,0.0,0.0,0.0,0.0,0.09582352638244629,2.1369383335113525,0.0,0.0,0.0,0.0,1.8637375831604004,0.0,0.0,0.008415318094193935,2.1331565380096436,0.004633665084838867,0.0,0.0,0.0,0.0,0.0,0.021241603419184685,0.0,0.5311152935028076,0.025898562744259834,0.008718323893845081,0.0,1.7264655828475952,0.0,0.0,0.0,0.8163809776306152,0.0,0.0,1.881190299987793,0.0,0.0,0.6626718044281006,0.0,0.031558454036712646,0.0,0.0,0.0,1.4003738164901733,0.0,0.0,1.5559955835342407,0.0,0.0,0.0,0.0,0.0,0.0,0.9452962875366211,1.0860779285430908,1.9914575815200806,0.0,0.0,0.0,0.0,0.0,0.0,0.03251419961452484,0.0,0.0,0.02992723137140274,0.011768155731260777,0.0,1.793912410736084,0.0,0.0,1.298356533050537,0.0,0.0,0.0,0.7219863533973694,0.0,0.0,0.0,1.087670922279358,0.0,0.0,0.0,0.0,0.03652149811387062,0.0,0.0,0.0,0.0,0.08420134335756302,0.0,0.013954263180494308,0.0,0.0,1.8796385526657104,0.0,0.05008116737008095,0.0,0.693867027759552,0.0,0.0,0.07230604439973831,0.0,0.0,0.0,0.4456996023654938,0.0,0.0,0.0,1.7728662490844727,0.0,0.0,0.5375502109527588,0.8072817921638489,0.0,0.0,0.021901117637753487,0.0,0.0,0.0,1.4046049118041992,0.0,0.0312572605907917,0.0,0.0,0.0,0.0,0.0,0.32112690806388855,1.1714478731155396,0.0,1.7222557067871094,0.0,0.8876935839653015,0.0,0.0,0.0,0.0,0.0,0.42260468006134033,0.0,0.0,0.0,0.0,0.0,1.1511964797973633,0.0,1.3188763856887817,0.0,0.0,0.0,0.0,0.0,0.0,1.1597868204116821,0.0,2.2553138732910156,0.0,0.0,0.0,0.0,0.8111722469329834,0.0,0.0,3.1113173961639404,0.6760489344596863,0.0,0.0038405864033848047,0.23672573268413544,0.0,0.0,0.8425388336181641,0.0,0.0,1.5492075681686401,0.022743821144104004,0.0,0.0,1.340817928314209,1.744874119758606,0.006260423455387354,0.0,0.04349150136113167,0.0,0.0,0.0,0.0,1.3093153238296509,0.0,0.0,0.526024341583252,0.0,0.0,0.0,0.0,0.0,0.0,0.0,0.0,0.0,0.0,0.0
012_S_1292,MCI,train,0.019209345802664757,2.6287949085235596,1.1175905466079712,1.1652073860168457,0.0,0.0,0.0,0.1759481281042099,0.17487752437591553,0.07020733505487442,0.01888407953083515,0.0,0.0,0.0,1.8505916595458984,0.8912394046783447,0.0,0.0,0.34021517634391785,0.0,1.1597086191177368,0.0,1.9679999351501465,0.0,0.0,0.0,0.0,1.2323380708694458,1.3119786977767944,0.766136646270752,1.0181273221969604,0.0,0.0,0.0,0.0,0.0,0.0,1.1626243591308594,0.8124530911445618,0.0,0.0,0.0,0.0,0.0,0.0,0.0,2.0419256687164307,0.0,0.0,0.05815625190734863,0.0,0.062032803893089294,0.0,0.0,0.04523206129670143,0.03476768732070923,0.0,0.0,0.21165551245212555,1.6977707147598267,0.014223013073205948,0.0,0.0,0.0,1.7817888259887695,0.0,0.0,0.0539950430393219,1.8488693237304688,0.0,0.0,0.0,0.0,0.0,0.0,0.2446395307779312,0.0,0.3984431326389313,0.002314862562343478,0.07992807775735855,0.0,1.4716852903366089,0.0,0.0,0.0,0.6452628374099731,0.0,0.0,1.7445478439331055,0.0,0.0644383430480957,0.2431187629699707,0.0,0.12062400579452515,0.0,0.0,0.0,1.6902586221694946,0.0,0.0,1.353812336921692,0.0,0.0,0.0,0.0,0.0,0.0,0.7532756924629211,1.023205280303955,1.7803157567977905,0.0,0.0,0.0,0.0,0.02812170796096325,0.0,0.027307691052556038,0.0,0.03850412368774414,0.15126556158065796,0.03907579556107521,0.0,1.6187788248062134,0.0,0.0,1.3209587335586548,0.0,0.0,0.0,0.8291654586791992,0.0,0.0,0.0,0.7801158428192139,0.0,0.0,0.0,0.0,0.0,0.0,0.0,0.0,0.0,0.1424320787191391,0.0,0.11109987646341324,0.0016495068557560444,0.0,1.6116127967834473,0.0,0.04961829259991646,0.0,0.4658840596675873,0.0,0.0,0.07185251265764236,0.0,0.0,0.0,0.27045774459838867,0.0,0.0,0.0,1.3726654052734375,0.0,0.0,0.5411235690116882,1.135460376739502,0.0,0.022368313744664192,0.0011631501838564873,0.0,0.0,0.0,0.8854155540466309,0.07186504453420639,0.3471797704696655,0.0,0.0,0.012888575904071331,0.0,0.0,0.5454584956169128,0.8290340304374695,0.0,1.5510019063949585,0.03046388179063797,0.8559694290161133,0.0,0.0,0.0,0.0,0.0,0.31728777289390564,0.0,0.0,0.0,0.0,0.0,1.0966261625289917,0.0,1.301893711090088,0.0,0.0,0.0,0.0,0.0,0.0,1.0067226886749268,0.0,1.943904995918274,0.0,0.0,0.0,0.0,1.1548570394515991,0.0,0.0,2.530926465988159,0.5789905190467834,0.0,0.1635548621416092,0.1357695460319519,0.0,0.0,0.40179964900016785,0.0,0.0,1.2491732835769653,0.03582538291811943,0.0,0.04384339973330498,1.1034895181655884,1.9552737474441528,0.0,0.0,0.021061411127448082,0.0,0.0,0.0,0.0,1.2040766477584839,0.0,0.0,0.3181486129760742,0.0,0.0,0.0,0.0,0.0,0.0,0.0,0.0,0.0,0.0,0.02060551568865776
136_S_1227,MCI,train,0.018463194370269775,1.4827724695205688,0.053584158420562744,0.08525984734296799,0.0,0.0,0.0,0.30815717577934265,0.45916691422462463,0.07218626141548157,0.0,0.0,0.0,0.0,1.299193263053894,0.24430333077907562,0.0,0.0,0.008746386505663395,0.0,0.056943271309137344,0.0,1.2796165943145752,0.0,0.0,0.0,0.0,0.4385906159877777,0.04672006145119667,0.0,0.869485080242157,0.007067019119858742,0.0,0.0,0.0,0.0,0.0,0.2776220738887787,0.7740275263786316,0.0,0.0,0.0,0.0,0.0,0.0,0.0,1.364101529121399,0.0,0.0,0.0,0.0,0.08399289846420288,0.0,0.0,0.07786271721124649,0.1208895742893219,0.0,0.0,0.3613494336605072,1.0020095109939575,0.0,0.0,0.0,0.0,0.058348122984170914,0.0,0.0,0.11681226640939713,1.5663509368896484,0.0,0.0,0.0,0.0,0.0,0.0,0.04001690819859505,0.0,0.5042292475700378,0.006002126727253199,0.11623740196228027,0.0,0.8501234650611877,0.0,0.0,0.0,0.02559337206184864,0.0,0.0,0.6055296063423157,0.0,0.1040177047252655,0.19949239492416382,0.0,0.2656587064266205,0.0,0.0,0.0,0.0,0.0,0.0,0.0836629569530487,0.0,0.0,0.0,0.0,0.0,0.0,0.04076428338885307,0.28183165192604065,0.09290441870689392,0.0,0.0,0.0,0.0,0.033441025763750076,0.0,0.0002442921104375273,0.0,0.1968652456998825,0.3441820442676544,0.026929276064038277,0.0,0.7884445786476135,0.0,0.0,0.025157921016216278,0.0,0.0,0.0,1.5218018234008923e-05,0.0,0.0,0.0,0.04522986710071564,0.0,0.0,0.0,0.0,0.0,0.0,0.0,0.0,0.0,0.31738555431365967,0.0,0.24719001352787018,2.7502266675583087e-05,0.0,0.12897038459777832,0.0,0.0,0.0,0.09168073534965515,0.0,0.0,0.2143039107322693,0.0,0.0,0.0,0.019384074956178665,0.0,0.0,0.0,0.14480379223823547,0.0,0.0,0.0,0.0,0.0,0.05093090608716011,0.0,0.0,0.0,0.0,0.6975221037864685,0.25671061873435974,0.01574375294148922,0.0,0.0,0.004723581951111555,0.0,0.0,0.0,0.025903908535838127,0.0,0.10359662771224976,0.05502767488360405,0.02213991992175579,0.0,0.0,0.0,0.0,0.0,0.6136440634727478,0.0,0.0,0.0,0.0,0.0,0.8697382807731628,0.0,0.04825429618358612,0.0,0.0,0.0,0.0,0.0,0.0,0.039905715733766556,0.0,1.0502090454101562,0.0,0.0,0.0,0.0,0.791247546672821,0.0,0.0,1.286615252494812,0.0,0.0,0.0,0.004460982512682676,0.0,0.0,0.2793535888195038,0.0030804749112576246,0.0,0.09001453965902328,0.03684069588780403,0.0,0.0,0.6320610642433167,1.22626531124115,0.002597894286736846,0.0,0.0,0.0,0.0,0.0,0.0,0.6766483783721924,0.0,0.0,0.23419661819934845,0.0,0.0,0.0,0.0,0.0,0.0,0.0,0.0,0.0,0.0,0.08103306591510773
013_S_1276,CN,train,0.30034926533699036,1.7267178297042847,0.5061711072921753,0.5056238174438477,0.0,0.0,0.0,0.649838387966156,0.41065549850463867,0.5132244229316711,0.00561936991289258,0.0,0.0,0.0,1.5413036346435547,0.4366738498210907,0.02334163896739483,0.0,0.1718413233757019,0.0,0.5296828150749207,0.0,1.5062761306762695,0.0,0.0,0.0,0.0,0.8311854004859924,0.5787720680236816,0.30420976877212524,0.8329221606254578,0.01990508660674095,0.0,0.0,0.0,0.0,0.0,0.6841403841972351,0.8698828816413879,0.0,0.0,0.0,0.027825964614748955,0.0,0.0,0.0,1.6876243352890015,0.0,0.0,0.012923140078783035,0.0,0.49815940856933594,0.0,0.0,0.5417076349258423,0.6133643388748169,0.0,0.0,0.46834471821784973,1.203588843345642,0.09988564997911453,0.0,0.0,0.0,0.824826717376709,0.0,0.0,0.18124713003635406,1.754886269569397,0.01412700954824686,0.0,0.0,0.0,0.0,0.0,0.057100873440504074,0.0,0.5931612849235535,0.0,0.5576358437538147,0.0,0.9493911266326904,0.0,0.003202826948836446,0.0,0.3586139678955078,0.0,0.0,0.7536036372184753,0.0,0.5253890156745911,0.2246433049440384,0.0,0.5026050209999084,0.0,0.0,0.0,0.6488859057426453,0.0,0.0,0.6614862084388733,0.0490671843290329,0.0,0.0,0.0,0.0,0.0,0.3540295362472534,0.4484539330005646,0.8485494256019592,0.0,0.0,0.0,0.0,0.36540067195892334,0.0,0.009985625743865967,0.0,0.7695233225822449,0.7073927521705627,0.1762440949678421,0.0,0.7748703360557556,0.0,0.0,0.5907580256462097,0.0,0.0,0.0,0.28030532598495483,0.0,0.0,0.0,0.47488805651664734,0.0,0.0,0.0,0.0,0.0008496948867104948,0.0,0.0,0.0,0.0,0.28929993510246277,0.0,0.6320787072181702,0.0,0.0,0.7722495198249817,0.0,0.0,0.0,0.22162137925624847,0.0,0.0,0.11515746265649796,0.0,0.0,0.0,0.21391969919204712,0.0,0.0,0.0,0.6529582142829895,0.0,0.0,0.2930212914943695,0.35480034351348877,0.0,0.1819433569908142,0.0,0.0,0.7105070948600769,0.0,0.7622416019439697,0.7628986239433289,0.08847863227128983,0.0,0.0,0.16306546330451965,0.0,0.0,0.15979300439357758,0.5147536396980286,0.0,0.7535739541053772,0.39603444933891296,0.37666723132133484,0.0,0.0,0.0,0.0,0.0,0.39910462498664856,0.0,0.0,0.0,0.0,0.0,0.9571149945259094,0.0,0.5402511358261108,0.0,0.0,0.0,0.0,0.0,0.0,0.4805709421634674,0.0,1.2268720865249634,0.0,0.0,0.0,0.0,0.8830253481864929,0.0,0.0,1.7320197820663452,0.32728829979896545,0.0,0.029540471732616425,0.14030858874320984,0.0,0.0,0.3804914057254791,0.0978628471493721,0.0,0.6305055618286133,0.10182265192270279,0.0,0.0,0.7953874468803406,1.581682562828064,0.0,0.0,0.0,0.0,0.0,0.0,0.0,0.9135157465934753,0.0,0.0,0.27652230858802795,0.0,0.0,0.0,0.0,0.0,0.0,0.0,0.0,0.0,0.0,0.5683687329292297
136_S_0426,AD,train,0.12365255504846573,3.09087872505188,0.6455771923065186,0.7170417308807373,0.0,0.0,0.0,0.4644385874271393,0.31318891048431396,0.2506106197834015,0.0,0.0,0.0,0.0,2.3129923343658447,0.3686540126800537,0.0,0.0,0.11477812379598618,0.0,0.556321918964386,0.0,2.563202142715454,0.0,0.0,0.0,0.0,1.569270133972168,0.7967937588691711,0.5858616232872009,1.293866753578186,0.048205118626356125,0.0,0.0,0.0,0.0,0.0,1.344964623451233,1.2504472732543945,0.0,0.0,0.0,0.03018721006810665,0.0,0.0,0.0,2.713923215866089,0.0,0.0,0.08333715796470642,0.0,0.2954045832157135,0.0,0.0,0.33022475242614746,0.34791529178619385,0.0,0.0,0.32452109456062317,2.1758615970611572,0.07306883484125137,0.0,0.0,0.0,0.9530367851257324,0.0,0.0,0.16341464221477509,2.8814687728881836,0.0,0.0,0.0,0.0,0.0,0.0,0.2222316414117813,0.0,0.6771771907806396,0.011644716374576092,0.3176254332065582,0.0,1.6448230743408203,0.0,0.0,0.0,0.4822787344455719,0.0,0.0,1.3440648317337036,0.0,0.26911771297454834,0.010007803328335285,0.0,0.3631206452846527,0.0,0.0,0.0,1.2766767740249634,0.0,0.0,0.8113351464271545,0.002616562880575657,0.0,0.0,0.0,0.0,0.0,0.3501349985599518,0.9341573119163513,1.0030133724212646,0.0,0.0,0.0,0.0,0.1801883429288864,0.0,0.012650673277676105,0.0,0.4423597753047943,0.47353920340538025,0.20491719245910645,0.0,1.3030592203140259,0.0,0.0,0.6428337693214417,0.0,0.0,0.0,0.3960629403591156,0.0,0.0,0.0,0.5897679328918457,0.0,0.0,0.0,0.0,0.0,0.0,0.0,0.0,0.0,0.18241579830646515,0.0,0.3248012363910675,0.015255020000040531,0.0,0.5949257016181946,0.0,0.00021955411648377776,0.0,0.16796331107616425,0.0,0.0,0.06825197488069534,0.0,0.0,0.0,0.10219806432723999,0.0,0.0,0.0,0.9133413434028625,0.0,0.0,0.8266415596008301,0.7718356251716614,0.0,0.11607346683740616,0.0,0.0,0.30936241149902344,0.0,0.9413315653800964,0.5888662338256836,0.27684512734413147,0.0,0.0,0.06098373606801033,0.0,0.0,0.42399862408638,0.589177668094635,0.0,0.9846078753471375,0.2481098622083664,0.33891090750694275,0.0,0.0,0.0,0.0035775722935795784,0.0,0.46054187417030334,0.0,0.0,0.0,0.0,0.0,1.429033875465393,0.0,0.6783048510551453,0.0,0.0,0.0,0.0,0.0,0.0,0.6912074089050293,0.0,2.171903371810913,0.0,0.0,0.0,0.0,1.5802890062332153,0.0,0.0,2.8839943408966064,0.41050171852111816,0.0,0.0,0.0685313269495964,0.0,0.0,0.5984310507774353,0.0720372423529625,0.0,0.6561815142631531,0.08670902252197266,0.0,0.009358079172670841,1.3942807912826538,2.7087056636810303,0.0,0.0,0.0,0.0,0.0,0.0,0.0,1.5762847661972046,0.0,0.0,0.5112327337265015,0.0,0.0,0.0,0.0,0.0,0.0,0.0,0.0,0.0,0.0,0.24408431351184845
033_S_1098,CN,train,0.2029024213552475,1.2835907936096191,0.20173431932926178,0.1550755649805069,0.0,0.0,0.0,0.6485525965690613,0.4189167320728302,0.4044593870639801,0.0,0.0,0.0,0.0,1.2595847845077515,0.15868647396564484,0.0,0.0,0.07287357747554779,0.0,0.1711699217557907,0.0,1.1588751077651978,0.0,0.0,0.0,0.0,0.5968577861785889,0.19393332302570343,0.06493636220693588,0.6813036799430847,0.01773102767765522,0.0,0.0,0.0,0.0,0.0,0.35847726464271545,0.8270377516746521,0.0,0.0,0.0,0.0,0.0,0.0,0.008700475096702576,1.325310230255127,0.0,0.0,0.0028050767723470926,0.0,0.3912101984024048,0.0,0.0,0.39893612265586853,0.37210550904273987,0.0,0.0,0.5190571546554565,0.8695316910743713,0.06717054545879364,0.0,0.0,0.0,0.2840055525302887,0.0,0.0,0.12459198385477066,1.479369044303894,0.0,0.0,0.0,0.0,0.0,0.0,0.023611009120941162,0.0,0.5997579097747803,0.0003108336532022804,0.4005124568939209,0.0,0.6381597518920898,0.0,0.0,0.0,0.13432534039020538,0.0,0.0,0.44465282559394836,0.0,0.389361172914505,0.13184161484241486,0.0,0.45878878235816956,0.0,0.0,0.0,0.16564704477787018,0.0,0.0,0.21801011264324188,0.004038054030388594,0.0026738112792372704,0.0,0.0,0.0,0.0,0.12755779922008514,0.2061895877122879,0.2767772972583771,0.0,0.0,0.0,0.0,0.23322689533233643,0.0,0.04875374212861061,0.0,0.4948827922344208,0.5972791314125061,0.14816944301128387,0.0,0.5625479221343994,0.0,0.0,0.20392833650112152,0.0,0.0,0.0,0.0726667270064354,0.0,0.0,0.0,0.18160207569599152,0.0,0.0,0.0,0.0,0.01458364725112915,0.0,0.0,0.0,0.0,0.3305027186870575,0.0,0.4981114864349365,0.009975037537515163,0.0,0.27029386162757874,0.0,0.10380702465772629,0.0,0.06687743216753006,0.0,0.0,0.1671466827392578,0.0,0.0,0.0,0.10257819294929504,0.0,0.0,0.0,0.2238316684961319,0.0,0.0,0.11784280091524124,0.046212587505578995,0.0,0.10030373930931091,0.0,0.0,0.2604471743106842,0.0,0.5981325507164001,0.5649988651275635,0.07103971391916275,0.0,0.0,0.08715199679136276,0.0,0.0,0.02779293805360794,0.189510777592659,0.0,0.23812133073806763,0.2531399428844452,0.12381157279014587,0.0,0.0,0.0,0.0,0.0,0.5612353682518005,0.0,0.0,0.0,0.0,0.0,0.7843296527862549,0.0,0.170296773314476,0.0,0.0,0.0,0.0,0.0,0.0,0.16001860797405243,0.0,0.8880583643913269,0.0,0.0,0.0,0.0,0.8213870525360107,0.0,0.0,1.212985634803772,0.1174684464931488,0.0,0.00806625746190548,0.07280121743679047,0.0,0.0,0.21077114343643188,0.024811720475554466,0.0,0.2360868602991104,0.14599107205867767,0.0,0.0,0.48369714617729187,1.251240849494934,0.0,0.0,0.0,0.0,0.0,0.0,0.0,0.6743447184562683,0.0,0.0,0.12707658112049103,0.0,0.0,0.0,0.0,0.0,0.0,0.0,0.0,0.0,0.0,0.2952252924442291
033_S_0920,CN,train,0.05603015422821045,2.729900360107422,1.2669070959091187,1.165947675704956,0.0,0.0,0.0,0.18932031095027924,0.22438670694828033,0.11594944447278976,0.0,0.0,0.0,0.0,2.339421510696411,1.0724667310714722,0.0052386620081961155,0.0,0.4773618280887604,0.0,1.182169795036316,0.0,2.2550699710845947,0.0,0.0,0.0,0.0,1.185921311378479,1.3627794981002808,0.4747709333896637,1.082979440689087,0.0,0.0,0.0,0.0,0.0,0.0,1.2392491102218628,0.8474621772766113,0.0,0.0,0.0,0.0,0.0,0.0,0.0,2.0132765769958496,0.0,0.0,0.0,0.0,0.10719630122184753,0.0,0.0,0.08576696366071701,0.08595023304224014,0.0,0.0,0.27247411012649536,1.9578981399536133,0.009302821941673756,0.0,0.0,0.0,1.9162883758544922,0.0,0.0,0.011162922717630863,1.8982677459716797,0.01297821570187807,0.0,0.0,0.0,0.0,0.0,0.0,0.0,0.5473150610923767,0.0013680909760296345,0.1596677303314209,0.0,1.4136971235275269,0.0,0.0,0.0,0.9046152234077454,0.0,0.0,1.6508151292800903,0.0,0.10262241959571838,0.74959796667099,0.0,0.16703422367572784,0.0,0.0,0.0,1.224520206451416,0.0,0.0,1.5349229574203491,0.0,0.005387738812714815,0.0,0.0,0.0,0.0,0.9330797791481018,0.8528829216957092,2.033369302749634,0.0,0.0,0.0,0.0,0.05864931643009186,0.0,0.04900869354605675,0.0,0.07764779776334763,0.19371867179870605,0.04698899760842323,0.0,1.4847865104675293,0.0,0.0,1.3560770750045776,0.0,0.0,0.0,0.531705915927887,0.0,0.0,0.0,1.207924485206604,0.0,0.0,0.0,0.0,0.10463210195302963,0.0,0.0,0.0,0.0,0.18737100064754486,0.0,0.1096210852265358,0.0,0.0,1.8843294382095337,0.0,0.07845451682806015,0.0,0.5613721013069153,0.0,0.0,0.07835119217634201,0.0,0.0,0.0,0.6165881752967834,0.0,0.0,0.0,1.5834978818893433,0.0,0.0,0.62618488073349,0.38186922669410706,0.0,0.015075352042913437,0.013915356248617172,0.0,0.013443888165056705,0.0,1.4135242700576782,0.13671906292438507,0.0,0.0,0.0,0.02418174035847187,0.0,0.0,0.2674240171909332,1.3279986381530762,0.0,1.6455446481704712,0.07373169809579849,0.8709130883216858,0.0,0.0,0.0,0.0,0.0,0.6380378603935242,0.0,0.0,0.0,0.0,0.0,0.9636080265045166,0.0,1.150351881980896,0.0,0.0,0.0,0.0,0.0,0.0,1.0435744524002075,0.0,2.0313713550567627,0.0,0.0,0.0,0.0,0.5998802781105042,0.0,0.0,2.94189453125,0.8198707103729248,0.0,0.005000678356736898,0.3822188377380371,0.0,0.0,0.8197762370109558,0.0,0.0,1.526283621788025,0.05150715634226799,0.0,0.0,1.125740885734558,1.4953802824020386,0.015286496840417385,0.0,0.0,0.0,0.0,0.0,0.0,1.1578434705734253,0.0,0.0,0.33490458130836487,0.0,0.0,0.0,0.0,0.0,0.0,0.0,0.0,0.0,0.0,0.05583332106471062
023_S_0963,CN,train,1.1758896112442017,1.9383503198623657,0.0,0.0,0.0,0.0,0.0,2.910618782043457,1.494470238685608,2.216501235961914,0.0,0.0,0.0,0.0,2.1796140670776367,0.0,0.0,0.0,0.0,0.0,0.0,0.0,1.7609525918960571,0.0,0.0,0.0,0.0,0.7811676859855652,0.0,0.0,1.3915319442749023,0.08653745800256729,0.0,0.0,0.0,0.0,0.0,0.6285768151283264,2.0707366466522217,0.0,0.0,0.0,0.19965167343616486,0.0,0.0,0.0,2.858530282974243,0.0,0.0,0.0,0.0,2.1241953372955322,0.0,0.0,2.24859881401062,2.318976879119873,0.0,0.0,1.8811508417129517,1.2601914405822754,0.4750473201274872,0.0,0.0,0.0,0.0,0.0,0.0,0.8589181303977966,3.2069756984710693,0.0,0.0,0.0,0.0,0.0,0.0,0.03651992604136467,0.0,1.4600120782852173,0.0,1.9176534414291382,0.0,0.5774864554405212,0.0,0.0005961984279565513,0.0,0.0,0.0,0.0,0.00012565756333060563,0.0,2.0313262939453125,0.0,0.0,2.007739305496216,0.0,0.0,0.0,0.0,0.0,0.0,0.0,0.03274895250797272,0.003070164704695344,0.0,0.0,0.0,0.0,0.0,0.012082579545676708,0.0,0.0,0.0,0.0,0.0,1.611315131187439,0.0,0.009569905698299408,0.0,2.942837953567505,2.5000193119049072,0.9841088652610779,0.0,0.3315409719944,0.0,0.0,0.0,0.0,0.0,0.0,0.0,0.0,0.0,0.0,0.0,0.0,0.0,0.0,0.0,0.0,0.0,0.0,0.0,0.0,0.6721693873405457,0.0,1.9203234910964966,0.025979263707995415,0.0,0.0,0.0,0.08255612850189209,0.0,0.0,0.0,0.0,0.25826725363731384,0.0,0.0,0.0,0.0,0.0,0.0,0.0,0.0,0.0,0.0,0.0447184294462204,0.0,0.0,0.8399064540863037,0.0,0.0,2.8189966678619385,0.0,0.9233691096305847,2.9507436752319336,0.0,0.0,0.0,0.6210506558418274,0.0,0.0,0.0,0.0,0.0,0.0,1.627869725227356,0.0,0.0,0.0,0.0,0.0,0.0,1.5301073789596558,0.0,0.0,0.0,0.0,0.0,1.554743766784668,0.0,0.0,0.0,0.0,0.0,0.0,0.0,0.0,0.0,0.0,1.1468027830123901,0.0,0.0,0.0,0.0,1.6867676973342896,0.0,0.0,1.826116919517517,0.0,0.0,0.0,0.0,0.0,0.0,0.2687017023563385,0.6133899092674255,0.0,0.0,0.4819493293762207,0.0,0.0,0.5464709997177124,2.5098392963409424,0.0,0.0,0.0,0.005756303668022156,0.0,0.0,0.0,1.4985419511795044,0.0,0.0,0.4372599422931671,0.0,0.0,0.0,0.0,0.0,0.0,0.0,0.0,0.0,0.0,2.1736133098602295
018_S_0335,AD,train,0.0414651557803154,2.4366939067840576,0.6596094369888306,0.8260059952735901,0.0,0.0,0.0,0.17789912223815918,0.17009378969669342,0.06038445234298706,0.0,0.0,0.0,0.0,1.7763047218322754,0.6365180611610413,0.0,0.0,0.16277310252189636,0.0,0.7300117611885071,0.0,1.9670881032943726,0.0,0.0,0.0,0.0,1.0116819143295288,0.85813307762146,0.5271230340003967,1.0376009941101074,0.026053236797451973,0.0,0.0,0.0,0.0,0.0,1.0877221822738647,0.6813526153564453,0.0,0.0,0.0,0.03612123802304268,0.0,0.0,0.0,1.9346799850463867,0.0,0.0,0.0,0.0,0.08170975744724274,0.0,0.0,0.11210454255342484,0.12188044935464859,0.0,0.0,0.14054863154888153,1.6933156251907349,0.01611335761845112,0.0,0.0,0.0,1.1130505800247192,0.0,0.0,0.08699340373277664,1.9461005926132202,0.0,0.0,0.0,0.0,0.0,0.0,0.029705869033932686,0.0,0.5415269732475281,0.0,0.11625495553016663,0.0,1.4636503458023071,0.0,0.0,0.0,0.45281994342803955,0.0,0.0,1.2811862230300903,0.0,0.11422897130250931,0.24765069782733917,0.0,0.14869533479213715,0.0,0.0,0.0,1.1848140954971313,0.0,0.0,0.9153823852539062,0.0006394435768015683,0.0,0.0,0.0,0.0,0.0,0.5307406783103943,0.7873373031616211,1.2440603971481323,0.0,0.0,0.0,0.0,0.06048588082194328,0.0,0.0,0.0,0.1613074094057083,0.20393162965774536,0.05742673948407173,0.0,1.2064403295516968,0.0,0.0,0.7608056664466858,0.0,0.0,0.0,0.5133094191551208,0.0,0.0,0.0,0.701831579208374,0.0,0.0,0.0,0.0,0.0,0.0,0.0,0.0,0.0,0.10392554849386215,0.0,0.13451190292835236,0.018105188384652138,0.0,0.9532463550567627,0.0,0.0,0.0,0.4623202979564667,0.0,0.0,0.06570138782262802,0.0,0.0,0.0,0.20974011719226837,0.0,0.0,0.0,1.0437489748001099,0.0,0.0,0.4855838716030121,0.8040109276771545,0.0,0.036955613642930984,0.0,0.0,0.09646349400281906,0.0,0.8560810089111328,0.18759919703006744,0.0,0.0,0.0,0.03003079444169998,0.0,0.0,0.3374446630477905,0.6880199313163757,0.0,1.0604842901229858,0.08200430870056152,0.5228398442268372,0.0,0.0,0.0,0.006609091069549322,0.0,0.2878589630126953,0.0,0.0,0.0,0.0,0.0,1.0294078588485718,0.0,0.8444626927375793,0.0,0.0,0.0,0.0,0.0,0.0,0.696056067943573,0.0,1.6743947267532349,0.0,0.0,0.0,0.0,0.8700227737426758,0.0,0.0,2.29902720451355,0.45646724104881287,0.0,0.07572247087955475,0.15378008782863617,0.0,0.0,0.6598648428916931,0.018845820799469948,0.0,0.878342866897583,0.03969505801796913,0.0,0.009894614107906818,1.1336638927459717,1.7268919944763184,0.0,0.0,0.008501057513058186,0.0,0.0,0.0,0.0,1.1508435010910034,0.0,0.0,0.469134658575058,0.0,0.0,0.0,0.0,0.0,0.0,0.0,0.0,0.0,0.0,0.08896367996931076
023_S_0078,MCI,validation,1.2874019145965576,2.1375701427459717,0.0,0.0,0.0,0.0,0.0,3.274752616882324,1.591934323310852,2.5290400981903076,0.0,0.0,0.0,0.0,2.489001512527466,0.0,0.0,0.0,0.0,0.0,0.0,0.0,1.946826457977295,0.0,0.0,0.0,0.0,0.9924605488777161,0.0,0.0,1.651645541191101,0.15431611239910126,0.0,0.0,0.0,0.0,0.0,0.5976043343544006,2.234713315963745,0.0,0.0,0.0,0.24114984273910522,0.0,0.0,0.0,3.1177587509155273,0.0,0.0,0.0,0.0,2.4445011615753174,0.0,0.0,2.60874605178833,2.7346363067626953,0.0,0.0,2.0676968097686768,1.4357436895370483,0.5678201913833618,0.0,0.0,0.0,0.0,0.0,0.0,1.0361217260360718,3.5985677242279053,0.0,0.0,0.0,0.0,0.0,0.0,0.051318660378456116,0.0,1.816393256187439,0.0,2.419466733932495,0.0,0.7824277281761169,0.0,0.0003062748000957072,0.0,0.0,0.0,0.0,0.0,0.0,2.3920669555664062,0.0,0.0,2.2384722232818604,0.0,0.0,0.0,0.0,0.0,0.0,0.0,0.011624186299741268,0.0,0.006119800731539726,0.0,0.0,0.0,0.0,0.018778860569000244,0.0,0.0,0.0,0.0,0.0,1.7435574531555176,0.0,0.0,0.0,3.5354301929473877,2.9826676845550537,1.0479220151901245,0.0,0.43329253792762756,0.0,0.0,0.0,0.0,0.0,0.0,0.0,0.0,0.0,0.0,0.0,0.0,0.0,0.0,0.0,0.0,0.0,0.0,0.0,0.0,0.791698694229126,0.0,2.3656272888183594,0.04437260702252388,0.0,0.0,0.0,0.011208527721464634,0.0,0.0,0.0,0.0,0.2595553696155548,0.0,0.0,0.0,0.0,0.0,0.0,0.0,0.0,0.0,0.0,0.04966338351368904,0.0,0.0,0.9557393193244934,0.0,0.0,3.3426992893218994,0.0,0.8849387168884277,3.4794416427612305,0.019943034276366234,0.0,0.0,0.7616167068481445,0.0,0.0,0.0,0.0,0.0,0.0,1.8169540166854858,0.0,0.0,0.0,0.0,0.0,0.0,1.5924760103225708,0.0,0.0,0.0,0.0,0.0,1.927566409111023,0.0,0.0,0.0,0.0,0.0,0.0,0.0,0.0,0.0,0.0,1.4280637502670288,0.0,0.0,0.0,0.0,1.9178286790847778,0.0,0.0,1.9356951713562012,0.0,0.0,0.0,0.0,0.0,0.0,0.29297688603401184,0.7138361930847168,0.0,0.0,0.6222991943359375,0.0,0.0,0.7183607220649719,2.854050397872925,0.0,0.0,0.0,0.0,0.0,0.0,0.0,1.6773724555969238,0.0,0.0,0.6817775368690491,0.0,0.0,0.0,0.0,0.0,0.0,0.0,0.0,0.0,0.0,2.5541272163391113
051_S_1131,MCI,validation,1.6102209091186523,2.478769302368164,0.0,0.0,0.0,0.0,0.0,4.052507400512695,1.9420557022094727,2.7725658416748047,0.0,0.0,0.0,0.008201261050999165,2.7618465423583984,0.0,0.0,0.0,0.0,0.0,0.0,0.0,2.206590414047241,0.0,0.0,0.0,0.0,1.2553701400756836,0.0,0.0,1.7026439905166626,0.30374500155448914,0.0,0.0,0.0,0.0,0.0,0.6502459049224854,2.5471761226654053,0.0,0.0,0.0,0.5719675421714783,0.0,0.0,0.0,3.5885040760040283,0.0,0.0,0.0,0.0,2.628931999206543,0.0,0.0,3.0708932876586914,2.7343480587005615,0.0,0.0797111764550209,2.140388011932373,1.6647168397903442,0.6445689797401428,0.0,0.0,0.0,0.0,0.0,0.0,1.224643349647522,4.0400919914245605,0.0,0.0,0.0,0.0,0.0,0.0,0.0,0.0,2.338566541671753,0.0,2.5833892822265625,0.0,0.6740928292274475,0.0,0.10046238452196121,0.0,0.0,0.0,0.0,0.013205297291278839,0.0,2.7151243686676025,0.0,0.0,2.4983084201812744,0.0,0.0,0.0,0.0,0.0,0.0,0.0,0.0,0.06462626904249191,0.24817728996276855,0.0,0.0,0.0,0.0,0.07515887171030045,0.0,0.0,0.0,0.0,0.0,2.1541178226470947,0.0,0.0,0.0,3.8643131256103516,3.2168214321136475,1.6743501424789429,0.0,0.4997744858264923,0.0,0.0,0.0,0.0,0.0,0.0,0.0,0.0,0.0,0.0,0.0,0.0,0.0,0.0,0.0,0.0,0.0,0.0,0.0,0.0,0.6428233981132507,0.0,2.603376626968384,0.03228820487856865,0.0,0.0,0.0,0.010523484088480473,0.0,0.0,0.0,0.0,0.4527452290058136,0.0,0.0,0.0,0.0,0.0,0.0,0.0,0.0,0.0,0.0,0.0,0.0,0.0,0.9424905776977539,0.0,0.011076364666223526,3.532581329345703,0.0,0.8639073967933655,3.8517773151397705,0.0,0.0,0.0,0.7759503722190857,0.0,0.0,0.0,0.0,0.0,0.0,1.9150813817977905,0.0,0.0,0.0,0.0,0.006463791709393263,0.0,1.7592684030532837,0.0,0.0,0.0,0.0,0.0,1.928165078163147,0.0,0.0,0.0,0.0,0.0,0.0,0.0,0.0,0.0,0.0,1.5275851488113403,0.0,0.0,0.0012004779418930411,0.0,2.2638919353485107,0.0,0.0,2.0533862113952637,0.0,0.0,0.0,0.0605977363884449,0.0,0.0,0.5509042143821716,0.8805977702140808,0.0,0.0,0.423408180475235,0.0,0.0,0.6320679187774658,3.1029975414276123,0.0,0.0,0.0,0.05155918374657631,0.0,0.0,0.0,1.6197105646133423,0.0,0.0,0.4957216680049896,0.0,0.0,0.0,0.0,0.0,0.0,0.0,0.0,0.0,0.0,2.852283239364624
130_S_1337,AD,validation,0.03566201403737068,2.830533027648926,0.577874481678009,0.8904332518577576,0.0,0.0,0.0,0.14462435245513916,0.22007952630519867,0.046505123376846313,0.0,0.0,0.0,0.0,2.1609046459198,0.7845174670219421,0.0,0.0,0.08528897911310196,0.0,0.6806800961494446,0.0,2.3515872955322266,0.0,0.0,0.0,0.0,1.0719923973083496,0.639843761920929,0.1280411332845688,1.2272857427597046,0.0,0.0,0.0,0.0,0.0,0.0,1.057355284690857,1.0589975118637085,0.0,0.0,0.0,0.0,0.0,0.0,0.0,2.3271563053131104,0.0,0.0,0.06820845603942871,0.0,0.03474772721529007,0.0,0.0,0.05116436257958412,0.053753647953271866,0.0,0.0,0.10602007061243057,1.9177383184432983,0.0,0.0,0.0,0.0,0.9454395174980164,0.0,0.0,0.03858524188399315,2.3050899505615234,0.0,0.0,0.0,0.0,0.0,0.0,0.11781305819749832,0.0,0.6239420175552368,0.0071228486485779285,0.038817889988422394,0.0,1.681151032447815,0.0,0.0,0.0,0.36482787132263184,0.0,0.0,1.572698712348938,0.0,0.04556933417916298,0.4227714538574219,0.0,0.09295064955949783,0.0,0.0,0.0,0.483172208070755,0.0,0.0,0.8801980018615723,0.0,0.0,0.0,0.0,0.0,0.0,0.5932459831237793,0.8334946632385254,1.070428729057312,0.0,0.0,0.0,0.0,0.031392935663461685,0.0,0.0,0.0,0.08157606422901154,0.12197914719581604,0.026041440665721893,0.0,1.6269418001174927,0.0,0.0,0.495248943567276,0.0,0.0,0.0,0.3229539692401886,0.0,0.0,0.0,0.5806105136871338,0.0,0.0,0.0,0.0,0.0,0.0,0.0,0.0,0.0,0.08583259582519531,0.0,0.08299364894628525,0.0,0.0,1.017884373664856,0.0,0.0,0.0,0.4181852638721466,0.0,0.0,0.06723641604185104,0.0,0.0,0.0,0.21766066551208496,0.0,0.0,0.0,1.066788673400879,0.0,0.0,0.23488330841064453,0.25127679109573364,0.0,0.029913293197751045,0.0,0.0,0.0,0.0,1.2930458784103394,0.10256744176149368,0.17747031152248383,0.0,0.0,0.0,0.0,0.0,0.1681445986032486,0.4924493730068207,0.0,0.8903201222419739,0.037365030497312546,0.4344559609889984,0.0,0.0,0.0,0.0,0.0,0.5340732932090759,0.0,0.0,0.0,0.0,0.0,1.2630869150161743,0.0,0.7176550030708313,0.0,0.0,0.0,0.0,0.0,0.0,0.4533376693725586,0.0,2.024132251739502,0.0,0.0,0.0,0.0,1.0866297483444214,0.0,0.0,2.5833404064178467,0.11924654245376587,0.0,0.0,0.10870657116174698,0.0,0.0,0.5901782512664795,0.0,0.0,0.8458075523376465,0.021831298246979713,0.0,0.0,1.2259567975997925,1.9978718757629395,0.006986625958234072,0.0,0.0,0.0,0.0,0.0,0.0,1.276398777961731,0.0,0.0,0.3768978416919708,0.0,0.0,0.0,0.0,0.0,0.0,0.0,0.0,0.0,0.0,0.04017140716314316
031_S_0830,MCI,validation,0.6369150280952454,1.1617724895477295,0.0,0.0,0.0,0.0,0.0,1.9227184057235718,0.8612394332885742,1.26548433303833,0.0,0.0,0.0,0.0,1.4473072290420532,0.0,0.0,0.0,0.0,0.0,0.0,0.0,1.1334902048110962,0.017245328053832054,0.0,0.0,0.0,0.584462583065033,0.0,0.0,0.8555067181587219,0.09789901971817017,0.0,0.0,0.0,0.0,0.0,0.4263027012348175,1.2506766319274902,0.0,0.0,0.0,0.21742917597293854,0.0,0.0,0.0,1.8299823999404907,0.0,0.0,0.0,0.0,1.3452688455581665,0.0,0.0,1.4843215942382812,1.3167012929916382,0.0,0.0,1.1740155220031738,0.8974528908729553,0.30030131340026855,0.0,0.0,0.0,0.0,0.0,0.0,0.6632866859436035,2.0384953022003174,0.0,0.0,0.0,0.0,0.0,0.0,0.025036586448550224,0.0,1.078721523284912,0.0,1.2256356477737427,0.0,0.3604263365268707,0.0,0.0222416203469038,0.0,0.0,0.0,0.0,0.0,0.0,1.311557650566101,0.023306099697947502,0.0,1.286814570426941,0.0,0.0,0.0,0.0,0.0,0.0,0.0,0.006802782416343689,0.08074051886796951,0.03594000265002251,0.0,0.0,0.0,0.0,0.0,0.0,0.0,0.0,0.0,0.0,1.0534290075302124,0.0,0.019154241308569908,0.0,1.7974220514297485,1.5345438718795776,0.7324468493461609,0.0,0.2225666046142578,0.0,0.0,0.0,0.0,0.0,0.0,0.0,0.0,0.0,0.0,0.0,0.0,0.0,0.0,0.0,0.0,0.0,0.0,0.0,0.0,0.3379113972187042,0.0,1.1654634475708008,0.021408865228295326,0.013487725518643856,0.0,0.0,0.02709767408668995,0.0,0.0,0.0,0.0,0.22441823780536652,0.0,0.0,0.0,0.0,0.0,0.0,0.0,0.0,0.0,0.0,0.09542848914861679,0.0,0.0,0.46922215819358826,0.0,0.0,1.7299765348434448,0.0,0.534839391708374,1.8844003677368164,0.0,0.0,0.0,0.39264440536499023,0.0,0.0,0.0,0.0,0.0,0.0,0.964191734790802,0.0,0.0,0.0,0.0,0.02925877273082733,0.0,1.0244537591934204,0.0,0.0,0.0,0.0,0.0,1.0156153440475464,0.0,0.0,0.0,0.0,8.828731552057434e-06,0.0,0.0,0.0,0.0,0.0,0.8265042304992676,0.0,0.0,0.0,0.0,1.118350863456726,0.0,0.0,1.2968655824661255,0.0,0.0,0.0,0.0,0.0,0.0,0.18450665473937988,0.3841140568256378,0.0,0.0,0.29191556572914124,0.0,0.0,0.24983476102352142,1.6126174926757812,0.0,0.0,0.0,0.0,0.0,0.0,0.0,0.8841498494148254,0.0,0.0,0.37649407982826233,0.0,0.0,0.0,0.0,0.0,0.0,0.0,0.0,0.0,0.0,1.2794150114059448
116_S_0752,MCI,validation,0.7774447798728943,2.1281421184539795,0.3072911202907562,0.32779327034950256,0.0,0.0,0.0,1.8759957551956177,1.0131667852401733,1.221129059791565,0.012416050769388676,0.0,0.0,0.0,1.9018940925598145,0.257237046957016,0.0,0.0,0.10400443524122238,0.0,0.36979278922080994,0.0,1.8797372579574585,0.0,0.0,0.0,0.0,0.8068510890007019,0.40346595644950867,0.2250249981880188,1.260486125946045,0.16823868453502655,0.0,0.0,0.0,0.0,0.0,0.7154616713523865,1.4376431703567505,0.0,0.0,0.0,0.07458185404539108,0.0,0.0,0.0,2.489534378051758,0.0,0.0,0.0009738085209392011,0.0,1.249215006828308,0.0,0.0,1.3606327772140503,1.46733820438385,0.0,0.0,1.4636722803115845,1.4495097398757935,0.20740073919296265,0.0,0.0,0.0,0.5367726683616638,0.0,0.0,0.4313483238220215,2.683844566345215,0.0,0.0,0.0,0.0,0.0,0.0,0.2011861801147461,0.0,0.9735541343688965,0.024294361472129822,1.3667426109313965,0.0,0.8925115466117859,0.0,0.032728806138038635,0.0,0.22981221973896027,0.0,9.827005123952404e-05,0.4332490861415863,0.0,1.2774463891983032,0.17041230201721191,0.0,1.311557650566101,0.0,0.0,0.0,0.49171459674835205,0.0,0.0,0.4148050546646118,0.003101585665717721,0.032870713621377945,0.0,0.0,0.0,0.0,0.23260484635829926,0.2888360023498535,0.5422821640968323,0.0,0.0,0.0,0.0,0.9851120114326477,0.0,0.11050520092248917,0.0,1.6830967664718628,1.6744589805603027,0.46386751532554626,0.0,0.766480028629303,0.0,0.0,0.3917006254196167,0.0,0.0,0.0,0.21784938871860504,0.0,0.0,0.0,0.25734779238700867,0.0,0.0,0.0,0.0,0.0,0.0,0.0,0.0,0.0,0.7980478405952454,0.0,1.2894477844238281,0.1238396093249321,0.0,0.46126529574394226,0.0,0.09913580864667892,0.0,0.18374937772750854,0.0,0.0,0.2942675054073334,0.0,0.0,0.0,0.08105789870023727,0.0,0.0,0.0,0.4613654911518097,0.0,0.0,0.20231030881404877,0.30462756752967834,0.0,0.5720350742340088,0.016035445034503937,0.0,1.4859966039657593,0.0,0.8568337559700012,1.9186614751815796,0.0019066949607804418,0.0,0.0,0.4233553409576416,0.0,0.0,0.11184573173522949,0.30424001812934875,0.0,0.4917287826538086,1.17572021484375,0.28596872091293335,0.0,0.0,0.0,0.0077407280914485455,0.0,1.1941264867782593,0.0,0.0,0.0,0.0,0.0,1.2137504816055298,0.0,0.36348915100097656,0.0,0.0,0.0,0.0,0.0,0.0,0.32945212721824646,0.0,1.3221807479858398,0.0,0.0,0.0,0.0,1.5138970613479614,0.0,0.0,1.871541142463684,0.23955756425857544,0.0,0.018468869850039482,0.05071300268173218,0.0,0.0,0.23415088653564453,0.22453708946704865,0.0,0.38869377970695496,0.5063924193382263,0.0,0.0,0.6518191695213318,2.4018211364746094,0.0,0.0,0.0,0.0,0.0,0.0,0.0,1.3274701833724976,0.0,0.0,0.3594285547733307,0.0,0.0,0.0,0.0,0.0,0.0,0.0,0.0,0.0,0.0,1.147628903388977
082_S_0640,CN,validation,0.86356520652771,1.6999431848526,0.0,0.0,0.0,0.0,0.0,2.1616806983947754,1.1386934518814087,1.6242316961288452,0.0,0.0,0.0,0.0,1.828304648399353,0.0,0.0,0.0,0.0,0.0,0.0,0.012365936301648617,1.6458635330200195,0.0,0.0,0.0,0.0,0.7520580887794495,0.0,0.0,1.355757713317871,0.08745106309652328,0.0,0.0,0.0,0.0,0.0,0.5456751585006714,1.6696165800094604,0.0,0.0,0.0,0.09776551276445389,0.0,0.0,0.0,2.4637391567230225,0.0,0.0,0.0,0.0,1.641461968421936,0.0,0.0,1.683176040649414,1.7929264307022095,0.0,0.0,1.5772024393081665,1.1985304355621338,0.29881104826927185,0.0,0.0,0.0,0.0,0.0,0.0,0.5747659206390381,2.7640998363494873,0.0,0.0,0.0,0.0,0.0,0.0,0.17647992074489594,0.0,1.1558116674423218,0.0,1.642678141593933,0.0,0.630897045135498,0.0,0.0027595972642302513,0.0,0.0,0.0,0.0,0.042326197028160095,0.0,1.5817899703979492,0.0,0.0,1.5082635879516602,0.0,0.0,0.0,0.0,0.0,0.0,0.0,0.004249668680131435,0.0,0.0,0.0,0.0,0.0,0.0,0.03927219286561012,0.0,0.0,0.0,0.0,0.0,1.2261770963668823,0.0,0.0464351586997509,0.0,2.178309440612793,1.95023775100708,0.6009843945503235,0.0,0.48069000244140625,0.0,0.0,0.0,0.0,0.0,0.0,0.0,0.0,0.0,0.0,0.0,0.0,0.0,0.0,0.0,0.0,0.0,0.0,0.0,0.0,0.6786012053489685,0.0,1.5797958374023438,0.02858736552298069,0.0,0.0,0.0,0.14883236587047577,0.0,0.0,0.0,0.0,0.22699274122714996,0.0,0.0,0.0,0.0,0.0,0.0,0.0,0.0,0.0,0.0,0.10072717070579529,0.0,0.0,0.6172117590904236,0.0,0.0,2.0958080291748047,0.0,0.7554196715354919,2.2965505123138428,0.09339349716901779,0.0,0.0,0.5268868207931519,0.0,0.0,0.0,0.0,0.0,0.0,1.3140430450439453,0.0,0.0,0.0,0.0,0.004167032428085804,0.0,1.2772427797317505,0.0,0.0,0.0,0.0,0.0,1.2790607213974,0.0,0.0,0.0,0.0,0.0,0.0,0.0,0.0,0.0,0.0,1.1075165271759033,0.0,0.0,0.0,0.0,1.552425742149353,0.0,0.0,1.4729180335998535,0.0,0.0,0.0,0.0,0.0,0.0,0.1798589825630188,0.34429338574409485,0.0,0.0,0.43359705805778503,0.0,0.0,0.4700930118560791,2.4476816654205322,0.0,0.0,0.0,0.0,0.0,0.0,0.0,1.33662748336792,0.0,0.0,0.3550393283367157,0.0,0.0,0.0,0.0,0.0,0.0,0.0,0.0,0.0,0.0,1.52753484249115
130_S_0969,CN,validation,0.0830695629119873,2.2924728393554688,0.29053282737731934,0.4081520736217499,0.0,0.0,0.0,0.36620810627937317,0.4514653980731964,0.0827544704079628,0.0,0.0,0.0,0.0,1.8370078802108765,0.5986810922622681,0.0,0.0,0.09746602922677994,0.0,0.3708615303039551,0.0,1.805516242980957,0.0,0.0,0.0,0.0,0.7469258904457092,0.33711710572242737,0.018754785880446434,1.0695477724075317,0.029134154319763184,0.0,0.0,0.0,0.0,0.0,0.7019646167755127,0.9489608407020569,0.0,0.0,0.0,0.0,0.0,0.0,7.156313949963078e-05,1.892206072807312,0.0,0.0,0.027003780007362366,0.0,0.0661405548453331,0.0,0.0,0.0825888141989708,0.062368836253881454,0.0,0.0,0.4901736080646515,1.4558156728744507,0.0,0.0,0.0,0.0,0.49287736415863037,0.0,0.0,0.02743605524301529,2.038235902786255,0.0,0.0,0.0,0.0,0.0,0.0,0.08461389690637589,0.0,0.567034125328064,0.005570955574512482,0.14290757477283478,0.0,1.2271302938461304,0.0,0.0,0.0,0.24897609651088715,0.0,0.0,1.221929907798767,0.0,0.11376649886369705,0.4365212917327881,0.0,0.2469642609357834,0.0,0.0,0.0,0.16478610038757324,0.0,0.0,0.486066073179245,0.0,0.020694294944405556,0.0,0.0,0.0,0.0,0.3542880117893219,0.425485223531723,0.5503523945808411,0.0,0.0,0.0,0.0,0.07098618894815445,0.0,0.12943142652511597,0.0,0.05751744285225868,0.26093655824661255,0.01765412651002407,0.0,1.2556666135787964,0.0,0.0,0.31675004959106445,0.0,0.0,0.0,0.0904427096247673,0.0,0.0,0.0,0.382040411233902,0.0,0.0,0.0,0.0,0.0,0.0,0.0,0.0,0.0,0.3715825080871582,0.0,0.18540050089359283,0.03153909370303154,0.0,0.5258569121360779,0.0,0.09125211089849472,0.0,0.1934634894132614,0.0,0.0,0.2150440812110901,0.0,0.0,0.0,0.18047058582305908,0.0,0.0,0.0,0.6064978837966919,0.0,0.0,0.11104614287614822,0.09568753838539124,0.0,0.08576598018407822,0.038083747029304504,0.0,0.0,0.0,1.1034575700759888,0.15214259922504425,0.05226984620094299,0.0,0.0,0.03665836527943611,0.0,0.0,0.03683316707611084,0.314532607793808,0.0,0.4689406454563141,0.11563142389059067,0.24734389781951904,0.0,0.0,0.0,0.0021439536940306425,0.0,0.75699782371521,0.0,0.0,0.0,0.0,0.0,1.0622096061706543,0.0,0.37308087944984436,0.0,0.0,0.0,0.0,0.0,0.0,0.26437506079673767,0.0,1.5589423179626465,0.0,0.0,0.0,0.0,1.2005598545074463,0.0,0.0,2.0518789291381836,0.11486229300498962,0.0,0.0,0.06227127090096474,0.0,0.0,0.3468376696109772,0.0,0.0,0.48220324516296387,0.1315528154373169,0.0,0.0,0.7650092244148254,1.7803891897201538,0.0,0.0,0.0,0.0,0.0,0.0,0.0,0.9756857752799988,0.0,0.0,0.14852450788021088,0.0,0.0,0.0,0.0,0.0,0.0,0.0,0.0,0.0,0.0,0.04814104363322258
033_S_1086,CN,validation,0.18618811666965485,2.976665496826172,1.1911653280258179,1.1687361001968384,0.0,0.0,0.0,0.4566112756729126,0.342492014169693,0.3153447210788727,0.002310819225385785,0.0,0.0,0.0,2.5422728061676025,0.9898459315299988,0.0,0.0,0.4002145230770111,0.0,1.241965413093567,0.0,2.4623353481292725,0.0,0.0,0.0,0.0,1.4530242681503296,1.3874807357788086,0.6070307493209839,1.1975091695785522,0.03512386232614517,0.0,0.0,0.0,0.0,0.0,1.421915054321289,1.1490552425384521,0.0,0.0,0.0,0.0,0.0,0.0,0.0,2.4958760738372803,0.0,0.0,0.0,0.0,0.3159453570842743,0.0,0.0,0.34104952216148376,0.32730209827423096,0.0,0.0,0.3109149634838104,2.0672225952148438,0.050061021000146866,0.0,0.0,0.0,1.9406919479370117,0.0,0.0,0.1235412061214447,2.443444013595581,0.00852156337350607,0.0,0.0,0.0,0.0,0.0,0.05044703558087349,0.0,0.769962728023529,0.014854934066534042,0.34051230549812317,0.0,1.5987648963928223,0.0,0.0,0.0,0.8753204345703125,0.0,0.0,1.7261834144592285,0.0,0.30440521240234375,0.6445058584213257,0.0,0.33828940987586975,0.0,0.0,0.0,1.4901865720748901,0.0,0.0,1.500504493713379,0.0,0.0,0.0,0.0,0.0,0.0,0.9131760597229004,1.0491901636123657,1.98333740234375,0.0,0.0,0.0,0.0,0.21680283546447754,0.0,0.0,0.0,0.4455172121524811,0.4162590503692627,0.12194773554801941,0.0,1.5203756093978882,0.0,0.0,1.3596739768981934,0.0,0.0,0.0,0.6315422058105469,0.0,0.0,0.0,1.0861085653305054,0.0,0.0,0.0,0.0,0.04231572151184082,0.0,0.0,0.0,0.0,0.19357407093048096,0.0,0.37657734751701355,0.012779594399034977,0.0,1.7972618341445923,0.0,0.0017354123992845416,0.0,0.5741961598396301,0.0,0.0,0.07778307050466537,0.0,0.0,0.0,0.4500714838504791,0.0,0.0,0.0,1.6093111038208008,0.0,0.0,0.7268733978271484,0.759242832660675,0.0,0.11267616599798203,0.0,0.0,0.38144373893737793,0.0,1.357944130897522,0.4555617868900299,0.07997100800275803,0.0,0.0,0.08567865937948227,0.0,0.0,0.3839830160140991,1.2492228746414185,0.0,1.6709398031234741,0.2546346187591553,0.8905214667320251,0.0,0.0,0.0,0.0,0.0,0.5601329207420349,0.0,0.0,0.0,0.0,0.0,1.256642460823059,0.0,1.2596657276153564,0.0,0.0,0.0,0.0,0.0,0.0,1.0829390287399292,0.0,2.1952250003814697,0.0,0.0,0.0,0.0,1.0432367324829102,0.0,0.0,3.1955411434173584,0.7613465785980225,0.0,0.07562651485204697,0.2793000638484955,0.0,0.0,0.7078499794006348,0.030177632346749306,0.0,1.459492564201355,0.09182573109865189,0.0,0.02225356549024582,1.2476725578308105,2.0929782390594482,0.0,0.0,0.0004749374638777226,0.0,0.0,0.0,0.0,1.4846042394638062,0.0,0.0,0.4525379240512848,0.0,0.0,0.0,0.0,0.0,0.0,0.0,0.0,0.0,0.0,0.28081241250038147
133_S_1031,MCI,validation,0.0,3.1521968841552734,1.4347325563430786,1.362178921699524,0.0,0.0,0.0,0.0,0.07305355370044708,0.0,0.030126040801405907,0.0,0.0,0.0,2.509638547897339,1.2539514303207397,0.02292001247406006,0.0,0.4741373062133789,0.0,1.391809105873108,0.0,2.519620418548584,0.0,0.0,0.0,0.0,1.564035415649414,1.6712456941604614,0.7885438799858093,1.1318002939224243,0.0,0.0,0.0,0.0,0.0,0.0,1.5132465362548828,0.8146420121192932,0.0,0.0,0.0,0.0,0.0,0.0,0.0,2.2988386154174805,0.0,0.0,0.0,0.0,0.0,0.0,0.0,0.0,0.0,0.0,0.0,0.0,2.179241180419922,0.0,0.0,0.0,0.0,2.2152767181396484,0.0,0.0,0.013073080219328403,2.1142256259918213,0.0,0.0,0.0,0.0,0.0,0.0,0.022780664265155792,0.0,0.49721360206604004,0.014301259070634842,0.0,0.0,1.7621456384658813,0.0,0.0,0.0,1.0198978185653687,0.0,0.0,1.9966049194335938,0.0,0.0,0.6692385673522949,0.0,0.0,0.0,0.0,0.0,1.7008689641952515,0.0,0.0,1.7935796976089478,0.0,0.0,0.0,0.0,0.0,0.0,1.0598965883255005,1.0352245569229126,2.2562100887298584,0.0,0.0,0.0,0.0,0.0,0.0,0.0,0.0,0.0,0.0,0.0,0.0,1.7113999128341675,0.0,0.0,1.6075350046157837,0.0,0.0,0.0,0.7121489644050598,0.0,0.0,0.0,1.3649353981018066,0.0,0.0,0.0,0.0,0.03904876485466957,0.0,0.0,0.0,0.0,0.0,0.0,0.02749931998550892,0.0,0.0,2.017953634262085,0.0,0.0,0.0,0.6575304865837097,0.0,0.0,0.009953263215720654,0.0,0.0,0.0,0.5948574542999268,0.0,0.0,0.0,1.9287967681884766,0.0,0.0,0.71036297082901,0.8441405892372131,0.0,0.0,0.0,0.0,0.0,0.0,1.4204339981079102,0.0,0.0326235294342041,0.0,0.0,0.0,0.0,0.0,0.4192405939102173,1.3903411626815796,0.0,1.958290696144104,0.0,1.0490959882736206,0.0,0.0,0.0,0.0,0.0,0.2689400613307953,0.0,0.0,0.0,0.0,0.0,1.159205436706543,0.0,1.4242881536483765,0.0,0.0,0.0,0.0,0.0,0.0,1.3241353034973145,0.0,2.280937910079956,0.0,0.0,0.0,0.0,0.8390187621116638,0.0,0.0,3.26326847076416,0.8828043937683105,0.0,0.10751569271087646,0.36239519715309143,0.0,0.0,0.8220940232276917,0.0,0.0,1.7530075311660767,0.0,0.0,0.0,1.4178013801574707,1.8625108003616333,0.0,0.0,0.0,0.0,0.0,0.0,0.0,1.4336427450180054,0.0,0.0,0.4313923120498657,0.0,0.0,0.0,0.0,0.0,0.0,0.0,0.0,0.0,0.0,0.0
051_S_1331,MCI,validation,0.3183005750179291,1.1396489143371582,0.0,0.0,0.0,0.0,0.0,0.9700077176094055,0.5927669405937195,0.6447343826293945,0.0,0.0,0.0,0.0,1.16806161403656,0.011189223267138004,0.0,0.0,0.0,0.0,0.0,0.014762421138584614,1.1819183826446533,0.0,0.0,0.0,0.0,0.42354440689086914,0.0,0.0,0.6820247173309326,0.010944363661110401,0.0,0.0,0.0,0.0,0.0,0.23566512763500214,1.0332778692245483,0.0,0.0,0.0,0.0,0.0,0.0,0.0,1.404539704322815,0.0,0.0,0.0,0.0,0.6612350344657898,0.0,0.0,0.604982852935791,0.6838877201080322,0.0,0.0,0.9501892924308777,0.8461994528770447,0.04368552565574646,0.0,0.0,0.0,0.0,0.0,0.0,0.18348081409931183,1.53600013256073,0.0,0.0,0.0,0.0,0.0,0.0,0.019576795399188995,0.0,0.5923047661781311,0.0,0.7654070258140564,0.0,0.5227577686309814,0.0,0.0,0.0,0.0,0.0,0.0,0.07514584809541702,0.0,0.6140233278274536,0.00048262326163239777,0.0,0.720925509929657,0.0,0.0,0.0,0.0,0.0,0.0,0.0,0.022060200572013855,0.0,0.00551458029076457,0.0,0.0,0.0,0.0,0.07020341604948044,0.0,0.0,0.0,0.0,0.0,0.3682006895542145,0.0,0.025690607726573944,0.0,0.7336112856864929,0.9044486880302429,0.3094945251941681,0.0,0.44349560141563416,0.0,0.0,0.0,0.0,0.0,0.0,0.0,0.0,0.0,0.0,0.0,0.0,0.0,0.0,0.0,0.0,0.0,0.0,0.0,0.0,0.5061636567115784,0.0,0.5156940817832947,0.019848966971039772,0.0,0.0,0.0,0.09748782962560654,0.0,0.0,0.0,0.0,0.12990276515483856,0.0,0.0,0.0,0.0,0.0,0.0,0.0,0.0,0.0,0.0,0.04226772114634514,0.0,0.0,0.21323293447494507,0.0,0.0,0.5416150689125061,0.0,0.5218266844749451,0.9334731101989746,0.0,0.0,0.0,0.1961568146944046,0.0,0.0,0.0,0.0,0.0,0.0,0.5018563866615295,0.0,0.0,0.0,0.0,0.0,0.0,0.8573076128959656,0.0,0.0,0.0,0.0,0.0,0.6382927894592285,0.0,0.0,0.0,0.0,0.0,0.0,0.0,0.0,0.0,0.0,0.756659209728241,0.0,0.0,0.0,0.0,0.6935870051383972,0.0,0.0,0.9656464457511902,0.0,0.0,0.0,0.0,0.0,0.0,0.1510419249534607,0.022532625123858452,0.0,0.0,0.19290363788604736,0.0,0.0,0.37152305245399475,1.19752836227417,0.0,0.0,0.0,0.0,0.0,0.0,0.0,0.6547738909721375,0.0,0.0,0.23289494216442108,0.0,0.0,0.0,0.0,0.0,0.0,0.0,0.0,0.0,0.0,0.43688544631004333
133_S_0638,MCI,validation,0.27840912342071533,1.5847463607788086,0.3687571585178375,0.27982717752456665,0.0,0.0,0.0,0.7573907375335693,0.46513211727142334,0.5103440284729004,0.0,0.0,0.0,0.0,1.4268136024475098,0.2767368257045746,0.0,0.0,0.13257208466529846,0.0,0.2981560528278351,0.0,1.393296241760254,0.0,0.0,0.0,0.0,0.6287373900413513,0.36400744318962097,0.09655909985303879,0.7933738827705383,0.03436790406703949,0.0,0.0,0.0,0.0,0.0,0.5128263235092163,0.8680561184883118,0.0,0.0,0.0,0.03299344703555107,0.0,0.0,0.0,1.5865806341171265,0.0,0.0,0.0,0.0,0.5185819268226624,0.0,0.0,0.5512061715126038,0.5944647192955017,0.0,0.0,0.5568724870681763,1.0578631162643433,0.09716439247131348,0.0,0.0,0.0,0.5149722099304199,0.0,0.0,0.21712161600589752,1.7101927995681763,0.0,0.0,0.0,0.0,0.0,0.0,0.030607014894485474,0.0,0.6108275651931763,0.0,0.5765647888183594,0.0,0.7269710898399353,0.0,0.0,0.0,0.2662956416606903,0.0,0.0,0.49925264716148376,0.0,0.4995557367801666,0.20588825643062592,0.0,0.5618677735328674,0.0,0.0,0.0,0.2911229133605957,0.0,0.0,0.3945946991443634,0.008570702746510506,0.0,0.0,0.0,0.0,0.0,0.24405622482299805,0.2933047115802765,0.5300358533859253,0.0,0.0,0.0,0.0,0.35916027426719666,0.0,0.02043723128736019,0.0,0.7311084866523743,0.7547308802604675,0.24351148307323456,0.0,0.6337571144104004,0.0,0.0,0.3630083501338959,0.0,0.0,0.0,0.10208337754011154,0.0,0.0,0.0,0.3497883975505829,0.0,0.0,0.0,0.0,0.045077499002218246,0.0,0.0,0.0,0.0,0.33885785937309265,0.0,0.5140100121498108,0.036623936146497726,0.0,0.49875137209892273,0.0,0.022758446633815765,0.0,0.10771913081407547,0.0,0.0,0.09722784906625748,0.0,0.0,0.0,0.1580086499452591,0.0,0.0,0.0,0.40196070075035095,0.0,0.0,0.18376189470291138,0.02799335867166519,0.0,0.16982097923755646,0.0,0.0,0.5840205550193787,0.0,0.7197535634040833,0.7973113059997559,0.008179781958460808,0.0,0.0,0.15018512308597565,0.0,0.0,0.04798342287540436,0.3686563968658447,0.0,0.4297851324081421,0.4152278006076813,0.21896804869174957,0.0,0.0,0.0,0.0,0.0,0.6518096327781677,0.0,0.0,0.0,0.0,0.0,0.7799506187438965,0.0,0.295916348695755,0.0,0.0,0.0,0.0,0.0,0.0,0.28825944662094116,0.0,1.0801786184310913,0.0,0.0,0.0,0.0,0.791187047958374,0.0,0.0,1.4853063821792603,0.22242498397827148,0.0,0.0034793822560459375,0.11964469403028488,0.0,0.0,0.2775019407272339,0.07088730484247208,0.0,0.41837212443351746,0.11816947907209396,0.0,0.0,0.5703975558280945,1.3738136291503906,0.0,0.0,0.0,0.0,0.0,0.0,0.0,0.7740984559059143,0.0,0.0,0.2859426736831665,0.0,0.0,0.0,0.0,0.0,0.0,0.0,0.0,0.0,0.0,0.46828174591064453
027_S_1081,AD,validation,1.2846401929855347,2.388885021209717,0.0,0.0,0.0,0.0,0.0,3.2038414478302,1.3862472772598267,2.3275082111358643,0.0,0.0,0.0,0.0,2.6798744201660156,0.0,0.0,0.0,0.0,0.0,0.0,0.0,2.105341911315918,0.0,0.0,0.0,0.0,1.06964910030365,0.0,0.0,1.6000381708145142,0.13111425936222076,0.0,0.0,0.0,0.0,0.0,1.0038681030273438,2.254049301147461,0.0,0.0,0.0,0.4580082893371582,0.0,0.0,0.0,3.5124826431274414,0.0,0.0,0.0,0.0,2.4273500442504883,0.0,0.0,2.705617904663086,2.5731041431427,0.0,0.0,1.5537563562393188,1.6455626487731934,0.5896148681640625,0.0,0.0,0.0,0.0,0.0,0.0,1.1641854047775269,3.9058449268341064,0.0,0.0,0.0,0.0,0.0,0.0,0.045411352068185806,0.0,1.9231446981430054,0.0,2.06951642036438,0.0,0.7594388127326965,0.0,0.020411059260368347,0.0,0.0,0.0,0.0,0.024405820295214653,0.0,2.229746103286743,0.0,0.0,2.1773149967193604,0.0,0.0,0.0,0.0,0.0,0.0,0.0,0.06927162408828735,0.05446108803153038,0.04762263596057892,0.0,0.0,0.0,0.0,0.009606579318642616,0.0,0.0,0.0,0.0,0.0,1.8591728210449219,0.0,0.0,0.0,3.4989185333251953,2.7079341411590576,1.2686253786087036,0.0,0.2770628333091736,0.0,0.0,0.0,0.0,0.0,0.0,0.0,0.0,0.0,0.0,0.0,0.0,0.0,0.0,0.0,0.0,0.0,0.0,0.0,0.0,0.3623950183391571,0.0,2.257882833480835,0.0570000596344471,0.022093622013926506,0.0,0.0,0.0,0.0,0.0,0.0,0.0,0.23132865130901337,0.0,0.0,0.0,0.0,0.0,0.0,0.0,0.0,0.0,0.0,0.25530436635017395,0.0,0.0,0.790673553943634,0.0,0.0,3.5097999572753906,0.0,0.9988336563110352,3.3393917083740234,0.05710412934422493,0.0,0.0,0.655391275882721,0.0,0.0,0.0,0.0,0.0,0.0,1.65888249874115,0.0,0.0,0.0,0.0,0.04979836940765381,0.0,1.4463566541671753,0.0,0.0,0.0,0.0,0.0,1.9426437616348267,0.0,0.0,0.0,0.0,0.0,0.0,0.0,0.0,0.0,0.0,1.5628381967544556,0.0,0.0,0.0,0.0,2.099742889404297,0.0,0.0,2.2784366607666016,0.0,0.0,0.0,0.0041430345736444,0.0,0.0,0.467064768075943,0.7923257350921631,0.0,0.0,0.341766357421875,0.0,0.0,0.7471868395805359,3.1209261417388916,0.0,0.0,0.0,0.0036073874216526747,0.0,0.0,0.0,1.6982616186141968,0.0,0.0,0.6903114914894104,0.0,0.0,0.0,0.0,0.0,0.0,0.0,0.0,0.0,0.0,2.501065254211426
067_S_0828,AD,validation,0.18736498057842255,0.5718596577644348,0.0,0.0,0.0,0.0,0.0,0.3839166462421417,0.2548648715019226,0.3308909833431244,0.0,0.0,0.0,0.0,0.6233488321304321,0.0,0.0,0.0,0.0,0.0,0.0,0.0031511394772678614,0.64866703748703,0.0,0.0,0.0,0.0,0.2979099452495575,0.0,0.0,0.3514167070388794,0.000591697811614722,0.0,0.0,0.0,0.0,0.0,0.13107986748218536,0.5660160779953003,0.0,0.0,0.0,0.0,0.0,0.0,0.0,0.7507234215736389,0.0,0.0,0.0,0.0,0.290397584438324,0.0,0.0,0.28826040029525757,0.3095875382423401,0.0,0.0,0.36980903148651123,0.4311043322086334,0.017301330342888832,0.0,0.0,0.0,0.0,0.0,0.0,0.08146490156650543,0.7843999862670898,0.0,0.0,0.0,0.0,0.0,0.0,0.01718485914170742,0.0,0.2904633581638336,0.0,0.322896808385849,0.0,0.3074980676174164,0.0,0.0,0.0,0.0,0.0,0.0,0.04525164142251015,0.0,0.2791443169116974,0.0,0.0,0.3028438687324524,0.0,0.0,0.0,0.0,0.0,0.0,0.0,0.023977791890501976,0.0,0.0,0.0,0.0,0.0,0.0,0.10557960718870163,0.0,0.0,0.0,0.0,0.0,0.17738975584506989,0.0,0.005598690360784531,0.0,0.3252849876880646,0.3780568838119507,0.08548763394355774,0.0,0.2311975359916687,0.0,0.0,0.0,0.0,0.0,0.0,0.0,0.0,0.0,0.0,0.0,0.0,0.0,0.0,0.0,0.0,0.0,0.0,0.0,0.0,0.20016765594482422,0.0,0.25628766417503357,0.01067278441041708,0.0,0.0,0.0,0.031173735857009888,0.0,0.0,0.0,0.0,0.03356592729687691,0.0,0.0,0.0,0.0,0.0,0.0,0.0,0.0,0.0,0.0,0.036241378635168076,0.0,0.0,0.09134436398744583,0.0,0.0,0.27451464533805847,0.0,0.2636403441429138,0.3823631703853607,0.0,0.0,0.0,0.10094750672578812,0.0,0.0,0.0,0.0,0.0,0.0,0.1997290700674057,0.0,0.0,0.0,0.0,0.0,0.0,0.30746692419052124,0.0,0.0,0.0,0.0,0.0,0.3612966537475586,0.0,0.0,0.0,0.0,0.0,0.0,0.0,0.0,0.0,0.0,0.4337533414363861,0.0,0.0,0.0,0.0,0.34945014119148254,0.0,0.0,0.5426884889602661,0.0,0.0,0.0,0.0,0.0,0.0,0.09492843598127365,0.019626574590802193,0.0,0.0,0.05810687318444252,0.0,0.0,0.2356088012456894,0.6373373866081238,0.0,0.0,0.0,0.0,0.0,0.0,0.0,0.3564203083515167,0.0,0.0,0.10671529173851013,0.0,0.0,0.0,0.0,0.0,0.0,0.0,0.0,0.0,0.0,0.24152737855911255
027_S_0403,CN,validation,0.6027019023895264,1.1791092157363892,0.0,0.0,0.0,0.0,0.0,1.7794908285140991,0.8580937385559082,1.2084031105041504,0.0,0.0,0.0,0.0,1.316198468208313,0.0,0.0,0.0,0.0,0.0,0.0,0.0,1.152346134185791,0.0,0.0,0.0,0.0,0.5694622993469238,0.0,0.0,0.927825927734375,0.09095123410224915,0.0,0.0,0.0,0.0,0.0,0.4009208679199219,1.2356146574020386,0.0,0.0,0.0,0.025306232273578644,0.0,0.0,0.0,1.6196352243423462,0.0,0.0,0.0,0.0,1.314610242843628,0.0,0.0,1.3582496643066406,1.426045298576355,0.0,0.0,1.2930628061294556,0.8289411664009094,0.25682926177978516,0.0,0.0,0.0,0.0,0.0,0.0,0.5701520442962646,1.9039524793624878,0.0,0.0,0.0,0.0,0.0,0.0,0.019203126430511475,0.0,0.8873316645622253,0.0,1.3035615682601929,0.0,0.3555425703525543,0.0,0.004896922968327999,0.0,0.0,0.0,0.0,0.0,0.0,1.2674051523208618,0.0,0.0,1.212669014930725,0.0,0.0,0.0,0.0,0.0,0.0,0.0,0.02129462920129299,0.0,0.0,0.0,0.0,0.0,0.0,0.028735468164086342,0.0,0.0,0.0,0.0,0.0,0.9085392951965332,0.0,0.0008191661327145994,0.0,1.7577505111694336,1.5648139715194702,0.5382215976715088,0.0,0.23374170064926147,0.0,0.0,0.0,0.0,0.0,0.0,0.0,0.0,0.0,0.0,0.0,0.0,0.0,0.0,0.0,0.0,0.0,0.0,0.0,0.0,0.4840291440486908,0.0,1.1616142988204956,0.0007640253170393407,0.0,0.0,0.0,0.03223499655723572,0.0,0.0,0.0,0.0,0.10822218656539917,0.0,0.0,0.0,0.0,0.0,0.0,0.0,0.0,0.0,0.0,0.05804557725787163,0.0,0.0,0.48161205649375916,0.0,0.0,1.7386889457702637,0.0,0.506924033164978,1.8905647993087769,0.0,0.0,0.0,0.43756023049354553,0.0,0.0,0.0,0.0,0.0,0.0,0.999445915222168,0.0,0.0,0.0,0.0,0.006878688465803862,0.0,1.0266839265823364,0.0,0.0,0.0,0.0,0.0,0.9820659756660461,0.0,0.0,0.0,0.0,0.0,0.0,0.0,0.0,0.0,0.0,0.830172598361969,0.0,0.0,0.0,0.0,1.0718029737472534,0.0,0.0,1.081092357635498,0.0,0.0,0.0,0.0,0.0,0.0,0.13298837840557098,0.31665971875190735,0.0,0.0,0.3835080862045288,0.0,0.0,0.34936627745628357,1.6025371551513672,0.0,0.0,0.0,0.0,0.0,0.0,0.0,0.9257740378379822,0.0,0.0,0.4051964282989502,0.0,0.0,0.0,0.0,0.0,0.0,0.0,0.0,0.0,0.0,1.2625328302383423
023_S_1247,MCI,validation,0.7029242515563965,1.1739307641983032,0.0,0.0,0.0,0.0,0.0,1.9633821249008179,0.8970420360565186,1.3514362573623657,0.0,0.0,0.0,0.0,1.4233864545822144,0.0,0.0,0.0,0.0,0.0,0.0,0.0,1.1095787286758423,0.0010893199359998107,0.0,0.0,0.0,0.5726587176322937,0.0,0.0,0.8461332321166992,0.1756681203842163,0.0,0.0,0.0,0.0,0.0,0.31051555275917053,1.183469295501709,0.0,0.0,0.0,0.12678763270378113,0.0,0.0,0.0,1.710953712463379,0.0,0.0,0.0,0.0,1.2790950536727905,0.0,0.0,1.3631383180618286,1.351399302482605,0.0,0.0,1.2777992486953735,0.8227076530456543,0.30858540534973145,0.0,0.0,0.0,0.0,0.0,0.0,0.49780234694480896,2.019498825073242,0.0,0.0,0.0,0.0,0.0,0.0,0.023753123357892036,0.0,1.0378526449203491,0.0,1.3289223909378052,0.0,0.3265143036842346,0.0,0.0,0.0,0.0,0.0,0.0,0.035148728638887405,0.0,1.3207688331604004,0.07305382937192917,0.0,1.3165866136550903,0.0,0.0,0.0,0.0,0.0,0.0,0.0,0.0605379194021225,0.11381703615188599,0.0024569451343268156,0.0024815809447318316,0.0,0.0,0.0,0.0,0.0,0.0,0.0,0.0,0.0,0.9899210929870605,0.0,0.08989880234003067,0.0,1.8144758939743042,1.6639348268508911,0.637612521648407,0.0,0.3877467215061188,0.0,0.0,0.0,0.0,0.0,0.0,0.0,0.0,0.0,0.0,0.0,0.0,0.0,0.0,0.0,0.0,0.0,0.0,0.0,0.0,0.5870060324668884,0.0,1.2950472831726074,0.018628424033522606,0.0,0.0,0.0,0.13131308555603027,0.0,0.0,0.0,0.0,0.28556501865386963,0.0,0.0,0.0,0.0,0.0,0.0,0.0,0.0,0.0,0.0,0.03550528362393379,0.0,0.0,0.5092132687568665,0.013979035429656506,0.0,1.630715250968933,0.0,0.47096672654151917,1.8666008710861206,0.0,0.0,0.0,0.4166187047958374,0.0,0.0,0.0,0.0,0.0,0.0,1.0245718955993652,0.0,0.0,0.0,0.0,0.0,0.0,1.0091089010238647,0.0,0.0,0.0,0.0,0.0,1.0154844522476196,0.0,0.0,0.0,0.0,0.0,0.0,0.0,0.0,0.0,0.0,0.767286479473114,0.0,0.0,0.0,0.0,1.1273154020309448,0.0,0.0,1.1176100969314575,0.0,0.0,0.0,0.0,0.0,0.0,0.14655379951000214,0.32405543327331543,0.0,0.0,0.3972034156322479,0.0,0.0,0.2551528513431549,1.5785232782363892,0.0,0.0,0.0,0.0,0.0,0.0,0.0,0.8733164668083191,0.0,0.0,0.29726001620292664,0.0,0.0,0.0,0.0,0.0,0.0,0.0,0.0,0.0,0.0,1.3272144794464111
136_S_0086,CN,validation,0.0,2.1207056045532227,1.0694762468338013,1.057309627532959,0.0,0.0,0.0,0.028604306280612946,0.12920431792736053,0.0,0.015273477882146835,0.0,0.0,0.0,1.6338329315185547,0.9898033142089844,0.0,0.0,0.3320017158985138,0.0,1.1048730611801147,0.0,1.594533920288086,0.0,0.0,0.0,0.0,0.9446778297424316,1.2396968603134155,0.5582454800605774,0.7813284993171692,0.0,0.0,0.0,0.0,0.0,0.0,1.0212322473526,0.47552788257598877,0.0,0.0,0.0,0.0,0.0,0.0,0.004014096688479185,1.4384609460830688,0.0,0.0,0.003340213792398572,0.0,0.0,0.0,0.0,0.0,0.0,0.0,0.0,0.07035394757986069,1.4737452268600464,0.0,0.0,0.0,0.0,1.7506481409072876,0.0,0.0,0.0,1.3567403554916382,0.0,0.0,0.0,0.0,0.0,0.0,0.0012146808439865708,0.0,0.2701359689235687,0.02537115104496479,0.0,0.0,1.1922940015792847,0.0,0.0,0.0,0.732236921787262,0.0,0.0,1.5144472122192383,0.0,0.0,0.5294819474220276,0.0,0.016660276800394058,0.0,0.0,0.0,1.2907794713974,0.0,0.0,1.3750580549240112,0.0,0.0,0.0,0.0,0.0,0.0,0.8639886975288391,0.8282907009124756,1.7022804021835327,0.0,0.0,0.0,0.0,0.0,0.0,0.025434419512748718,0.0,0.0,0.0,0.0,0.0,1.3025522232055664,0.0,0.0,1.2659629583358765,0.0,0.0,0.0,0.6179352402687073,0.0,0.0,0.0,0.9609642028808594,0.0,0.0,0.0,0.0,0.027207322418689728,0.0,0.0,0.0,0.0,0.0724315345287323,0.0,0.0043395282700657845,0.0,0.0,1.6258622407913208,0.0,0.008174368180334568,0.0,0.4622873067855835,0.0,0.0,0.06383810937404633,0.0,0.0,0.0,0.4192448556423187,0.0,0.0,0.0,1.4621392488479614,0.0,0.0,0.4622986316680908,0.7484797835350037,0.0,0.00960200559347868,0.0,0.0,0.0,0.0,0.9561236500740051,0.0,0.0,0.0,0.0,0.0,0.0,0.0,0.29982829093933105,1.0304871797561646,0.0,1.4870837926864624,0.0,0.7738654017448425,0.0,0.0,0.0,0.0,0.0,0.22332660853862762,0.0,0.0,0.0,0.0,0.0,0.7030577659606934,0.0,1.1375442743301392,0.0,0.0,0.0,0.0,0.0,0.0,1.014546513557434,0.0,1.5864349603652954,0.0,0.0,0.0,0.0,0.6365367770195007,0.0,0.0,2.205247163772583,0.6230224967002869,0.0,0.020961424335837364,0.1980186551809311,0.0,0.0,0.46554264426231384,0.0,0.0,1.3047370910644531,0.00595000758767128,0.0,0.0,0.9260832667350769,1.2479280233383179,0.0037488043308258057,0.0,0.015173732303082943,0.0,0.0,0.0,0.0,0.9330362677574158,0.0,0.0,0.24535100162029266,0.0,0.0,0.0,0.0,0.0,0.0,0.0,0.0,0.0,0.0,0.0
116_S_0382,CN,validation,0.4673801362514496,1.823826789855957,0.0,0.0,0.0,0.0,0.0,1.1583452224731445,0.7274057269096375,0.9633393883705139,0.0,0.0,0.0,0.0,1.8240031003952026,0.023295052349567413,0.0,0.0,0.0,0.0,0.0,0.00719409016892314,1.7916183471679688,0.0,0.0,0.0,0.0,0.8573452830314636,0.0,0.0,1.1440553665161133,0.056607067584991455,0.0,0.0,0.0,0.0,0.0,0.5839861035346985,1.6080546379089355,0.0,0.0,0.0,0.035165105015039444,0.0,0.0,0.0,2.159271717071533,0.0,0.0,0.03611396625638008,0.0,0.9001683592796326,0.0,0.0,0.8262510299682617,0.8784281611442566,0.0,0.0,1.186808705329895,1.3455461263656616,0.10725003480911255,0.0,0.0,0.0,0.0,0.0,0.0,0.14703220129013062,2.4462833404541016,0.0,0.0,0.0,0.0,0.0,0.0,0.2127746343612671,0.0,0.9243351817131042,0.0,1.0512803792953491,0.0,0.8369319438934326,0.0,0.0,0.0,0.0,0.0,0.0,0.3354131281375885,0.0,0.8202872276306152,0.0323326475918293,0.0,0.8616732954978943,0.0,0.0,0.0,0.0,0.0,0.0,0.0,0.01755528710782528,0.0,0.0,0.0,0.0,0.0,0.0,0.299047589302063,0.0,0.0,0.0,0.0,0.0,0.6516600251197815,0.0,0.10790124535560608,0.0,1.1389853954315186,1.2347149848937988,0.2742791473865509,0.0,0.7881917953491211,0.0,0.0,0.0,0.0,0.0,0.0,0.0,0.0,0.0,0.0,0.0,0.0,0.0,0.0,0.0,0.0,0.0,0.0,0.0,0.0,0.7223787903785706,0.0,1.0565546751022339,0.030269397422671318,0.0,0.0,0.0,0.16423970460891724,0.0,0.0,0.0,0.0,0.29553818702697754,0.0,0.0,0.0,0.0,0.0,0.0,0.0,0.0,0.0,0.0,0.13747914135456085,0.0,0.0,0.24217510223388672,0.012014218606054783,0.0,0.9397796988487244,0.0,0.7271094918251038,1.2363942861557007,0.19473980367183685,0.0,0.0,0.24465274810791016,0.0,0.0,0.04653152450919151,0.0,0.0,0.0,0.6357483863830566,0.0,0.0,0.0,0.0,0.0,0.0,1.0469387769699097,0.0,0.0,0.0,0.0,0.0,1.2957212924957275,0.0,0.0,0.0,0.0,0.0,0.0,0.0,0.0,0.0,0.0,1.1941405534744263,0.0,0.0,0.0,0.0,1.3424972295761108,0.0,0.0,1.6027979850769043,0.0,0.0,0.0,0.0,0.0,0.0,0.3189294636249542,0.08395162969827652,0.0,0.0,0.3522382974624634,0.0,0.0,0.7145247459411621,2.264892816543579,0.0,0.0,0.0,0.0,0.0,0.0,0.0,1.0430858135223389,0.0,0.0,0.31369683146476746,0.0,0.0,0.0,0.0,0.0,0.0,0.0,0.0,0.0,0.0,0.7698833346366882
053_S_0507,MCI,validation,0.012022466398775578,1.4959784746170044,0.25505632162094116,0.2568008005619049,0.0,0.0,0.0,0.09205177426338196,0.2534486949443817,0.013328983448445797,0.00021627213573083282,0.0,0.0,0.0,1.2671478986740112,0.38086938858032227,0.0,0.0,0.05838022008538246,0.0,0.25037625432014465,0.0,1.254703402519226,0.0,0.0,0.0,0.0,0.5521482229232788,0.2951893210411072,0.10974358767271042,0.7027379870414734,0.0009458503336645663,0.0,0.0,0.0,0.0,0.0,0.4486316740512848,0.5930264592170715,0.0,0.0,0.0,0.023059353232383728,0.0,0.0,0.0,1.2856727838516235,0.0,0.0,0.0,0.0,0.04292928799986839,0.0,0.0,0.056870535016059875,0.04142361134290695,0.0,0.0,0.11771917343139648,1.0496487617492676,0.008731150068342686,0.0,0.0,0.0,0.4091970920562744,0.0,0.0,0.045614734292030334,1.3166762590408325,0.002636426128447056,0.0,0.0,0.0,0.0,0.0,0.0,0.0,0.47193601727485657,0.0,0.019575877115130424,0.0,0.8581177592277527,0.0,0.0,0.0,0.20492888987064362,0.0,0.0,0.6596410870552063,0.0,0.0327644869685173,0.3150880038738251,0.0,0.11341893672943115,0.0,0.0,0.0,0.2696543335914612,0.0,0.0,0.3382543623447418,0.0,0.0,0.0,0.0,0.0,0.0,0.1866070181131363,0.3683694899082184,0.44201409816741943,0.0,0.0,0.0,0.0,0.0,0.0,0.028860099613666534,0.0,0.10246682167053223,0.12261057645082474,0.0559391975402832,0.0,0.7619773745536804,0.0,0.0,0.2502536177635193,0.0,0.0,0.0,0.053102508187294006,0.0,0.0,0.0,0.3196874260902405,0.0,0.0,0.0,0.0,0.014699568040668964,0.0,0.0,0.0,0.0,0.1297493577003479,0.0,0.07946407049894333,0.0,0.0,0.39903584122657776,0.0,0.02995721809566021,0.0,0.15187154710292816,0.0,0.0,0.1098935529589653,0.0,0.0,0.0,0.12241428345441818,0.0,0.0,0.0,0.3876454830169678,0.0,0.0,0.17653638124465942,0.12904657423496246,0.0,0.009144194424152374,0.0001920696668094024,0.0,0.02375461347401142,0.0,0.6900062561035156,0.08578840643167496,0.0,0.0,0.0,0.00209839572198689,0.0,0.0,0.02168765664100647,0.316887229681015,0.0,0.3820072412490845,0.0,0.1665017455816269,0.0,0.0,0.0,0.0,0.0,0.4327646791934967,0.0,0.0,0.0,0.0,0.0,0.6568545699119568,0.0,0.2796100080013275,0.0,0.0,0.0,0.0,0.0,0.0,0.2514697015285492,0.0,1.0316919088363647,0.0,0.0,0.0,0.0,0.5508478283882141,0.0,0.0,1.4083093404769897,0.15317432582378387,0.0,0.0,0.1324751079082489,0.0,0.0,0.39077362418174744,0.020979242399334908,0.0,0.3476696312427521,0.003233661875128746,0.0,0.0,0.6195968985557556,1.0300236940383911,0.0002675728464964777,0.0,0.0,0.0,0.0,0.0,0.0,0.6693096160888672,0.0,0.0,0.22489182651042938,0.0,0.0,0.0,0.0,0.0,0.0,0.0,0.0,0.0,0.0,0.04343387484550476
023_S_0139,AD,validation,0.03373754769563675,0.48097869753837585,0.030697567388415337,0.0220573041588068,0.0,0.0,0.0,0.1289433389902115,0.17346906661987305,0.06934883445501328,0.0,0.0,0.0,0.0,0.4617505371570587,0.09327024966478348,0.0,0.0,0.002493456704542041,0.0,0.013109523802995682,0.0,0.5051867365837097,0.0,0.0,0.0,0.0,0.19307918846607208,0.0,0.0,0.24108918011188507,0.0,0.0015460842987522483,0.0,0.0,0.0,0.0,0.0818309634923935,0.3520529568195343,0.0,0.0,0.0,0.0,0.0,0.0,0.0,0.4794369041919708,0.0,0.0,0.0,0.0,0.06535110622644424,0.0,0.0,0.03796956688165665,0.014346658252179623,0.0,0.0,0.2480093389749527,0.37983930110931396,0.0,0.0,0.0,0.0,0.025189274922013283,0.0,0.0,0.0,0.5412184596061707,0.0,0.0,0.0,0.0,0.0,0.0,0.0,0.0,0.21376512944698334,0.0,0.08591734617948532,0.0,0.2835555970668793,0.0,0.0,0.0,0.0,0.0,0.0,0.17089946568012238,0.0,0.035942886024713516,0.0803876668214798,0.0,0.12540435791015625,0.0,0.0,0.0,0.0,0.0,0.0,0.030030658468604088,0.0,0.0,0.0,0.0,0.0,0.0,0.016462692990899086,0.08513128757476807,0.027583196759223938,0.0,0.0,0.0,0.0,0.01436664815992117,0.0,0.05185502767562866,0.0,0.004454922396689653,0.12173684686422348,0.033533018082380295,0.0,0.3243396580219269,0.0,0.0,0.0,0.0,0.0,0.0,0.0,0.0,0.0,0.0,0.015231753699481487,0.0,0.0,0.0,0.0,0.0,0.0,0.0,0.0,0.0,0.18449078500270844,0.0,0.05906619131565094,0.0,0.0,0.04221053421497345,0.0,0.11373161524534225,0.0,0.005592824891209602,0.0,0.0,0.06740180402994156,0.0,0.0,0.0,0.008462105877697468,0.0,0.0,0.0,0.04212947189807892,0.0,0.0,0.0042433044873178005,0.0,0.0,0.0002606213092803955,0.010731036774814129,0.0,0.0,0.0,0.2665330469608307,0.07450982183218002,0.0,0.0,0.0,0.0051250159740448,0.0,0.0,0.0,0.020856233313679695,0.0,0.029547611251473427,0.028107957914471626,0.01146397739648819,0.0,0.0,0.0,0.0,0.0,0.33265671133995056,0.0,0.0,0.0,0.0,0.0,0.24179746210575104,0.0,0.017916837707161903,0.0,0.0,0.0,0.0,0.0,0.0,0.0,0.0,0.3357439339160919,0.0,0.0,0.0,0.0,0.1848144680261612,0.0,0.0,0.4435637891292572,0.0,0.0,0.0,0.0,0.0,0.0,0.1132320836186409,0.0,0.0,0.029946913942694664,0.03190581128001213,0.0,0.0,0.1982213407754898,0.4027232825756073,0.008264456875622272,0.0,0.0,0.0,0.0,0.0,0.0,0.22498072683811188,0.0,0.0,0.026227064430713654,0.0,0.0,0.0,0.0,0.0,0.0,0.0,0.0,0.0,0.0,0.0038822467904537916
002_S_0559,CN,validation,0.20654304325580597,2.750185012817383,0.2818276286125183,0.4221847355365753,0.0,0.0,0.0,0.6036553382873535,0.3971555233001709,0.3963487148284912,0.0,0.0,0.0,0.0,2.366431474685669,0.40141940116882324,0.0,0.0,0.13614775240421295,0.0,0.36188921332359314,0.0,2.44663143157959,0.0,0.0,0.0,0.0,1.3170017004013062,0.34310662746429443,0.2039397805929184,1.3649801015853882,0.011158786714076996,0.0,0.0,0.0,0.0,0.0,1.0929021835327148,1.3311963081359863,0.0,0.0,0.0,0.02789890766143799,0.0,0.0,0.0,2.682453155517578,0.0,0.0,0.05387706682085991,0.0,0.34901273250579834,0.0,0.0,0.4021192491054535,0.48351526260375977,0.0,0.0,0.4112832844257355,1.8470395803451538,0.13414715230464935,0.0,0.0,0.0,0.5241096019744873,0.0,0.0,0.16318751871585846,2.781325578689575,0.0,0.0,0.0,0.0,0.0,0.0,0.17041635513305664,0.0,0.9324040412902832,0.021621085703372955,0.42211928963661194,0.0,1.538676142692566,0.0,0.0,0.0,0.3134767711162567,0.0,0.0,1.1478031873703003,0.0,0.4608270227909088,0.19240713119506836,0.0,0.45882025361061096,0.0,0.0,0.0,0.5323135256767273,0.0,0.0,0.46438607573509216,0.011113218031823635,0.0,0.003427926218137145,0.0,0.0,0.0,0.21466736495494843,0.6669759154319763,0.5932074189186096,0.0,0.0,0.0,0.0,0.23543822765350342,0.0,0.0,0.0,0.5998613238334656,0.6781215667724609,0.1727491170167923,0.0,1.126551628112793,0.0,0.0,0.3276197910308838,0.0,0.0,0.0,0.1488543301820755,0.0,0.0,0.0,0.393252968788147,0.0,0.0,0.0,0.0,0.0,0.0,0.0,0.0,0.0,0.2654564082622528,0.0,0.5966586470603943,0.0,0.0,0.4445204734802246,0.0,0.005778005812317133,0.0,0.15629857778549194,0.0,0.0,0.163198783993721,0.0,0.0,0.0,0.1086399033665657,0.0,0.0,0.0,0.5793084502220154,0.0,0.0,0.4523659944534302,0.27959737181663513,0.0,0.08776334673166275,0.0,0.0,0.3998849093914032,0.0,1.08963143825531,0.6695267558097839,0.22872628271579742,0.0,0.0,0.13502483069896698,0.0,0.0,0.15320289134979248,0.41012951731681824,0.0,0.6020236611366272,0.22263632714748383,0.31576278805732727,0.0,0.0,0.0,0.0,0.0,0.5755422115325928,0.0,0.0,0.0,0.0,0.0,1.4982727766036987,0.0,0.39439448714256287,0.0,0.0,0.0,0.0,0.0,0.0,0.38897383213043213,0.0,1.9987181425094604,0.0,0.0,0.0,0.0,1.4157646894454956,0.0,0.0,2.531834602355957,0.23738360404968262,0.0,0.0,0.1129259243607521,0.0,0.0,0.5497646927833557,0.11852728575468063,0.0,0.4672565758228302,0.08010080456733704,0.0,0.0,1.1911063194274902,2.317002773284912,0.0,0.0,0.0,0.0,0.0,0.0,0.0,1.3930658102035522,0.0,0.0,0.5320960283279419,0.0,0.0,0.0,0.0,0.0,0.0,0.0,0.0,0.0,0.0,0.41898128390312195
016_S_1326,MCI,validation,1.151288390159607,2.5035781860351562,0.0,0.051889438182115555,0.0,0.0,0.0,2.866250991821289,1.1517891883850098,2.191110372543335,0.0,0.0,0.0,0.0,2.739603042602539,0.0,0.0,0.0,0.0,0.0,0.00031868575024418533,0.0,2.1864173412323,0.0,0.0,0.0,0.0,1.2411290407180786,0.0,0.0012335407081991434,1.747651219367981,0.15525323152542114,0.0,0.0,0.0,0.0,0.0,0.9094011783599854,2.1476247310638428,0.0,0.0,0.0,0.31605586409568787,0.0,0.0,0.0,3.3915863037109375,0.0,0.0,0.017309220507740974,0.0,2.0637121200561523,0.0,0.0,2.3708136081695557,2.3541221618652344,0.0,0.005632476881146431,1.4519881010055542,1.6541584730148315,0.5960521697998047,0.0,0.0,0.0,0.0,0.0,0.0,0.9219053387641907,3.793963670730591,0.0,0.0,0.0,0.0,0.0,0.0,0.1325819492340088,0.0,1.9286564588546753,0.0,2.0153262615203857,0.0,0.9091846942901611,0.0,0.0,0.0,0.029548384249210358,0.0,0.0,0.10141069442033768,0.0,2.1358988285064697,0.01927688904106617,0.0,1.9166420698165894,0.0,0.0,0.0,0.11838018149137497,0.0,0.0,0.014888107776641846,0.048802465200424194,0.038291241973638535,0.008614793419837952,0.0,0.0,0.0,0.0,0.1597890704870224,0.018908469006419182,0.0,0.0,0.0,0.0,1.644903540611267,0.0,0.004169053863734007,0.0,3.2828359603881836,2.653379440307617,0.9689681529998779,0.0,0.446140855550766,0.0,0.0,0.0,0.0,0.0,0.0,0.0,0.0,0.0,0.0,0.028789618983864784,0.0,0.0,0.0,0.0,0.0,0.0,0.0,0.0,0.0,0.4882126748561859,0.0,2.282231092453003,0.030520685017108917,0.0,0.0,0.0,0.021515173837542534,0.0,0.004540478345006704,0.0,0.0,0.21990270912647247,0.0,0.0,0.0,0.0,0.0,0.0,0.0,0.0,0.0,0.0,0.27232855558395386,0.05511683598160744,0.0,0.6396832466125488,0.0,0.0,3.0698776245117188,0.0,0.9080432057380676,3.0688984394073486,0.14814873039722443,0.0,0.0,0.6508273482322693,0.0,0.0,0.019811110571026802,0.033456794917583466,0.0,0.00861559621989727,1.461574673652649,0.0037562588695436716,0.0,0.0,0.0,0.0,0.0,1.2822374105453491,0.0,0.0,0.0,0.0,0.0,2.141846179962158,0.0,0.0054494887590408325,0.0,0.0,0.0,0.0,0.0,0.0,0.021507002413272858,0.0,1.6728148460388184,0.0,0.0,0.0,0.0,2.1785104274749756,0.0,0.0,2.1693074703216553,0.047775570303201675,0.0,0.0,0.04082266986370087,0.0,0.0,0.45169034600257874,0.7097148299217224,0.0,0.0,0.3981475830078125,0.0,0.0,0.7998834252357483,3.216291666030884,0.0,0.0,0.0,0.007809879258275032,0.0,0.0,0.0,1.7720656394958496,0.0,0.0,0.5957148671150208,0.0,0.0,0.0,0.0,0.0,0.0,0.0,0.0,0.0,0.0,2.357296943664551
033_S_1116,MCI,validation,0.5903777480125427,2.4767205715179443,0.36126506328582764,0.29719042778015137,0.0,0.0,0.0,1.424410343170166,0.7763153910636902,1.086087703704834,0.0,0.0,0.0,0.0,2.3201942443847656,0.35598745942115784,0.0,0.0,0.168120875954628,0.0,0.326797217130661,0.0,2.243891954421997,0.0,0.0,0.0,0.0,1.097634196281433,0.3675978183746338,0.14302359521389008,1.3155975341796875,0.011950064450502396,0.0,0.0,0.0,0.0,0.0,1.0123201608657837,1.5936425924301147,0.0,0.0,0.0,0.12093117088079453,0.0,0.0,0.0,2.7538182735443115,0.0,0.0,0.0,0.0,1.2062722444534302,0.0,0.0,1.2481852769851685,1.3981233835220337,0.0,0.0,0.8635194897651672,1.6869233846664429,0.2209397703409195,0.0,0.0,0.0,0.5371605753898621,0.0,0.0,0.5657889246940613,2.9486382007598877,0.0,0.0,0.0,0.0,0.0,0.0,0.015388396568596363,0.0,1.0389034748077393,0.014483556151390076,1.209281325340271,0.0,1.0472798347473145,0.0,0.019947079941630363,0.0,0.33390745520591736,0.0,0.0,0.6563047766685486,0.0,1.1045405864715576,0.2881825268268585,0.0,1.1026865243911743,0.0,0.0,0.0,0.3415595591068268,0.0,0.0,0.395615816116333,0.07031693309545517,0.0,0.0,0.0,0.0,0.0,0.2515510618686676,0.3485525846481323,0.5385182499885559,0.0,0.0,0.0,0.0,0.7375938296318054,0.0,0.0,0.0,1.6943198442459106,1.3783845901489258,0.5506218075752258,0.0,0.6560977101325989,0.0,0.0,0.34163299202919006,0.0,0.001670823316089809,0.0,0.1356136053800583,0.0,0.0,0.0,0.4452758729457855,0.0,0.0,0.0,0.0,0.01903512142598629,0.0,0.0,0.0,0.0,0.3493996560573578,0.0,0.9999944567680359,0.0,0.011492501944303513,0.4647461473941803,0.0,0.0,0.0,0.1349782645702362,0.0,0.0,0.1037139892578125,0.0,0.0,0.0,0.14733758568763733,0.0,0.0,0.0,0.5015230178833008,0.0,0.0,0.4650886058807373,0.11819961667060852,0.0,0.4568239748477936,0.0,0.0,1.744154930114746,0.0,1.042172908782959,1.7462892532348633,0.022798078134655952,0.0,0.0,0.4131823778152466,0.0,0.0,0.057882215827703476,0.43092918395996094,0.0,0.4991447925567627,0.8273281455039978,0.2618851661682129,0.0,0.0,0.0,0.0017752432031556964,0.0,0.9450069069862366,0.0,0.0,0.0,0.0,0.0,1.2908376455307007,0.0,0.3094189465045929,0.0,0.0,0.0,0.0,0.0,0.0,0.30842849612236023,0.0,1.7581082582473755,0.0,0.0,0.0,0.0,1.3062105178833008,0.0,0.0,2.3458824157714844,0.2732093036174774,0.0,0.0,0.11801230907440186,0.0,0.0,0.49646344780921936,0.3268456757068634,0.0,0.46961116790771484,0.23115868866443634,0.0,0.0,1.0296697616577148,2.3030917644500732,0.0,0.0,0.0,0.0,0.0,0.0,0.0,1.4521008729934692,0.0,0.0,0.6527765393257141,0.0,0.0,0.0,0.0,0.0,0.0,0.0,0.0,0.0,0.0,1.1637052297592163
133_S_1055,AD,validation,0.30036672949790955,3.2142903804779053,1.1187998056411743,1.064552903175354,0.0,0.0,0.0,1.0606898069381714,0.6026287078857422,0.600803792476654,0.0,0.0,0.0,0.0,2.6565091609954834,0.8619228005409241,0.0,0.0,0.43182694911956787,0.0,1.1961690187454224,0.0,2.6466238498687744,0.0,0.0,0.0,0.0,1.6247245073318481,1.3785351514816284,0.7823594212532043,1.3397480249404907,0.06307319551706314,0.0,0.0,0.0,0.0,0.0,1.5133947134017944,1.2981351613998413,0.0,0.0,0.0,0.0428423136472702,0.0,0.0,0.0,2.960977554321289,0.0,0.0,0.0,0.0,0.6923530101776123,0.0,0.0,0.7572283148765564,0.8304570317268372,0.0,0.0,0.5883181095123291,2.151470899581909,0.13750462234020233,0.0,0.0,0.0,1.8781827688217163,0.0,0.0,0.34540167450904846,2.8960020542144775,0.0,0.0,0.0,0.0,0.0,0.0,0.031602468341588974,0.0,0.8788096904754639,0.016451552510261536,0.6494515538215637,0.0,1.6498960256576538,0.0,0.0,0.0,0.7899677157402039,0.0,0.0,1.5841680765151978,0.0,0.6098712086677551,0.36461055278778076,0.0,0.7769635319709778,0.0,0.0,0.0,1.744063377380371,0.0,0.0,1.4509596824645996,0.023328354582190514,0.0,0.0,0.0,0.0,0.0,0.8645099997520447,1.0026696920394897,1.8564800024032593,0.0,0.0,0.0,0.0,0.4121491014957428,0.0,0.0,0.0,1.042890191078186,0.923976480960846,0.35473236441612244,0.0,1.3415933847427368,0.0,0.0,1.4732022285461426,0.0,0.0,0.0,0.7343279719352722,0.0,0.0,0.0,0.8688331246376038,0.0,0.0,0.0,0.0,0.027846219018101692,0.0,0.0,0.0,0.0,0.33778098225593567,0.0,0.6400129199028015,0.031490508466959,0.0,1.6191424131393433,0.0,0.0,0.0,0.47480401396751404,0.0,0.0,0.09012532234191895,0.0,0.0,0.0,0.32784053683280945,0.0,0.0,0.0,1.516478180885315,0.0,0.0,0.8288379311561584,1.0069066286087036,0.0,0.26957571506500244,0.0,0.0,0.9113951325416565,0.0,1.1925801038742065,1.1667768955230713,0.047809798270463943,0.0,0.0,0.20592577755451202,0.0,0.0,0.5614689588546753,1.0464993715286255,0.0,1.6638031005859375,0.5261980295181274,0.9530258178710938,0.0,0.0,0.0,0.0,0.0,0.7013285756111145,0.0,0.0,0.0,0.0,0.0,1.3737435340881348,0.0,1.2349662780761719,0.0,0.0,0.0,0.0,0.0,0.0,1.117240071296692,0.0,2.2787532806396484,0.0,0.0,0.0,0.0,1.3934508562088013,0.0,0.0,3.200406789779663,0.7777705788612366,0.0,0.13865967094898224,0.15720438957214355,0.0,0.0,0.5790485143661499,0.134816974401474,0.0,1.351266860961914,0.1333792358636856,0.0,0.04166537895798683,1.3906184434890747,2.5221245288848877,0.0,0.0,0.0,0.0,0.0,0.0,0.0,1.730628490447998,0.0,0.0,0.637126624584198,0.0,0.0,0.0,0.0,0.0,0.0,0.0,0.0,0.0,0.0,0.635823667049408
002_S_1280,CN,test,0.49169278144836426,1.04665207862854,0.0,0.0,0.0,0.0,0.0,1.458578109741211,0.6574296355247498,1.019736886024475,0.0,0.0,0.0,0.0,1.2689918279647827,0.0,0.0,0.0,0.0,0.0,0.0,0.0,0.9655609726905823,0.0,0.0,0.0,0.0,0.6307347416877747,0.0,0.0,0.8439741134643555,0.15440423786640167,0.0,0.0,0.0,0.0,0.0,0.322940856218338,1.0308771133422852,0.0,0.0,0.0,0.023038407787680626,0.0,0.0,0.005464706104248762,1.528121829032898,0.0,0.0,0.04684658348560333,0.0,0.9180806279182434,0.0,0.0,1.043509602546692,0.9336205124855042,0.0,0.0,0.9920552372932434,0.7606151700019836,0.23333196341991425,0.0,0.0,0.0,0.0,0.0,0.0,0.3857005536556244,1.7916593551635742,0.0,0.0,0.0,0.0,0.0,0.0,0.14458979666233063,0.0,0.9301937222480774,0.0,1.0086162090301514,0.0,0.40633225440979004,0.0,0.0,0.0,0.0,0.0,0.0,0.1654563695192337,0.0,1.0455427169799805,0.030420906841754913,0.0,0.9132323861122131,0.0,0.0,0.0,0.0,0.0,0.0,0.0,0.0,0.003134446917101741,0.0,0.0,0.0,0.0,0.0,0.12165390700101852,0.0,0.0,0.0,0.0,0.0,0.788857638835907,0.0,0.06578300148248672,0.0,1.3578954935073853,1.2647056579589844,0.3458772897720337,0.0,0.45097365975379944,0.0,0.0,0.0,0.0,0.0,0.0,0.0,0.0,0.0,0.0,0.0,0.0,0.0,0.0,0.0,0.0,0.0,0.0,0.0,0.0,0.436750203371048,0.0,1.1856335401535034,0.01722395420074463,0.0,0.0,0.0,0.06058771535754204,0.0,0.0,0.0,0.0,0.25949591398239136,0.0,0.0,0.0,0.0,0.0,0.0,0.0,0.0,0.0,0.0,0.03914874792098999,0.0,0.0,0.3422565162181854,0.0,0.0,1.1081236600875854,0.0,0.45213577151298523,1.348427414894104,0.1386316865682602,0.0,0.0,0.297719806432724,0.0,0.0,0.023293903097510338,0.0,0.0,0.0,0.743201732635498,0.0,0.0,0.0,0.0,0.008774477057158947,0.0,0.7611826062202454,0.0,0.0,0.0,0.0,0.0,1.0658761262893677,0.0,0.0,0.0,0.0,0.00025851590908132493,0.0,0.0,0.0,0.0,0.0,0.7674221992492676,0.0,0.0,0.0,0.0,1.1779009103775024,0.0,0.0,1.035264492034912,0.0,0.0,0.0,0.02054881863296032,0.0,0.0,0.056208666414022446,0.20345444977283478,0.0,0.0,0.3392055928707123,0.0,0.0,0.2711431682109833,1.6779632568359375,0.0,0.0,0.0,0.0,0.0,0.0,0.0,0.8559611439704895,0.0,0.0,0.19801954925060272,0.0,0.0,0.0,0.0,0.0,0.0,0.0,0.0,0.0,0.0,1.0312280654907227
033_S_0724,AD,test,0.8123320937156677,2.7574217319488525,0.6310474276542664,0.5151105523109436,0.0,0.0,0.0,1.7861356735229492,0.8172456622123718,1.407227635383606,0.00036965476465411484,0.0,0.0,0.0,2.5865118503570557,0.5319458246231079,0.0005239744787104428,0.0,0.24367113411426544,0.0,0.5840057730674744,0.0,2.324943780899048,0.0,0.0,0.0,0.0,1.0943928956985474,0.702815592288971,0.17147153615951538,1.4627021551132202,0.08141722530126572,0.0,0.0,0.0,0.0,0.0,1.1368337869644165,1.5683010816574097,0.0,0.0,0.0,0.2398027926683426,0.0,0.0,0.0,2.920208692550659,0.0,0.0,0.0,0.0,1.3695586919784546,0.0,0.0,1.4951726198196411,1.771016001701355,0.0,0.0,0.8203627467155457,1.8008805513381958,0.3305799663066864,0.0,0.0,0.0,0.981297492980957,0.0,0.0,0.5552350878715515,3.234039306640625,0.0,0.0,0.0,0.0,0.0,0.0,0.057121481746435165,0.0,1.2616852521896362,0.007453031372278929,1.350783348083496,0.0,1.1422479152679443,0.0,0.019206875935196877,0.0,0.512813150882721,0.0,0.0,0.8635366559028625,0.0,1.3096795082092285,0.4475433826446533,0.0,1.2368115186691284,0.0,0.0,0.0,0.5275110006332397,0.0,0.0,0.7872561812400818,0.10072610527276993,0.0,0.0,0.0,0.0,0.0,0.4358632564544678,0.4524477422237396,1.0004606246948242,0.0,0.0,0.0,0.0,1.060240387916565,0.0,0.0,0.0,2.244981527328491,1.7003332376480103,0.609264075756073,0.0,0.7684929966926575,0.0,0.0,0.6458958983421326,0.0,0.0,0.0,0.13915850222110748,0.0,0.0,0.0,0.6252257823944092,0.0,0.0,0.0,0.0,0.04882531240582466,0.0,0.0,0.0,0.0,0.40127408504486084,0.0,1.3567272424697876,0.053314220160245895,0.0,0.8846473097801208,0.0,0.0,0.0,0.22195760905742645,0.0,0.0,0.13196557760238647,0.0,0.0,0.0,0.29141947627067566,0.0,0.0,0.0,0.7914044857025146,0.0,0.0,0.45586514472961426,0.08421621471643448,0.0,0.5581545233726501,0.0,0.0,2.2302277088165283,0.0,1.1218271255493164,2.0877790451049805,0.0034059472382068634,0.0,0.0,0.4383601248264313,0.0,0.0,0.053547874093055725,0.7054861187934875,0.0,0.8412485122680664,1.0423272848129272,0.4011894166469574,0.0,0.0,0.0,0.003972414880990982,0.0,0.9119864106178284,0.0,0.0,0.0,0.0,0.0,1.5117079019546509,0.0,0.5856500267982483,0.0,0.0,0.0,0.0,0.0,0.0,0.5788646340370178,0.0,1.7735280990600586,0.0,0.0,0.0,0.0,1.492390751838684,0.0,0.0,2.581623077392578,0.4127139151096344,0.0,0.0,0.18652789294719696,0.0,0.0,0.5744168758392334,0.4367637634277344,0.0,0.7876103520393372,0.21440468728542328,0.0,0.0,1.094152569770813,2.5171477794647217,0.0,0.0,0.0,0.0,0.0,0.0,0.0,1.578750491142273,0.0,0.0,0.6231369376182556,0.0,0.0,0.0,0.0,0.0,0.0,0.0,0.0,0.0,0.0,1.493952751159668
133_S_0488,CN,test,0.0562959723174572,2.8559114933013916,1.6200107336044312,1.4576501846313477,0.0,0.0,0.0,0.14304868876934052,0.149299755692482,0.064972884953022,0.03406400606036186,0.0,0.0,0.0,2.3540403842926025,1.3505210876464844,0.08853194862604141,0.0,0.591418445110321,0.0,1.550955891609192,0.0,2.2591798305511475,0.0,0.0,0.0,0.0,1.3638042211532593,1.6823161840438843,0.7251074910163879,1.0794702768325806,0.0028153161983937025,0.0,0.0,0.0,0.0,0.0,1.3816462755203247,0.6993861794471741,0.0,0.0,0.0,0.0,0.0,0.0,0.013129531405866146,1.9501086473464966,0.0,0.0,0.024586936458945274,0.0,0.02543836645781994,0.0,0.0,0.06438909471035004,0.05020894482731819,0.0,0.0,0.19695161283016205,2.0300397872924805,0.0,0.0,0.0,0.0,2.4772937297821045,0.0,0.0,0.015669183805584908,1.7051814794540405,0.0027560361195355654,0.0,0.0,0.0,0.0,0.0,0.029904872179031372,0.0,0.4349478781223297,0.0024048148188740015,0.09891728311777115,0.0,1.4858498573303223,0.0,0.0,0.0,1.0871281623840332,0.0,0.0,1.879449725151062,0.0,0.09783976525068283,0.8051955103874207,0.0,0.13331225514411926,0.0,0.0,0.0,1.6344852447509766,0.0,0.0,1.9254850149154663,0.0,0.0,0.0,0.0,0.0,0.0,1.1874254941940308,0.9331675171852112,2.5001401901245117,0.0,0.0,0.0,0.0,0.052478089928627014,0.0,0.05731676518917084,0.0,0.06684889644384384,0.13936300575733185,0.0,0.0,1.6130646467208862,0.0,0.0,1.8364225625991821,0.0,0.0,0.0,0.7557423710823059,0.0,0.0,0.0,1.491197943687439,0.0,0.0,0.0,0.0,0.05712767317891121,0.0,0.0,0.0,0.0,0.1334991157054901,0.0,0.14337246119976044,0.005815104115754366,0.0,2.3973329067230225,0.0,0.0300795529037714,0.0,0.6620417237281799,0.0,0.0,0.08493386954069138,0.0,0.0,0.0,0.7983388304710388,0.0,0.0,0.0,1.9882030487060547,0.007231101393699646,0.0,0.7119076251983643,0.7020894885063171,0.0,0.039325691759586334,0.0,0.0,0.014654173515737057,0.0,1.409854769706726,0.1078994870185852,0.05136168375611305,0.0,0.0,0.019354624673724174,0.0,0.0,0.3535335958003998,1.582524299621582,0.0,2.137409210205078,0.06952234357595444,1.1710377931594849,0.0,0.0,0.0,0.0,0.0,0.40137776732444763,0.0,0.0,0.0,0.0,0.0,0.9396059513092041,0.0,1.5385411977767944,0.0,0.0,0.0,0.0,0.0,0.0,1.4200705289840698,0.0,2.138824462890625,0.0,0.0,0.0,0.0,0.5979934334754944,0.0,0.0,3.022848129272461,0.9993231892585754,0.0,0.1377716064453125,0.4459889829158783,0.0,0.0,0.7586978077888489,0.0004419808683451265,0.0,1.9635143280029297,0.06082850322127342,0.0,0.0,1.2338162660598755,1.503819465637207,0.004318785388022661,0.0,0.0,0.0,0.0,0.0,0.0,1.188433051109314,0.0,0.0,0.3066173493862152,0.0,0.0,0.0,0.0,0.008483539335429668,0.0,0.0,0.0,0.0,0.0,0.07061811536550522
016_S_1121,MCI,test,1.0502793788909912,1.6743093729019165,0.0,0.0,0.0,0.0,0.0,2.9860992431640625,1.3535032272338867,1.9652847051620483,0.0,0.0,0.0,0.0,2.0929205417633057,0.0,0.0,0.0,0.0,0.0,0.0,0.0,1.5812908411026,0.006579859182238579,0.0,0.0,0.0,0.8961910605430603,0.0,0.0,1.2503968477249146,0.23273281753063202,0.0,0.0,0.0,0.0,0.0,0.46875444054603577,1.8560552597045898,0.0,0.0,0.0,0.15690593421459198,0.0,0.0,0.0,2.5809154510498047,0.0,0.0,0.002053920878097415,0.0,1.9008303880691528,0.0,0.0,2.0427443981170654,1.8671802282333374,0.0,0.0,1.9660550355911255,1.2684015035629272,0.43001529574394226,0.0,0.0,0.0,0.0,0.0,0.0,0.7531106472015381,2.9678618907928467,0.0,0.0,0.0,0.0,0.0,0.0,0.029298720881342888,0.0,1.55150306224823,0.0,1.8952142000198364,0.0,0.40634146332740784,0.0,0.0,0.0,0.0,0.0,0.0,0.053499653935432434,0.0,1.9362150430679321,0.04253849759697914,0.0,1.9141925573349,0.0,0.0,0.0,0.0,0.0,0.0,0.0,0.012362518347799778,0.10000767558813095,0.020126700401306152,0.015008022077381611,0.0,0.0,0.0,0.015698203817009926,0.0,0.0,0.0,0.0,0.0,1.5302006006240845,0.0,0.05967983230948448,0.0,2.622713565826416,2.4203288555145264,0.9381267428398132,0.0,0.6054962277412415,0.0,0.0,0.0,0.0,0.0,0.0,0.0,0.0,0.0,0.0,0.0,0.0,0.0,0.0,0.0,0.0,0.0,0.0,0.0,0.0,0.8217396140098572,0.0,1.9039167165756226,0.056095924228429794,0.0,0.0,0.0,0.11629500240087509,0.0,0.0,0.0,0.0,0.3866749107837677,0.0,0.0,0.0,0.0,0.0,0.0,0.0,0.0,0.0,0.0,0.009063794277608395,0.0,0.0,0.7442619800567627,0.008724331855773926,0.0,2.292219877243042,0.0,0.7403295636177063,2.7378151416778564,0.015269712544977665,0.0,0.0,0.5869598984718323,0.0,0.0,0.0,0.0,0.0,0.0,1.5449968576431274,0.0,0.0,0.0,0.0,0.002919404534623027,0.0,1.5846456289291382,0.0,0.0,0.0,0.0,0.0,1.5540348291397095,0.0,0.0,0.0,0.0,0.0,0.0,0.0,0.0,0.0,0.0,1.1304606199264526,0.0,0.0,0.0,0.0,1.7561115026474,0.0,0.0,1.727535605430603,0.0,0.0,0.0,0.0,0.0,0.0,0.20996828377246857,0.4655105173587799,0.0,0.0,0.592693030834198,0.0,0.0,0.2886001169681549,2.399139404296875,0.0,0.0,0.0,0.0,0.0,0.0,0.0,1.2971564531326294,0.0,0.0,0.3530057966709137,0.0,0.0,0.0,0.0,0.0,0.0,0.0,0.0,0.0,0.0,1.938331961631775
136_S_0299,AD,test,0.0,0.9851048588752747,0.4715338945388794,0.5281020998954773,0.0,0.0,0.0,0.050997670739889145,0.0700145736336708,0.0,0.003132383106276393,0.0,0.0,0.0,0.7737240195274353,0.5228038430213928,0.0,0.0,0.14312978088855743,0.0,0.5209288001060486,0.0,0.8520364165306091,0.0,0.0,0.0,0.0,0.46369537711143494,0.5842730402946472,0.29153504967689514,0.3798327147960663,0.0,0.0,0.0,0.0,0.0,0.0,0.4614432156085968,0.2897704541683197,0.0,0.0,0.0,0.0,0.0,0.0,0.0,0.7161230444908142,0.0,0.0,0.0,0.0,0.012140951119363308,0.0,0.0,0.0,0.0,0.0,0.0,0.07398103922605515,0.7503095269203186,0.0,0.0,0.0,0.0,0.8004769682884216,0.0,0.0,0.00497739901766181,0.6757127642631531,0.0,0.0,0.0,0.0,0.0,0.0,0.0,0.0,0.1758309155702591,0.024697257205843925,0.011939252726733685,0.0,0.6395125985145569,0.0,0.0,0.0,0.30516284704208374,0.0,0.0,0.6577913165092468,0.0,0.0,0.1959792971611023,0.0,0.031680457293987274,0.0,0.0,0.0,0.6428746581077576,0.0,0.0,0.6459289193153381,0.0,0.0,0.0,0.0,0.0,0.0,0.40444567799568176,0.38710758090019226,0.8064541816711426,0.0,0.0,0.0,0.0,0.0,0.0,0.015612578950822353,0.0,0.0,0.04162868857383728,0.011606127955019474,0.0,0.6896712779998779,0.0,0.0,0.5836827158927917,0.0,0.0,0.0,0.3320775628089905,0.0,0.0,0.0,0.38076159358024597,0.0,0.0,0.0,0.0,0.0,0.0,0.0,0.0,0.0,0.05750639736652374,0.0,0.020516419783234596,0.0,0.0,0.772068977355957,0.0,0.0006105150678195059,0.0,0.2537359595298767,0.0,0.0,0.027008073404431343,0.0,0.0,0.0,0.1671421378850937,0.0,0.0,0.0,0.7056038975715637,0.0,0.0,0.19492940604686737,0.3962431252002716,0.0,0.0,0.0,0.0,0.0,0.0,0.4279120862483978,0.022117676213383675,0.0,0.0,0.0,0.0,0.0,0.0,0.15763333439826965,0.4390459358692169,0.0,0.7282879948616028,0.0,0.37084969878196716,0.0,0.0,0.0,0.0,0.0,0.15633000433444977,0.0,0.0,0.0,0.0,0.0,0.343598335981369,0.0,0.5334532856941223,0.0,0.0,0.0,0.0,0.0,0.0,0.48259401321411133,0.0,0.7577688694000244,0.0,0.0,0.0,0.0,0.18535567820072174,0.0,0.0,1.0367740392684937,0.24680858850479126,0.0,0.015175078064203262,0.03666645288467407,0.0,0.0,0.268763929605484,0.0,0.0,0.6303756833076477,0.002909876639023423,0.0,0.0,0.5081365704536438,0.5301143527030945,0.0022550509311258793,0.0,0.002588187111541629,0.0,0.0,0.0,0.0,0.48878777027130127,0.0,0.0,0.1391378492116928,0.0,0.0,0.0,0.0,0.0,0.0,0.0,0.0,0.0,0.0,0.0
116_S_0649,MCI,test,0.615774393081665,1.5183910131454468,0.0,0.008344189263880253,0.0,0.0,0.0,1.622195839881897,0.7575024962425232,1.1697580814361572,0.0,0.0,0.0,0.0,1.5546258687973022,0.0,0.0,0.0,0.0,0.0,0.0,0.0,1.3007936477661133,0.004341521766036749,0.0,0.0,0.0,0.655440628528595,0.0,0.0,1.0577386617660522,0.14932291209697723,0.0,0.0,0.0,0.0,0.0,0.5054042339324951,1.2206789255142212,0.0,0.0,0.0,0.12479750066995621,0.0,0.0,0.0,2.007439136505127,0.0,0.0,0.0,0.0,1.0961871147155762,0.0,0.0,1.2110790014266968,1.1856735944747925,0.0,0.0,1.049560308456421,1.044223666191101,0.23988695442676544,0.0,0.0,0.0,0.0,0.0,0.0,0.5003831386566162,2.2668044567108154,0.0,0.0,0.0,0.0,0.0,0.0,0.050979867577552795,0.0,1.1156865358352661,0.0,1.1513476371765137,0.0,0.5641443729400635,0.0,0.0,0.0,0.0,0.0,0.0,0.135271355509758,0.0,1.0939520597457886,0.014636366628110409,0.0,1.1182643175125122,0.0,0.0,0.0,0.0,0.0,0.0,0.0,0.01943536475300789,0.031179742887616158,0.0,0.0,0.0,0.0,0.0,0.08982852846384048,0.0,0.0,0.0,0.0,0.0,0.8783109784126282,0.0,0.03574078902602196,0.0,1.6816611289978027,1.447656273841858,0.5403923988342285,0.0,0.4278274476528168,0.0,0.0,0.0,0.0,0.0,0.0,0.0,0.0,0.0,0.0,0.026960698887705803,0.0,0.0,0.0,0.0,0.0,0.0,0.0,0.0,0.0,0.4671876132488251,0.0,1.2374783754348755,0.01825803704559803,0.0,0.0,0.0,0.02943613938987255,0.0,0.0,0.0,0.0,0.21287697553634644,0.0,0.0,0.0,0.0,0.0,0.0,0.0,0.0,0.0,0.0,0.10013523697853088,0.0,0.0,0.4100509583950043,0.0008069197065196931,0.0,1.4551693201065063,0.0,0.5471133589744568,1.6164082288742065,0.03408518806099892,0.0,0.0,0.36099907755851746,0.0,0.0,0.0,0.0,0.0,0.0,0.8472211956977844,0.0,0.0,0.0,0.0,0.0,0.0,0.9084160923957825,0.0,0.0,0.0,0.0,0.0,1.201016902923584,0.0,0.0,0.0,0.0,0.0,0.0,0.0,0.0,0.0,0.0,0.9701743125915527,0.0,0.0,0.0,0.0,1.2887028455734253,0.0,0.0,1.3031502962112427,0.0,0.0,0.0,0.058872584253549576,0.0,0.0,0.1996999979019165,0.2687385082244873,0.0,0.0,0.29105544090270996,0.0,0.0,0.4341913163661957,1.9172636270523071,0.0,0.0,0.0,0.0,0.0,0.0,0.0,1.0108606815338135,0.0,0.0,0.3654197156429291,0.0,0.0,0.0,0.0,0.0,0.0,0.0,0.0,0.0,0.0,1.1840869188308716
016_S_1149,MCI,test,0.8931791186332703,1.9874097108840942,0.0,0.0,0.0,0.0002714097499847412,0.0,2.35156512260437,1.1958001852035522,1.6354947090148926,0.0,0.0,0.0,0.0,2.0789599418640137,0.0,0.0,0.0,0.0,0.0,0.0,0.0,1.7692147493362427,0.01248258352279663,0.0,0.0,0.0,0.8926560282707214,0.0,0.0,1.3492640256881714,0.1348448246717453,0.0,0.0,0.0,0.0,0.0,0.6927645206451416,1.83108651638031,0.0,0.0,0.0,0.055911969393491745,0.0,0.0,0.0,2.681025505065918,0.0,0.0,0.0,0.0,1.7001434564590454,0.0,0.0,1.7980715036392212,1.8224719762802124,0.0,0.0,1.6111831665039062,1.316113829612732,0.36197543144226074,0.0,0.0,0.0,0.0,0.0,0.0,0.6718561053276062,3.000229597091675,0.0,0.0,0.0,0.0,0.0,0.0,0.10479018092155457,0.0,1.2857065200805664,0.0,1.6567836999893188,0.0,0.6421053409576416,0.0,0.014781101606786251,0.0,0.0,0.0,0.0,0.12045013159513474,0.0,1.5767083168029785,0.06400101631879807,0.0,1.6463855504989624,0.0,0.0,0.0,0.0,0.0,0.0,0.0,0.021879523992538452,0.0788675919175148,0.0,0.0,0.0,0.0,0.0,0.051862817257642746,0.0,0.0,0.0,0.0,0.0,1.2813917398452759,0.0,0.07054785639047623,0.0,2.3482322692871094,1.9883403778076172,0.7281826138496399,0.0,0.4995611608028412,0.0,0.0,0.0,0.0,0.001863739569671452,0.0,0.0,0.0,0.0,0.0,0.0,0.0,0.0,0.0,0.0,0.0,0.0,0.0,0.0,0.0,0.6931797862052917,0.0,1.5965255498886108,0.019550563767552376,0.0,0.0,0.0,0.08971811085939407,0.0,0.0,0.0,0.0,0.26032406091690063,0.0,0.0,0.0,0.0,0.0,0.0,0.0,0.0,0.0,0.0,0.18687129020690918,0.0,0.0,0.6575174927711487,0.001730632851831615,0.0,2.2179696559906006,0.0,0.8433239459991455,2.3907177448272705,0.09915392845869064,0.0,0.0,0.539499044418335,0.0,0.0,0.0,0.0,0.0,0.0,1.3134459257125854,0.0,0.0,0.0,0.0,0.0,0.0,1.3511134386062622,0.0,0.0,0.0,0.0,0.0,1.4705533981323242,0.0,0.0,0.0,0.0,0.004838956519961357,0.0,0.0,0.0,0.0,0.0,1.2537602186203003,0.0,0.0,0.0,0.0,1.7011512517929077,0.0,0.0,1.849250316619873,0.0,0.0,0.0,0.03829464688897133,0.0,0.0,0.24831043183803558,0.36863088607788086,0.0,0.0,0.4809475839138031,0.0,0.0,0.5492686629295349,2.553407669067383,0.0,0.0,0.0,0.0,0.0,0.0,0.0,1.3908438682556152,0.0,0.0,0.43348217010498047,0.0,0.0,0.0,0.0,0.0,0.0,0.0,0.0,0.0,0.0,1.6908982992172241
100_S_0190,MCI,test,0.0,2.3005502223968506,0.21718381345272064,0.4124581813812256,0.0,0.0,0.0,0.032900430262088776,0.10779670625925064,0.0,0.0028311710339039564,0.0,0.0,0.0,1.701876163482666,0.3125070333480835,0.0,0.0,0.06336946785449982,0.0,0.29595044255256653,0.0,1.8434677124023438,0.0,0.0,0.0,0.0,0.8806600570678711,0.2905644476413727,0.17980937659740448,1.0305522680282593,0.0,0.0,0.0,0.0,0.0,0.0,0.9708397388458252,0.5563618540763855,0.0,0.0,0.0,0.04979604482650757,0.0,0.0,0.0,1.9560734033584595,0.0,0.0,0.0,0.0,0.04027445986866951,0.0,0.0,0.03389612212777138,0.02992178313434124,0.0,0.0,0.0,1.4905351400375366,0.006856961641460657,0.0,0.0,0.0,0.40328311920166016,0.0,0.0,0.1325676292181015,2.034787654876709,0.0,0.0,0.0,0.0,0.0,0.0,0.0,0.0,0.7236800193786621,0.04010595753788948,0.0,0.0,1.2126659154891968,0.0,0.0,0.0,0.22122333943843842,0.0,0.0,0.9389470219612122,0.0,0.0,0.26159706711769104,0.0,0.06766162067651749,0.0,0.0,0.0,0.39479419589042664,0.0,0.0,0.3800031244754791,0.0,0.0,0.0,0.0,0.0,0.0,0.21499359607696533,0.5898330807685852,0.4784383475780487,0.0,0.0,0.0,0.0,0.0,0.0,0.0,0.0,0.07842888683080673,0.0789007917046547,0.054486170411109924,0.0,0.8086583614349365,0.0,0.0,0.26669126749038696,0.0,0.0,0.0,0.17138677835464478,0.0,0.0,0.0,0.39143121242523193,0.0,0.0,0.0,0.0,0.0,0.0,0.0,0.0,0.0,0.0,0.0,0.06317200511693954,0.0,0.0,0.35325098037719727,0.0,0.0,0.0,0.18635092675685883,0.0,0.0,0.0,0.0,0.0,0.0,0.10673251003026962,0.0,0.0,0.0,0.4132637083530426,0.0,0.0,0.32445940375328064,0.2911597788333893,0.0,0.0,0.0,0.0,0.005410988349467516,0.0,0.7952360510826111,0.06508170813322067,0.0,0.0,0.0,0.0,0.0,0.0,0.04520363733172417,0.33758294582366943,0.0,0.4396742284297943,0.0,0.21304185688495636,0.0,0.0,0.0,0.0,0.0,0.40095099806785583,0.0,0.0,0.0,0.0,0.0,1.0460878610610962,0.0,0.3496157228946686,0.0,0.0,0.0,0.0,0.0,0.0,0.29618340730667114,0.0,1.5533839464187622,0.0,0.0,0.0,0.0,0.9437162280082703,0.0,0.0,1.9403444528579712,0.1945304274559021,0.0,0.0,0.2500127851963043,0.0,0.0,0.5858913064002991,0.017558811232447624,0.0,0.4204501807689667,0.0,0.0,0.0,0.9663439393043518,1.644394874572754,0.0,0.0,0.0,0.0,0.0,0.0,0.0,1.0702508687973022,0.0,0.0,0.5669020414352417,0.0,0.0,0.0,0.0,0.0,0.0,0.0,0.0,0.0,0.0,0.0402199923992157
023_S_1046,MCI,test,1.5365839004516602,2.3750030994415283,0.0,0.0,0.0,0.0,0.0,3.7181522846221924,1.5593838691711426,2.9420764446258545,0.0,0.0,0.0,0.0,2.9624454975128174,0.0,0.0,0.0,0.0,0.0,0.0,0.0,2.2072131633758545,0.0,0.0,0.0,0.0,1.1881427764892578,0.0,0.0,1.7593663930892944,0.11459251493215561,0.0,0.0,0.0,0.0,0.0,0.7397363781929016,2.656355142593384,0.0,0.0,0.0,0.3987720012664795,0.0,0.0,0.0,3.640789747238159,0.0,0.0,0.0,0.0,2.8365707397460938,0.0,0.0,3.084942579269409,3.1400041580200195,0.0,0.005017624702304602,2.015639543533325,1.6268876791000366,0.681128203868866,0.0,0.0,0.0,0.0,0.0,0.0,1.2613062858581543,4.137098789215088,0.0,0.0,0.0,0.0,0.0,0.0,0.04266173020005226,0.0,2.0760858058929443,0.0,2.5451319217681885,0.0,0.8294606804847717,0.0,0.000313919095788151,0.0,0.0,0.0,0.0,0.0058831945061683655,0.0,2.81961727142334,0.01293434202671051,0.0,2.44421124458313,0.0,0.0,0.0,0.0,0.0,0.0,0.0,0.11018534749746323,0.03276108577847481,0.020475272089242935,0.0,0.0,0.0,0.0,0.0651857927441597,0.0,0.0,0.0,0.0,0.0,2.1039154529571533,0.0,0.0,0.0,4.228560447692871,3.407299041748047,1.2888388633728027,0.0,0.2880041301250458,0.0,0.0,0.0,0.0,0.0,0.0,0.0,0.0,0.0,0.0,0.0,0.0,0.0,0.0,0.0,0.0,0.0,0.0,0.0,0.0,0.6334013342857361,0.0,2.7250959873199463,0.019228629767894745,0.008896959945559502,0.0,0.0,0.002573810052126646,0.0,0.0,0.0,0.0,0.3011823892593384,0.0,0.0,0.0,0.0,0.0,0.0,0.0,0.0,0.0,0.0,0.1901320070028305,0.0,0.0,1.0253859758377075,0.0,0.0,4.076457500457764,0.0,0.9895588755607605,3.9187564849853516,0.04414868727326393,0.0,0.0,0.8305366039276123,0.0,0.0,0.0,0.0,0.0,0.0,1.9394521713256836,0.0,0.0,0.0,0.0,0.0,0.0,1.5231910943984985,0.0,0.0,0.0,0.0,0.0,2.3237111568450928,0.0,0.0,0.0,0.0,0.0015039219288155437,0.0,0.0,0.0,0.0,0.0,1.5474295616149902,0.0,0.0,0.0,0.0,2.2096316814422607,0.0,0.0,2.2878048419952393,0.0,0.0,0.0,0.0,0.0,0.0,0.5164785981178284,0.9129524827003479,0.0,0.0,0.4698418080806732,0.0,0.0,0.864422619342804,3.1691739559173584,0.0,0.0,0.0,0.0,0.0,0.0,0.0,1.820991039276123,0.0,0.0,0.6846446990966797,0.0,0.0,0.0,0.0,0.0,0.0,0.0,0.0,0.0,0.0,3.0967509746551514
130_S_0956,AD,test,0.026920102536678314,1.5052356719970703,0.29741063714027405,0.36379680037498474,0.0,0.0,0.0,0.2132941335439682,0.2856614887714386,0.06911727041006088,0.0,0.0,0.0,0.0,1.1391922235488892,0.37811946868896484,0.0,0.0,0.022203730419278145,0.0,0.2966575026512146,0.0,1.2096222639083862,0.0,0.0,0.0,0.0,0.5333347916603088,0.32319700717926025,0.133852019906044,0.7369291186332703,0.0,0.0,0.0,0.0,0.0,0.0,0.38082900643348694,0.64164799451828,0.0,0.0,0.0,0.0,0.0,0.0,0.011670528911054134,1.3093851804733276,0.0,0.0,0.0343436636030674,0.0,0.0655779018998146,0.0,0.0,0.05932311341166496,0.06019347906112671,0.0,0.0,0.333980917930603,1.0052942037582397,0.012054521590471268,0.0,0.0,0.0,0.47127413749694824,0.0,0.0,0.051617592573165894,1.3723572492599487,0.0,0.0,0.0,0.0,0.0,0.0,0.12424075603485107,0.0,0.35858917236328125,0.0,0.09724064916372299,0.0,0.8849222660064697,0.0,0.0,0.0,0.16132545471191406,0.0,0.0,0.8250517249107361,0.0,0.07529949396848679,0.2284363955259323,0.0,0.19503147900104523,0.0,0.0,0.0,0.3232729434967041,0.0,0.0,0.38410305976867676,0.0,0.00021741622185800225,0.0,0.0,0.0,0.0,0.25205495953559875,0.40787315368652344,0.45528891682624817,0.0,0.0,0.0,0.0,0.020086077973246574,0.0,0.07053861767053604,0.0,0.07139786332845688,0.22369830310344696,0.05121031403541565,0.0,0.9296924471855164,0.0,0.0,0.24822086095809937,0.0,0.0,0.0,0.1701827198266983,0.0,0.0,0.0,0.24602985382080078,0.0,0.0,0.0,0.0,0.0,0.0,0.0,0.0,0.0,0.24906764924526215,0.0,0.14247848093509674,0.0,0.0,0.4681749641895294,0.0,0.05037842318415642,0.0,0.15943919122219086,0.0,0.0,0.17827342450618744,0.0,0.0,0.0,0.1165141835808754,0.0,0.0,0.0,0.43846186995506287,0.0,0.0,0.10471164435148239,0.17485308647155762,0.0,0.013644889928400517,0.018630320206284523,0.0,0.0,0.0,0.7100253701210022,0.14903207123279572,0.1404571533203125,0.0,0.0,0.02083946019411087,0.0,0.0,0.14018698036670685,0.19037318229675293,0.0,0.3349597752094269,0.036725401878356934,0.19443821907043457,0.0,0.0,0.0,0.0,0.0,0.4314572513103485,0.0,0.0,0.0,0.0,0.0,0.7535922527313232,0.0,0.33139553666114807,0.0,0.0,0.0,0.0,0.0,0.0,0.1976214498281479,0.0,1.071639895439148,0.0,0.0,0.0,0.0,0.8025858402252197,0.0,0.0,1.3366403579711914,0.05160693824291229,0.0,0.0,0.088802270591259,0.0,0.0,0.25210142135620117,0.012602362781763077,0.0,0.36644744873046875,0.044145505875349045,0.0,0.0,0.5991918444633484,1.2448822259902954,0.009457122534513474,0.0,0.0,0.0,0.0,0.0,0.0,0.6973640322685242,0.0,0.0,0.09824908524751663,0.0,0.0,0.0,0.0,0.0,0.0,0.0,0.0,0.0,0.0,0.058358609676361084
002_S_1268,MCI,test,0.028370240703225136,0.6446398496627808,0.16416816413402557,0.18824933469295502,0.0,0.0,0.0,0.13586506247520447,0.14458666741847992,0.060985252261161804,0.0,0.0,0.0,0.0,0.548703670501709,0.15788666903972626,0.0,0.0,0.047668665647506714,0.0,0.16565220057964325,0.0,0.6728639006614685,0.0,0.0,0.0,0.0,0.3208499252796173,0.20757459104061127,0.13600432872772217,0.2785024046897888,0.0013394859852269292,0.0,0.0,0.0,0.0,0.0,0.2458052784204483,0.3474979102611542,0.0,0.0,0.0,0.0,0.0,0.0,0.0,0.6114104390144348,0.0,0.0,0.0,0.0,0.06723978370428085,0.0,0.0,0.05399179086089134,0.033784691244363785,0.0,0.0,0.1887405514717102,0.5235854983329773,0.005216103512793779,0.0,0.0,0.0,0.27136120200157166,0.0,0.0,0.007163248490542173,0.6182907819747925,0.0,0.0,0.0,0.0,0.0,0.0,0.0,0.0,0.22154806554317474,0.015545323491096497,0.08964111655950546,0.0,0.3840170204639435,0.0,0.0,0.0,0.10972926765680313,0.0,0.0,0.3352867662906647,0.0,0.06280835717916489,0.060339510440826416,0.0,0.12080201506614685,0.0,0.0,0.0,0.2737843692302704,0.0,0.0,0.22106796503067017,0.0,0.0053190686739981174,0.0,0.0,0.0,0.0,0.14575788378715515,0.20130972564220428,0.25339311361312866,0.0,0.0,0.0,0.0,0.03406255319714546,0.0,0.03356911987066269,0.0,0.03804152086377144,0.13262805342674255,0.03165764361619949,0.0,0.40168556571006775,0.0,0.0,0.18590925633907318,0.0,0.0,0.0,0.12408200651407242,0.0,0.0,0.0,0.1237683966755867,0.0,0.0,0.0,0.0,0.0,0.0,0.0,0.0,0.0,0.12877391278743744,0.0,0.06933246552944183,0.0,0.0,0.23738844692707062,0.0,0.04702448472380638,0.0,0.09237632900476456,0.0,0.0,0.04673535004258156,0.0,0.0,0.0,0.03228418901562691,0.0,0.0,0.0,0.2501141130924225,0.0,0.0,0.12718424201011658,0.1831447333097458,0.0,0.004507678095251322,0.005836763884872198,0.0,0.0,0.0,0.24378027021884918,0.08436823636293411,0.0,0.0,0.0,0.01436599250882864,0.0,0.0,0.0834088921546936,0.16240032017230988,0.0,0.27834469079971313,0.03995673730969429,0.12458434700965881,0.0,0.0,0.0,0.0,0.0,0.23003631830215454,0.0,0.0,0.0,0.0,0.0,0.24892878532409668,0.0,0.16369441151618958,0.0,0.0,0.0,0.0,0.0,0.0,0.19080066680908203,0.0,0.46910932660102844,0.0,0.0,0.0,0.0,0.22483165562152863,0.0,0.0,0.620517909526825,0.10356198996305466,0.0,0.0069757308810949326,0.0015216489555314183,0.0,0.0,0.15903909504413605,0.0,0.0,0.19478948414325714,0.03673815727233887,0.0,0.0,0.30340713262557983,0.5259197950363159,0.0,0.0,0.0,0.0,0.0,0.0,0.0,0.32480567693710327,0.0,0.0,0.08061376959085464,0.0,0.0,0.0,0.0,0.0,0.0,0.0,0.0,0.0,0.0,0.022534267976880074
068_S_1191,CN,test,0.16656218469142914,0.6903696656227112,0.0,0.0,0.0,0.0,0.0,0.5106431245803833,0.2891491949558258,0.3422708511352539,0.0,0.0,0.0,0.0,0.6557940244674683,0.0,0.0,0.0,0.0,0.0,0.0,0.0,0.7164198756217957,0.0,0.0,0.0,0.0,0.2767205536365509,0.0,0.0,0.4246961176395416,0.019566258415579796,0.0,0.0,0.0,0.0,0.0,0.1354232132434845,0.5161226987838745,0.0,0.0,0.0,0.01619710586965084,0.0,0.0,0.0,0.8534813523292542,0.0,0.0,0.0,0.0,0.35728299617767334,0.0,0.0,0.3880777657032013,0.41809114813804626,0.0,0.0,0.34972211718559265,0.4859718978404999,0.07396675646305084,0.0,0.0,0.0,0.0,0.0,0.0,0.1273690164089203,0.94520503282547,0.0,0.0,0.0,0.0,0.0,0.0,0.0,0.0,0.3870201110839844,0.0,0.4282315671443939,0.0,0.3439118564128876,0.0,0.0,0.0,0.0,0.0,0.0,0.04960503801703453,0.0,0.3469390869140625,0.0,0.0,0.3841428756713867,0.0,0.0,0.0,0.0,0.0,0.0,0.0,0.022426463663578033,0.0,0.0,0.0,0.0,0.0,0.0,0.0412907712161541,0.0,0.0,0.0,0.0,0.0,0.2268260270357132,0.0,0.028901904821395874,0.0,0.5275750756263733,0.5140349268913269,0.17689238488674164,0.0,0.22006390988826752,0.0,0.0,0.0,0.0,0.0,0.0,0.0,0.0,0.0,0.0,0.0,0.0,0.0,0.0,0.0,0.0,0.0,0.0,0.0,0.0,0.20166538655757904,0.0,0.3718571364879608,0.0019565667025744915,0.0,0.0,0.0,0.03977332264184952,0.0,0.0,0.0,0.0,0.04915042594075203,0.0,0.0,0.0,0.0,0.0,0.0,0.0,0.0,0.0,0.0,0.06392429769039154,0.0,0.0,0.1082296147942543,0.0008537010871805251,0.0,0.45137321949005127,0.0,0.26792439818382263,0.5881835222244263,0.0,0.0,0.0,0.11582842469215393,0.0,0.0,0.0,0.0,0.0,0.0,0.27490442991256714,0.0,0.0,0.0,0.0,0.0,0.0,0.35458484292030334,0.0,0.0,0.0,0.0,0.0,0.4263995587825775,0.0,0.0,0.0,0.0,0.0,0.0,0.0,0.0,0.0,0.0,0.4417402446269989,0.0,0.0,0.0,0.0,0.43610846996307373,0.0,0.0,0.5412631034851074,0.0,0.0,0.0,0.0,0.0,0.0,0.08500950783491135,0.04752508923411369,0.0,0.0,0.06580223143100739,0.0,0.0,0.2540633976459503,0.7341180443763733,0.0,0.0,0.0,0.0,0.0,0.0,0.0,0.4233129322528839,0.0,0.0,0.18087457120418549,0.0,0.0,0.0,0.0,0.0,0.0,0.0,0.0,0.0,0.0,0.3615667521953583
130_S_0505,MCI,test,0.012209612876176834,1.2881358861923218,0.13216204941272736,0.17907994985580444,0.0,0.0,0.0,0.13873885571956635,0.31430578231811523,0.0,0.0,0.0,0.0,0.0,0.979100227355957,0.35128459334373474,0.0,0.0,0.02401202917098999,0.0,0.1639634221792221,0.0,0.9521614909172058,0.0,0.0,0.0,0.0,0.3964489996433258,0.10885166376829147,0.0,0.6659923195838928,0.005389829631894827,0.0,0.0,0.0,0.0,0.0,0.243755504488945,0.5284039974212646,0.0,0.0,0.0,0.0,0.0,0.0,0.002891227835789323,1.11207914352417,0.0,0.0,0.0651487335562706,0.0,0.005905949044972658,0.0,0.0,0.0026239464059472084,0.0,0.0,0.0,0.24147464334964752,0.7889378666877747,0.0,0.0,0.0,0.0,0.2009480595588684,0.0,0.0,0.025118336081504822,1.1828351020812988,0.0,0.0,0.0,0.0,0.0,0.0,0.1329346001148224,0.0,0.3157053589820862,0.0025031950790435076,0.008547690697014332,0.0,0.7037899494171143,0.0,0.0,0.0,0.05631067231297493,0.0,0.0,0.7325732111930847,0.0,0.006232451181858778,0.30581435561180115,0.0,0.0987364649772644,0.0,0.0,0.0,0.0,0.0,0.0,0.17664097249507904,0.0,0.008828743360936642,0.0,0.0,0.0,0.0,0.17683792114257812,0.2653330862522125,0.19235120713710785,0.0,0.0,0.0,0.0,0.0,0.0,0.07731042802333832,0.0,0.0,0.07512828707695007,0.0,0.0,0.8258020281791687,0.0,0.0,0.04159237816929817,0.0,0.0,0.0,0.01114924531430006,0.0,0.0,0.0,0.17178986966609955,0.0,0.0,0.0,0.0,0.0,0.0,0.0,0.0,0.0,0.1845065802335739,0.0,0.07887967675924301,0.015976745635271072,0.0,0.2192823439836502,0.0,0.04401231184601784,0.0,0.04238711670041084,0.0,0.0,0.18372602760791779,0.0,0.0,0.0,0.07627544552087784,0.0,0.0,0.0,0.288221150636673,0.0,0.0,0.011591993272304535,0.004090919625014067,0.0,0.023563697934150696,0.043424155563116074,0.0,0.0,0.0,0.6756675839424133,0.030970625579357147,0.14804911613464355,0.0,0.0,0.0,0.0,0.0,0.025941265746951103,0.08342764526605606,0.0,0.13075430691242218,0.011667859740555286,0.07734589278697968,0.0,0.0,0.0,0.008159199729561806,0.0,0.4175095558166504,0.0,0.0,0.0,0.0,0.0,0.6628578305244446,0.0,0.1290620118379593,0.0,0.0,0.0,0.0,0.0,0.0,0.029688796028494835,0.0,0.8874266743659973,0.0,0.0,0.0,0.0,0.8244290351867676,0.0,0.0,1.1628094911575317,0.0,0.0,0.0,0.06642947345972061,0.0,0.0,0.09441151469945908,0.0,0.0,0.20828847587108612,0.066792331635952,0.0,0.0,0.4438961446285248,1.1704959869384766,0.00643446110188961,0.0,0.0,0.0,0.0,0.0,0.0,0.5390805602073669,0.0,0.0,0.0180624071508646,0.0,0.0,0.0,0.0,0.0,0.0,0.0,0.0,0.0,0.0,0.0
018_S_0369,CN,test,0.1351061910390854,1.5068353414535522,0.0807483047246933,0.12053784728050232,0.0,0.0,0.0,0.5174060463905334,0.40783724188804626,0.26674923300743103,0.0,0.0,0.0,0.0,1.2876360416412354,0.11887770891189575,0.0,0.0,0.0,0.0,0.1048634722828865,0.0,1.2838858366012573,0.0,0.0,0.0,0.0,0.5639917254447937,0.12816722691059113,0.05402651056647301,0.7316893935203552,0.005683765280991793,0.0,0.0,0.0,0.0,0.0,0.41478124260902405,0.8369295597076416,0.0,0.0,0.0,0.0,0.0,0.0,0.004285758826881647,1.4880634546279907,0.0,0.0,0.016854917630553246,0.0,0.24084244668483734,0.0,0.0,0.2267184853553772,0.21895724534988403,0.0,0.0,0.526417076587677,0.9994795322418213,0.019552765414118767,0.0,0.0,0.0,0.14408592879772186,0.0,0.0,0.08589447289705276,1.583159327507019,0.0,0.0,0.0,0.0,0.0,0.0,0.017260625958442688,0.0,0.5548657774925232,0.0,0.2999427020549774,0.0,0.7306340336799622,0.0,0.0,0.0,0.10870092362165451,0.0,0.0,0.48687806725502014,0.0,0.2550329267978668,0.11706617474555969,0.0,0.4045681655406952,0.0,0.0,0.0,0.1879270225763321,0.0,0.0,0.1551356166601181,0.0,0.0061281826347112656,0.0,0.0,0.0,0.0,0.051266979426145554,0.2329384833574295,0.20543943345546722,0.0,0.0,0.0,0.0,0.13617467880249023,0.0,0.06973341852426529,0.0,0.23159603774547577,0.4646083116531372,0.12194915860891342,0.0,0.6215950846672058,0.0,0.0,0.07348571717739105,0.0,0.0,0.0,0.0,0.0,0.0,0.0,0.15027430653572083,0.0,0.0,0.0,0.0,0.0,0.0,0.0,0.0,0.0,0.37584593892097473,0.0,0.25560247898101807,0.004497180692851543,0.0,0.08442313224077225,0.0,0.08630796521902084,0.0,0.07902355492115021,0.0,0.0,0.1478862762451172,0.0,0.0,0.0,0.053220417350530624,0.0,0.0,0.0,0.14203450083732605,0.0,0.0,0.16502363979816437,0.12051603198051453,0.0,0.08411931246519089,0.008524686098098755,0.0,0.020597564056515694,0.0,0.6452978253364563,0.41765692830085754,0.004992459435015917,0.0,0.0,0.05809296667575836,0.0,0.0,0.0006325302529148757,0.1225060224533081,0.0,0.151643767952919,0.19390995800495148,0.06262990087270737,0.0,0.0,0.0,0.0,0.0,0.5947737693786621,0.0,0.0,0.0,0.0,0.0,0.7681612968444824,0.0,0.14828772842884064,0.0,0.0,0.0,0.0,0.0,0.0,0.09146874397993088,0.0,0.9818246960639954,0.0,0.0,0.0,0.0,0.8020219206809998,0.0,0.0,1.3866782188415527,0.06269911676645279,0.0,0.0,0.0742773786187172,0.0,0.0,0.2726815938949585,0.0008273133425973356,0.0,0.17051656544208527,0.11577003449201584,0.0,0.0,0.5727829933166504,1.3405753374099731,0.0,0.0,0.0,0.0,0.0,0.0,0.0,0.6974851489067078,0.0,0.0,0.2012690156698227,0.0,0.0,0.0,0.0,0.0,0.0,0.0,0.0,0.0,0.0,0.14273832738399506
023_S_0030,MCI,test,0.6807951927185059,1.798301339149475,0.0,0.0,0.0,0.0,0.0,1.710621953010559,0.9480705857276917,1.2111464738845825,0.0,0.0,0.0,0.0,1.7735127210617065,0.0,0.0,0.0,0.0,0.0,0.0,0.009948255494236946,1.6836882829666138,0.0,0.0,0.0,0.0,0.8030252456665039,0.0,0.0,1.2075952291488647,0.19549834728240967,0.0,0.0,0.0,0.0,0.0,0.4501207768917084,1.454105019569397,0.0,0.0,0.0,0.0581141896545887,0.0,0.0,0.0,2.3246796131134033,0.0,0.0,0.022027574479579926,0.0,1.1535195112228394,0.0,0.0,1.2341363430023193,1.2287708520889282,0.0,0.0,1.320996642112732,1.1930428743362427,0.20181898772716522,0.0,0.0,0.0,0.0,0.0,0.0,0.33065253496170044,2.617079496383667,0.0,0.0,0.0,0.0,0.0,0.0,0.17877532541751862,0.0,1.1378206014633179,0.0,1.2550123929977417,0.0,0.7974699139595032,0.0,0.0,0.0,0.0,0.0,0.0,0.18724429607391357,0.0,1.1316536664962769,0.007780840154737234,0.0,1.2016682624816895,0.0,0.0,0.0,0.0,0.0,0.0,0.0,0.015709659084677696,0.023810597136616707,0.0,0.0,0.0,0.0,0.0,0.12257327884435654,0.0,0.0,0.0,0.0,0.0,0.8991336226463318,0.0,0.10778292268514633,0.0,1.5483320951461792,1.56144380569458,0.4238687753677368,0.0,0.6587023735046387,0.0,0.0,0.0,0.0,0.0,0.0,0.0,0.0,0.0,0.0,0.0,0.0,0.0,0.0,0.0,0.0,0.0,0.0,0.0,0.0,0.7484875321388245,0.0,1.336202621459961,0.08879541605710983,0.0,0.0,0.0,0.11018192023038864,0.0,0.0,0.0,0.0,0.33951592445373535,0.0,0.0,0.0,0.0,0.0,0.0,0.0,0.0,0.0,0.0,0.0928683653473854,0.0,0.0,0.4713665246963501,0.02576112560927868,0.0,1.3630585670471191,0.0,0.7247615456581116,1.7393053770065308,0.1166609525680542,0.0,0.0,0.3117014467716217,0.0,0.0,0.0,0.0,0.0,0.0,0.9829486012458801,0.0,0.0,0.0,0.0,0.002502966672182083,0.0,1.0956610441207886,0.0,0.0,0.0,0.0,0.0,1.3316980600357056,0.0,0.0,0.0,0.0,0.0,0.0,0.0,0.0,0.0,0.0,1.1880674362182617,0.0,0.0,0.0,0.0,1.5990651845932007,0.0,0.0,1.528216004371643,0.0,0.0,0.0,0.0032562799751758575,0.0,0.0,0.24219679832458496,0.1611785739660263,0.0,0.0,0.45359376072883606,0.0,0.0,0.5035074353218079,2.356741189956665,0.0,0.0,0.0,0.0,0.0,0.0,0.0,1.207398533821106,0.0,0.0,0.3344705402851105,0.0,0.0,0.0,0.0,0.0,0.0,0.0,0.0,0.0,0.0,1.0455559492111206
032_S_0479,CN,test,0.006827877834439278,1.7749885320663452,0.48403871059417725,0.5536848306655884,0.0,0.0,0.0,0.1286924034357071,0.25484585762023926,0.04351421818137169,0.0,0.0,0.0,0.0,1.4081878662109375,0.5095406174659729,0.0,0.0,0.09827136993408203,0.0,0.539671778678894,0.0,1.6355581283569336,0.0,0.0,0.0,0.0,0.7382888793945312,0.5970029830932617,0.32258233428001404,0.7725154757499695,0.0,0.0,0.0,0.0,0.0,0.0,0.7061176896095276,0.7756511569023132,0.0,0.0,0.0,0.0,0.0,0.0,0.0,1.4589265584945679,0.0,0.0,0.0,0.0,0.07570309191942215,0.0,0.0,0.012833709828555584,0.022459732368588448,0.0,0.0,0.27942439913749695,1.336377501487732,0.0,0.0,0.0,0.0,0.7342290282249451,0.0,0.0,0.008784730918705463,1.4705919027328491,0.0,0.0,0.0,0.0,0.0,0.0,0.0,0.0,0.4227217435836792,0.0,0.05779928341507912,0.0,1.100085735321045,0.0,0.0,0.0,0.26872116327285767,0.0,0.0,0.9458398818969727,0.0,0.0016284753801301122,0.26253464818000793,0.0,0.12583564221858978,0.0,0.0,0.0,0.7324704527854919,0.0,0.0,0.6738543510437012,0.0,0.0,0.0,0.0,0.0,0.0,0.3756064176559448,0.5774113535881042,0.818340539932251,0.0,0.0,0.0,0.0,0.0,0.0,0.025766359642148018,0.0,0.0,0.13894091546535492,0.05264495685696602,0.0,1.085927963256836,0.0,0.0,0.5517692565917969,0.0,0.0,0.0,0.36086156964302063,0.0,0.0,0.0,0.405592679977417,0.0,0.0,0.0,0.0,0.0,0.0,0.0,0.0,0.0,0.22067713737487793,0.0,0.0258097555488348,0.0,0.0,0.7467007040977478,0.0,0.11401540040969849,0.0,0.34517887234687805,0.0,0.0,0.08521950989961624,0.0,0.0,0.0,0.12441977113485336,0.0,0.0,0.0,0.7305142879486084,0.0,0.0,0.20506621897220612,0.4554039537906647,0.0,0.0,0.011655614711344242,0.0,0.0,0.0,0.7797408103942871,0.07896918058395386,0.0,0.0,0.0,0.0,0.0,0.0,0.2293979376554489,0.4220057427883148,0.0,0.7139727473258972,0.0,0.3894868791103363,0.0,0.0,0.0,0.0,0.0,0.5739681720733643,0.0,0.0,0.0,0.0,0.0,0.7460921406745911,0.0,0.579680860042572,0.0,0.0,0.0,0.0,0.0,0.0,0.47937557101249695,0.0,1.2535382509231567,0.0,0.0,0.0,0.0,0.5046848058700562,0.0,0.0,1.7204729318618774,0.270973265171051,0.0,0.012582752853631973,0.025528399273753166,0.0,0.0,0.5376119613647461,0.0,0.0,0.5834375619888306,0.013838070444762707,0.0,0.0,0.8121667504310608,1.1673061847686768,0.0009475551196373999,0.0,0.014675906859338284,0.0,0.0,0.0,0.0,0.8446184992790222,0.0,0.0,0.2691403925418854,0.0,0.0,0.0,0.0,0.01184463407844305,0.0,0.0,0.0,0.0,0.0,0.0
136_S_0579,MCI,test,0.32986846566200256,1.1581822633743286,0.0,0.0,0.0,0.0,0.0,0.9933835864067078,0.590910017490387,0.7093741297721863,0.0,0.0,0.0,0.0,1.1862672567367554,0.0,0.0,0.0,0.0,0.0,0.0,0.004961385391652584,1.2706413269042969,0.0,0.0,0.0,0.0,0.49957704544067383,0.0,0.0,0.7875739932060242,0.02266082353889942,0.0,0.0,0.0,0.0,0.0,0.29494616389274597,1.0561801195144653,0.0,0.0,0.0,0.0,0.0,0.0,0.0,1.5181512832641602,0.0,0.0,0.0,0.0,0.757932722568512,0.0,0.0,0.7022269368171692,0.849849283695221,0.0,0.0,0.8837261199951172,0.8577951788902283,0.07888516038656235,0.0,0.0,0.0,0.0,0.0,0.0,0.2583538293838501,1.6133381128311157,0.0,0.0,0.0,0.0,0.0,0.0,0.01733635924756527,0.0,0.6538906693458557,0.0,0.8186617493629456,0.0,0.5804325938224792,0.0,0.0002659704477991909,0.0,0.0,0.0,0.0,0.01447123009711504,0.0,0.7382062077522278,0.0051948307082057,0.0,0.7116160988807678,0.0,0.0,0.0,0.0,0.0,0.0,0.0,0.05025339499115944,0.0014488456072285771,0.0,0.0,0.0,0.0,0.0,0.12324098497629166,0.0,0.0,0.0,0.0,0.0,0.38948526978492737,0.0,0.028838736936450005,0.0,0.9176052212715149,0.9605803489685059,0.3593207895755768,0.0,0.3455328941345215,0.0,0.0,0.0,0.0,0.0,0.0,0.0,0.0,0.0,0.0,0.0,0.0,0.0,0.0,0.0,0.0,0.0,0.0,0.0,0.0,0.4058258533477783,0.0,0.5956385731697083,0.007424008566886187,0.0,0.0,0.0,0.05083881691098213,0.0,0.0,0.0,0.0,0.1161586120724678,0.0,0.0,0.0,0.0,0.0,0.0,0.0,0.0,0.0,0.0,0.05191059038043022,0.0,0.0,0.23850278556346893,0.000418843817897141,0.0,0.7992122769355774,0.0,0.4569087028503418,1.102742314338684,0.0,0.0,0.0,0.2441854476928711,0.0,0.0,0.0,0.0,0.0,0.0,0.5197243094444275,0.0,0.0,0.0,0.0,0.0005951312487013638,0.0,0.8483564257621765,0.0,0.0,0.0,0.0,0.0,0.7008557319641113,0.0,0.0,0.0,0.0,0.0,0.0,0.0,0.0,0.0,0.0,0.8581914901733398,0.0,0.0,0.0,0.0,0.805751621723175,0.0,0.0,0.9809982180595398,0.0,0.0,0.0,0.0,0.0,0.0,0.13578884303569794,0.1170915886759758,0.0,0.0,0.1656680405139923,0.0,0.0,0.4034762382507324,1.2936702966690063,0.0,0.0,0.0,0.0,0.0,0.0,0.0,0.7253692150115967,0.0,0.0,0.3801954984664917,0.0,0.0,0.0,0.0,0.0,0.0,0.0,0.0,0.0,0.0,0.5964877605438232
068_S_0442,MCI,test,0.1335689276456833,0.580385148525238,0.0,0.0,0.0,0.0,0.0,0.5007249712944031,0.30012014508247375,0.31022030115127563,0.0,0.0,0.0,0.0,0.5827595591545105,0.0,0.0,0.0,0.0,0.0,0.0,0.0,0.6066771149635315,0.0,0.0,0.0,0.0,0.224393829703331,0.0,0.0,0.3494369089603424,0.02144628018140793,0.0,0.0,0.0,0.0,0.0,0.09343277662992477,0.47718551754951477,0.0,0.0,0.0,0.00815576035529375,0.0,0.0,0.0,0.7172372341156006,0.0,0.0,0.0,0.0,0.3102273941040039,0.0,0.0,0.31822386384010315,0.3202286660671234,0.0,0.0,0.46930959820747375,0.44570839405059814,0.036311328411102295,0.0,0.0,0.0,0.0,0.0,0.0,0.10622230917215347,0.8115038275718689,0.0,0.0,0.0,0.0,0.0,0.0,0.01064277347177267,0.0,0.3440122902393341,0.0,0.3888152837753296,0.0,0.28372153639793396,0.0,0.0,0.0,0.0,0.0,0.0,0.04964277520775795,0.0,0.3074657917022705,0.0,0.0,0.3835126459598541,0.0,0.0,0.0,0.0,0.0,0.0,0.0,0.0,0.0,0.0,0.0,0.0,0.0,0.0,0.04186519980430603,0.0,0.0,0.0,0.0,0.0,0.18558555841445923,0.0,0.011606506071984768,0.0,0.3876298666000366,0.46553102135658264,0.16513262689113617,0.0,0.23868972063064575,0.0,0.0,0.0,0.0,0.0,0.0,0.0,0.0,0.0,0.0,0.0,0.0,0.0,0.0,0.0,0.0,0.0,0.0,0.0,0.0,0.2562980353832245,0.0,0.31948772072792053,0.004076907876878977,0.0,0.0,0.0,0.05154770240187645,0.0,0.0,0.0,0.0,0.05817269906401634,0.0,0.0,0.0,0.0,0.0,0.0,0.0,0.0,0.0,0.0,0.015068436972796917,0.0,0.0,0.07018069177865982,0.0,0.0,0.25571519136428833,0.0,0.23417653143405914,0.47770610451698303,0.0,0.0,0.0,0.10305667668581009,0.0,0.0,0.0,0.0,0.0,0.0,0.23238597810268402,0.0,0.0,0.0,0.0,0.0,0.0,0.4341016113758087,0.0,0.0,0.0,0.0,0.0,0.36318719387054443,0.0,0.0,0.0,0.0,0.0,0.0,0.0,0.0,0.0,0.0,0.38707223534584045,0.0,0.0,0.0,0.0,0.381247878074646,0.0,0.0,0.47245052456855774,0.0,0.0,0.0,0.0,0.0,0.0,0.058173950761556625,0.016944769769906998,0.0,0.0,0.10512936115264893,0.0,0.0,0.16698600351810455,0.6305835843086243,0.0,0.0,0.0,0.0,0.0,0.0,0.0,0.33431145548820496,0.0,0.0,0.1316039264202118,0.0,0.0,0.0,0.0,0.0,0.0,0.0,0.0,0.0,0.0,0.24241209030151367
023_S_0331,MCI,test,0.1737820953130722,0.48134422302246094,0.0,0.0,0.0,0.0,0.0,0.45159485936164856,0.2879895269870758,0.3454388678073883,0.0,0.0,0.0,0.0,0.5106148719787598,0.0,0.0,0.0,0.0,0.0,0.0,0.004316436592489481,0.5396448969841003,0.0,0.0,0.0,0.0,0.2243271917104721,0.0,0.0,0.30963197350502014,0.005703307688236237,0.0,0.0,0.0,0.0,0.0,0.10631471127271652,0.5059866309165955,0.0,0.0,0.0,0.0,0.0,0.0,0.0,0.6322306394577026,0.0,0.0,0.0,0.0,0.3513265550136566,0.0,0.0,0.3232145309448242,0.32396331429481506,0.0,0.0,0.46596571803092957,0.3623129427433014,0.01628532074391842,0.0,0.0,0.0,0.0,0.0,0.0,0.09119698405265808,0.7026485800743103,0.0,0.0,0.0,0.0,0.0,0.0,0.017557621002197266,0.0,0.305776447057724,0.0,0.41010287404060364,0.0,0.22127264738082886,0.0,0.0,0.0,0.0,0.0,0.0,0.013425408862531185,0.0,0.31567832827568054,0.0,0.0,0.3673652410507202,0.0,0.0,0.0,0.0,0.0,0.0,0.0,0.014383126981556416,0.0,0.0,0.0,0.0,0.0,0.0,0.03602460026741028,0.0,0.0,0.0,0.0,0.0,0.22987206280231476,0.0,0.028488703072071075,0.0,0.37475109100341797,0.40771248936653137,0.1280599683523178,0.0,0.19511449337005615,0.0,0.0,0.0,0.0,0.0,0.0,0.0,0.0,0.0,0.0,0.0,0.0,0.0,0.0,0.0,0.0,0.0,0.0,0.0,0.0,0.21166761219501495,0.0,0.27939262986183167,0.02074844017624855,0.0,0.0,0.0,0.08512433618307114,0.0,0.0,0.0,0.0,0.06974778324365616,0.0,0.0,0.0,0.0,0.0,0.0,0.0,0.0,0.0,0.0,0.012849812395870686,0.0,0.0,0.11603683978319168,0.0,0.0,0.3048273026943207,0.0,0.22593681514263153,0.43846753239631653,0.0,0.0,0.0,0.09576313942670822,0.0,0.0,0.0,0.0,0.0,0.0,0.25436392426490784,0.0,0.0,0.0,0.0,0.0,0.0,0.40223217010498047,0.0,0.0,0.0,0.0,0.0,0.3052939772605896,0.0,0.0,0.0,0.0,0.0,0.0,0.0,0.0,0.0,0.0,0.3668208122253418,0.0,0.0,0.0,0.0,0.32586297392845154,0.0,0.0,0.4596850574016571,0.0,0.0,0.0,0.0,0.0,0.0,0.06327091157436371,0.012449963949620724,0.0,0.0,0.12230834364891052,0.0,0.0,0.15697215497493744,0.582069993019104,0.0,0.0,0.0,0.0,0.0,0.0,0.0,0.2990368902683258,0.0,0.0,0.10856326669454575,0.0,0.0,0.0,0.0,0.0,0.0,0.0,0.0,0.0,0.0,0.2464790940284729
021_S_0753,AD,test,1.48507821559906,2.393559455871582,0.0,0.0,0.0,0.0,0.0,3.821425199508667,1.7250885963439941,2.7681639194488525,0.0,0.0,0.0,0.0,2.814974069595337,0.0,0.0,0.0,0.0,0.0,0.0,0.0,2.1419217586517334,0.005159554537385702,0.0,0.0,0.0,1.0343605279922485,0.0,0.0,1.6871161460876465,0.20164929330348969,0.0,0.0,0.0,0.0,0.0,0.5383703112602234,2.402951955795288,0.0,0.0,0.0,0.3743249475955963,0.0,0.0,0.0,3.5081303119659424,0.0,0.0,0.0,0.0,2.587038278579712,0.0,0.0,2.8784148693084717,2.977442741394043,0.0,0.0,2.311187505722046,1.584876537322998,0.7144758105278015,0.0,0.0,0.0,0.0,0.0,0.0,1.1552176475524902,4.050509929656982,0.0,0.0,0.0,0.0,0.0,0.0,0.0,0.0,1.9423681497573853,0.0,2.585437536239624,0.0,0.6944992542266846,0.0,0.0,0.0,0.0,0.0,0.0,0.008231326006352901,0.0,2.7456023693084717,0.018975308164954185,0.0,2.570590019226074,0.0,0.0,0.0,0.0,0.0,0.0,0.0,0.10508165508508682,0.07023559510707855,0.008602344430983067,0.0,0.0,0.0,0.0,0.003995893988758326,0.0,0.0,0.0,0.0,0.0,1.9712333679199219,0.0,0.015746599063277245,0.0,3.982743978500366,3.446589708328247,1.383776068687439,0.0,0.4762480556964874,0.0,0.0,0.0,0.0,0.0,0.0,0.0,0.0,0.0,0.0,0.0,0.0,0.0,0.0,0.0,0.0,0.0,0.0,0.0,0.0,0.9082779884338379,0.0,2.6106128692626953,0.06303670257329941,0.0,0.0,0.0,0.04041831195354462,0.0,0.0,0.0,0.0,0.3570014238357544,0.0,0.0,0.0,0.0,0.0,0.0,0.0,0.0,0.0,0.0,0.022783374413847923,0.0,0.0,1.0774410963058472,0.0,0.0,3.6479949951171875,0.0,0.9172971248626709,3.964141845703125,0.0,0.0,0.0,0.8628926873207092,0.0,0.0,0.0,0.0,0.0,0.0,2.053720474243164,0.0,0.0,0.0,0.0,0.0,0.0,1.818449854850769,0.0,0.0,0.0,0.0,0.0,2.1091699600219727,0.0,0.0,0.0,0.0,0.0,0.0,0.0,0.0,0.0,0.0,1.543653964996338,0.0,0.0,0.0,0.0,2.1644465923309326,0.0,0.0,2.1174116134643555,0.0,0.0,0.0,0.0,0.0,0.0,0.344452828168869,0.8488250374794006,0.0,0.0,0.6595439314842224,0.0,0.0,0.6774290204048157,2.9787518978118896,0.0,0.0,0.0,0.0,0.0,0.0,0.0,1.6826138496398926,0.0,0.0,0.730924665927887,0.0,0.0,0.0,0.0,0.0,0.0,0.0,0.0,0.0,0.0,2.8889834880828857
133_S_0525,CN,test,0.05268314108252525,2.0008151531219482,1.0581130981445312,1.0434632301330566,0.0,0.0,0.0,0.11893514543771744,0.14296764135360718,0.05201239883899689,0.008709820918738842,0.0,0.0,0.0,1.496960997581482,0.8824973106384277,0.008592386730015278,0.0,0.3268872797489166,0.0,1.0553040504455566,0.0,1.5311026573181152,0.0,0.0,0.0,0.0,0.9154834151268005,1.1924270391464233,0.5334978699684143,0.6988787651062012,0.011372205801308155,0.0,0.0,0.0,0.0,0.0,0.8736252188682556,0.5045813918113708,0.0,0.0,0.0,0.0,0.0,0.0,0.01634097844362259,1.3974095582962036,0.0,0.0,0.05171865597367287,0.0,0.028468159958720207,0.0,0.0,0.050908684730529785,0.03411979600787163,0.0,0.0,0.17148472368717194,1.329898715019226,0.0,0.0,0.0,0.0,1.667769432067871,0.0,0.0,0.001763198059052229,1.2624388933181763,0.0,0.0,0.0,0.0,0.0,0.0,0.05511769652366638,0.0,0.2717207372188568,0.0,0.06977371126413345,0.0,1.119494080543518,0.0,0.0,0.0,0.6331622004508972,0.0,0.0,1.3699747323989868,0.0,0.07087742537260056,0.47900304198265076,0.0,0.08880562335252762,0.0,0.0,0.0,1.2715339660644531,0.0,0.0,1.3024088144302368,0.0,0.004308377858251333,0.0,0.0,0.0,0.0,0.8120174407958984,0.7188816666603088,1.628442645072937,0.0,0.0,0.0,0.0,0.04325389862060547,0.0,0.05718955397605896,0.0,0.02600192278623581,0.098839171230793,0.0,0.0,1.2266393899917603,0.0,0.0,1.194649577140808,0.0,0.0,0.0,0.6198393106460571,0.0,0.0,0.0,0.8891260027885437,0.0,0.0,0.0,0.0,0.028703151270747185,0.0,0.0,0.0,0.0,0.13318279385566711,0.0,0.08110665529966354,0.020437398925423622,0.0,1.5813804864883423,0.0,0.03423428162932396,0.0,0.4600808322429657,0.0,0.0,0.09293651580810547,0.0,0.0,0.0,0.42633578181266785,0.0,0.0,0.0,1.3632146120071411,0.001589517225511372,0.0,0.4533461630344391,0.6979044079780579,0.0,0.02902311086654663,0.018822679296135902,0.0,0.0,0.0,0.9350866675376892,0.06845443695783615,0.08005912601947784,0.0,0.0,0.01794673502445221,0.0,0.0,0.3364534080028534,0.9282299876213074,0.0,1.3931306600570679,0.0660996362566948,0.7680783271789551,0.0,0.0,0.0,0.0,0.0,0.24392855167388916,0.0,0.0,0.0,0.0,0.0,0.731997013092041,0.0,1.1110153198242188,0.0,0.0,0.0,0.0,0.0,0.0,0.9410423636436462,0.0,1.4804400205612183,0.0,0.0,0.0,0.0,0.644185483455658,0.0,0.0,2.0353009700775146,0.599010169506073,0.0,0.06875211000442505,0.24077089130878448,0.0,0.0,0.43191003799438477,0.0,0.0,1.2407370805740356,0.05962955951690674,0.0,0.0,0.8644739985466003,1.2354013919830322,0.0,0.0,0.01690799556672573,0.0,0.0,0.0,0.0,0.8663405776023865,0.0,0.0,0.22654210031032562,0.0,0.0,0.0,0.0,0.0,0.0,0.0,0.0,0.0,0.0,0.01840611919760704
027_S_0404,AD,test,0.500087320804596,0.8558034300804138,0.0,0.0,0.0,0.0,0.0,1.2930071353912354,0.5695595741271973,0.9329464435577393,0.0,0.0,0.0,0.0,0.954335629940033,0.0,0.0,0.0,0.0,0.0,0.0,0.0,0.7445924282073975,0.0,0.0,0.0,0.0,0.3160969316959381,0.0,0.0,0.6524127125740051,0.12125596404075623,0.0,0.0,0.0,0.0,0.0,0.20622943341732025,0.7339833378791809,0.0,0.0,0.0,0.1614067107439041,0.0,0.0,0.0,1.2190860509872437,0.0,0.0,0.0,0.0,0.9071252346038818,0.0,0.0,1.0253876447677612,1.0959876775741577,0.0,0.0,0.7555592060089111,0.5338135361671448,0.24541878700256348,0.0,0.0,0.0,0.0,0.0,0.0,0.4042370021343231,1.448490023612976,0.0,0.0,0.0,0.0,0.0,0.0,0.016800761222839355,0.0,0.7038479447364807,0.0,0.9220224022865295,0.0,0.2849690616130829,0.0,0.0,0.0,0.0,0.0,0.0,0.0,0.0,0.9615773558616638,0.0,0.0,0.8863351941108704,0.0,0.0,0.0,0.0,0.0,0.0,0.0,0.00748099060729146,0.0,0.0,0.0,0.0,0.0,0.0,0.0034546253737062216,0.0,0.0,0.0,0.0,0.0,0.6769608855247498,0.0,0.0,0.0,1.4372512102127075,1.2283846139907837,0.4257369041442871,0.0,0.14708998799324036,0.0,0.0,0.0,0.0,0.0,0.0,0.0,0.0,0.0,0.0,0.0,0.0,0.0,0.0,0.0,0.0,0.0,0.0,0.0,0.0,0.34362050890922546,0.0,0.9587075710296631,0.04322029650211334,0.0,0.0,0.0,0.0,0.0,0.0,0.0,0.0,0.14096717536449432,0.0,0.0,0.0,0.0,0.0,0.0,0.0,0.0,0.0,0.0,0.0,0.0,0.0,0.3610776960849762,0.0,0.0,1.3082387447357178,0.0,0.25957971811294556,1.391030192375183,0.0,0.0,0.0,0.3068831264972687,0.0,0.0,0.0,0.0,0.0,0.0,0.7054567933082581,0.0,0.0,0.0,0.0,0.0,0.0,0.5797585844993591,0.0,0.0,0.0,0.0,0.0,0.7298924326896667,0.0,0.0,0.0,0.0,0.0,0.0,0.0,0.0,0.0,0.0,0.5376467108726501,0.0,0.0,0.0,0.0,0.7852100729942322,0.0,0.0,0.6613005995750427,0.0,0.0,0.0,0.0,0.0,0.0,0.09801625460386276,0.28274378180503845,0.0,0.0,0.23585575819015503,0.0,0.0,0.2737862169742584,1.1111314296722412,0.0,0.0,0.0,0.0,0.0,0.0,0.0,0.6231206059455872,0.0,0.0,0.2524357736110687,0.0,0.0,0.0,0.0,0.0,0.0,0.0,0.0,0.0,0.0,0.9807360768318176
013_S_1035,CN,test,0.6217467188835144,2.4792115688323975,0.710524320602417,0.6223347187042236,0.0,0.0,0.0,1.5155242681503296,0.7540374398231506,1.0565110445022583,0.012706279754638672,0.0,0.0,0.0,2.3324029445648193,0.513226330280304,0.0,0.0,0.2641892731189728,0.0,0.6769805550575256,0.0,2.149601936340332,0.0,0.0,0.0,0.0,1.2393345832824707,0.8052434325218201,0.3316018283367157,1.2347158193588257,0.11879953742027283,0.0,0.0,0.0,0.0,0.0,1.0300835371017456,1.4080123901367188,0.0,0.0,0.0,0.04142913594841957,0.0,0.0,0.0,2.5359184741973877,0.0,0.0,0.0,0.0,0.9769218564033508,0.0,0.0,1.0704383850097656,1.1292777061462402,0.0,0.0,1.0682426691055298,1.7033424377441406,0.24628539383411407,0.0,0.0,0.0,1.138654112815857,0.0,0.0,0.342378169298172,2.738821268081665,0.0007132294122129679,0.0,0.0,0.0,0.0,0.0,0.09312250465154648,0.0,1.0200045108795166,0.012460246682167053,1.0698434114456177,0.0,1.1575995683670044,0.0,0.0,0.0,0.5360415577888489,0.0,0.0,1.0604537725448608,0.0,1.0726875066757202,0.37536218762397766,0.0,0.9975100159645081,0.0,0.0,0.0,0.9039830565452576,0.0,0.0,0.9530642032623291,0.02101357840001583,0.0,0.0,0.0,0.0,0.0,0.4717596471309662,0.6586127877235413,1.1541184186935425,0.0,0.0,0.0,0.0,0.7799027562141418,0.0,0.013766243122518063,0.0,1.4204975366592407,1.3671609163284302,0.405125230550766,0.0,1.0315182209014893,0.0,0.0,0.8496332764625549,0.0,0.0,0.0,0.28132903575897217,0.0,0.0,0.0,0.610176146030426,0.0,0.0,0.0,0.0,0.018991928547620773,0.0,0.0,0.0,0.0,0.6127897500991821,0.0,1.0856581926345825,0.0801357850432396,0.0019104360835626721,0.995124876499176,0.0,0.01721956767141819,0.0,0.24120919406414032,0.0,0.0,0.2625197470188141,0.0,0.0,0.0,0.21472005546092987,0.0,0.0,0.0,0.9256569743156433,0.0,0.0,0.4723341166973114,0.37875422835350037,0.0,0.4212605059146881,0.0,0.0,1.222971796989441,0.0,1.0074831247329712,1.4864253997802734,0.04824504256248474,0.0,0.0,0.32926276326179504,0.0,0.0,0.22198455035686493,0.74177485704422,0.0,0.99198979139328,0.8681445717811584,0.4878898561000824,0.0,0.0,0.0,0.009077326394617558,0.0,0.8795399069786072,0.0,0.0,0.0,0.0,0.0,1.3872637748718262,0.0,0.7458980083465576,0.0,0.0,0.0,0.0,0.0,0.0,0.7102645039558411,0.0,1.7711061239242554,0.0,0.0,0.0,0.0,1.388625144958496,0.0,0.0,2.5055911540985107,0.44420289993286133,0.0,0.009125180542469025,0.14997287094593048,0.0,0.0,0.38881370425224304,0.19526486098766327,0.0,0.8412286639213562,0.33430400490760803,0.0,0.0,0.9085719585418701,2.361929178237915,0.0,0.0,0.0,0.0,0.0,0.0,0.0,1.3787322044372559,0.0,0.0,0.3968341648578644,0.0,0.0,0.0,0.0,0.0,0.0,0.0,0.0,0.0,0.0,1.0031696557998657
033_S_1279,MCI,test,0.0491718053817749,2.72898268699646,0.9887029528617859,0.9882583618164062,0.0,0.0,0.0,0.2663811147212982,0.2819894850254059,0.10765594989061356,0.003709203563630581,0.0,0.0,0.0,2.1043779850006104,0.834212601184845,0.0,0.0,0.2319914847612381,0.0,1.048518180847168,0.0,2.125793933868408,0.0,0.0,0.0,0.0,1.2515162229537964,1.1450263261795044,0.6126649379730225,1.068319320678711,0.0,0.0,0.0,0.0,0.0,0.0,1.1638156175613403,0.9917523860931396,0.0,0.0,0.0,0.0,0.0,0.0,0.0,2.244807481765747,0.0,0.0,0.036959145218133926,0.0,0.11542268842458725,0.0,0.0,0.0785074308514595,0.04986710846424103,0.0,0.0,0.3885502517223358,1.9337797164916992,0.016551824286580086,0.0,0.0,0.0,1.6707854270935059,0.0,0.0,0.03592877835035324,2.1065285205841064,0.015846576541662216,0.0,0.0,0.0,0.0,0.0,0.11346643418073654,0.0,0.5851629972457886,0.007670973893254995,0.17394568026065826,0.0,1.554477572441101,0.0,0.0,0.0,0.6019984483718872,0.0,0.0,1.5826777219772339,0.0,0.12024563550949097,0.2916070222854614,0.0,0.24572958052158356,0.0,0.0,0.0,1.409994125366211,0.0,0.0,1.260949969291687,0.0,0.0,0.0,0.0,0.0,0.0,0.6397603154182434,0.9619062542915344,1.592344880104065,0.0,0.0,0.0,0.0,0.057300254702568054,0.0,0.08915728330612183,0.0,0.05495156720280647,0.2705957889556885,0.11180909723043442,0.0,1.5001410245895386,0.0,0.0,1.0915937423706055,0.0,0.0,0.0,0.5989516973495483,0.0,0.0,0.0,0.8549982905387878,0.0,0.0,0.0,0.0,0.0,0.0,0.0,0.0,0.0,0.28271856904029846,0.0,0.15060104429721832,0.0,0.0,1.4690985679626465,0.0,0.13366568088531494,0.0,0.4284764528274536,0.0,0.0,0.14118576049804688,0.0,0.0,0.0,0.3038685917854309,0.0,0.0,0.0,1.2530134916305542,0.0,0.0,0.6237743496894836,0.8406233787536621,0.0,0.0018930095247924328,0.00910742674022913,0.0,0.0,0.0,1.0896791219711304,0.18711793422698975,0.2545645534992218,0.0,0.0,0.01979260891675949,0.0,0.0,0.45163777470588684,0.8347131609916687,0.0,1.3714760541915894,0.05107102170586586,0.6896445751190186,0.0,0.0,0.0,0.0,0.0,0.6205770969390869,0.0,0.0,0.0,0.0,0.0,1.099640965461731,0.0,1.1875637769699097,0.0,0.0,0.0,0.0,0.0,0.0,0.8651097416877747,0.0,1.9685004949569702,0.0,0.0,0.0,0.0,1.1460990905761719,0.0,0.0,2.7717092037200928,0.4845414161682129,0.0,0.062246229499578476,0.23821258544921875,0.0,0.0,0.523198664188385,0.0013057730393484235,0.0,1.1522133350372314,0.09237849712371826,0.0,0.0,1.1866786479949951,2.0036847591400146,0.005725182592868805,0.0,0.0,0.0,0.0,0.0,0.0,1.2887662649154663,0.0,0.0,0.23703081905841827,0.0,0.0,0.0,0.0,0.0,0.0,0.0,0.0,0.0,0.0,0.03135284408926964
